id,base,aka,state,dma,zip,branch,category,media_type,ad_unit_size,description,vendor_1mo,vendor_3mo,vendor_6mo,vendor_12mo,vendor_production,min_term_months,active_duty,dependents,rate_card_year,last_updated,notes,review,source
AK-EIELSONA-001,Eielson AFB,,AK,Fairbanks,99702,Air Force,Digital,Digital Monitor Network,1920pxW x 1080pxH,Your static ad will appear on the indoor digital monitors in on-base facilities.,200.0,600.0,1100.0,2100.0,0.0,1,1958,2424,,,,,MasterMilitaryOnBaseList 12.2.25 NS.xlsx
AK-EIELSONA-002,Eielson AFB,,AK,Fairbanks,99702,Air Force,Digital,Outdoor Marquee,TBD,Your ad will appear on one outdoor marquee.,1000.0,3000.0,5500.0,10500.0,0.0,1,1958,2424,,,,,MasterMilitaryOnBaseList 12.2.25 NS.xlsx
AK-EIELSONA-003,Eielson AFB,,AK,Fairbanks,99702,Air Force,Standard Media,Banners,TBD,Your Banner will be hung in an approved on base facilities,1000.0,3000.0,5500.0,10500.0,200.0,1,1958,2424,,,,,MasterMilitaryOnBaseList 12.2.25 NS.xlsx
AK-EIELSONA-004,Eielson AFB,,AK,Fairbanks,99702,Air Force,Standard Media,Product Display,,Your product will be displayed at an approved installation facility.,1000.0,3000.0,5500.0,10500.0,0.0,1,1958,2424,,,,,MasterMilitaryOnBaseList 12.2.25 NS.xlsx
AK-EIELSONA-005,Eielson AFB,,AK,Fairbanks,99702,Air Force,Print & Publications,Brochure/Flyer Placement,TBD,Your brochure or flyer will be distributed in an approved installation facility.,50.0,150.0,275.0,525.0,0.0,1,1958,2424,,,,,MasterMilitaryOnBaseList 12.2.25 NS.xlsx
AK-EIELSONA-006,Eielson AFB,,AK,Fairbanks,99702,Air Force,Sponsorship & Other,Newcomers Info Fair,TBD,Newcomers Info Fair is held once a month in the Yukon Ballroom,50.0,150.0,300.0,600.0,0.0,1,1958,2424,,,,,MasterMilitaryOnBaseList 12.2.25 NS.xlsx
AK-JBERELME-001,JBER - Elmendorf AFB,Joint Base Elmendorf-Richardson,AK,Anchorage,99506,Air Force,Digital,Bowling Score Monitors,,Your ad will be shown on the monitors in the largest bowling center in the Air Force,,750.0,1500.0,3000.0,0.0,3,5504,7035,,,,,MasterMilitaryOnBaseList 12.2.25 NS.xlsx
AK-JBERELME-002,JBER - Elmendorf AFB,Joint Base Elmendorf-Richardson,AK,Anchorage,99506,Air Force,Digital,Bowling Table Tents,,Your ad will be on table tents placed on the tables in the largest bowling center in the Air Force,,600.0,1200.0,1000.0,0.0,3,5504,7035,,,,,MasterMilitaryOnBaseList 12.2.25 NS.xlsx
AK-JBERELME-003,JBER - Elmendorf AFB,Joint Base Elmendorf-Richardson,AK,Anchorage,99506,Air Force,Digital,Digital Monitor Network,,Your ad will appear on 36 digital monitors.,,800.0,1600.0,3200.0,0.0,3,5504,7035,,,,,MasterMilitaryOnBaseList 12.2.25 NS.xlsx
AK-JBERELME-004,JBER - Elmendorf AFB,Joint Base Elmendorf-Richardson,AK,Anchorage,99506,Air Force,Digital,Lane Sweepers,,Your ad will cover 40 lanes,,,,5000.0,0.0,12,5504,7035,,,,,MasterMilitaryOnBaseList 12.2.25 NS.xlsx
AK-JBERELME-005,JBER - Elmendorf AFB,Joint Base Elmendorf-Richardson,AK,Anchorage,99506,Air Force,Standard Media,Banners,,Your ad will apper in an approved installation facility.,,,1000.0,2000.0,200.0,6,5504,7035,,,,,MasterMilitaryOnBaseList 12.2.25 NS.xlsx
AK-JBERELME-006,JBER - Elmendorf AFB,Joint Base Elmendorf-Richardson,AK,Anchorage,99506,Air Force,Standard Media,Golf Tee Signs,,Your ads will appear at one hole during golf season from May - September at the Moose Run Golf Course,,,,700.0,0.0,12,5504,7035,,,,,MasterMilitaryOnBaseList 12.2.25 NS.xlsx
AK-JBERELME-007,JBER - Elmendorf AFB,Joint Base Elmendorf-Richardson,AK,Anchorage,99506,Air Force,Standard Media,Posters,"22""W x 28""H",Your ad will appear at an approved installation facility.,,300.0,600.0,1200.0,100.0,3,5504,7035,,,,,MasterMilitaryOnBaseList 12.2.25 NS.xlsx
AK-JBERELME-008,JBER - Elmendorf AFB,Joint Base Elmendorf-Richardson,AK,Anchorage,99507,Air Force,Standard Media,Posters,"24""W x 36""H",Your ad will appear at an approved installation facility.,,400.0,800.0,1600.0,101.0,3,5504,7035,,,,,MasterMilitaryOnBaseList 12.2.25 NS.xlsx
AK-JBERELME-009,JBER - Elmendorf AFB,Joint Base Elmendorf-Richardson,AK,Anchorage,99506,Air Force,Large Format,Snow Fencing,,Your ad will appear on a snow fence from November - May at Hillberg Ski Area,,,,10000.0,0.0,12,5504,7035,,,,,MasterMilitaryOnBaseList 12.2.25 NS.xlsx
AK-JBERELME-010,JBER - Elmendorf AFB,Joint Base Elmendorf-Richardson,AK,Anchorage,99506,Air Force,Print & Publications,Cabin Book Ads,,Your ad will appear in the cabin book ads seasonally (May - September),,500.0,,,0.0,3,5504,7035,,,,,MasterMilitaryOnBaseList 12.2.25 NS.xlsx
AK-JBERELME-011,JBER - Elmendorf AFB,Joint Base Elmendorf-Richardson,AK,Anchorage,99506,Air Force,Print & Publications,Golf Score Cards,,Your ads will appear on the score cards from May - September at the Moose Run Golf Course,,,,500.0,0.0,12,5504,7035,,,,,MasterMilitaryOnBaseList 12.2.25 NS.xlsx
AK-JBERELME-012,JBER - Elmendorf AFB,Joint Base Elmendorf-Richardson,AK,Anchorage,99506,Air Force,Print & Publications,Magazine Ad,Full Page,"Your ad will appear in the JBER Life! Magazine (a 40 page magazine with 5,000 copies distributed across the installation and published online)",500.0,1500.0,3000.0,6000.0,0.0,1,5504,7035,,,,,MasterMilitaryOnBaseList 12.2.25 NS.xlsx
AK-JBERELME-013,JBER - Elmendorf AFB,Joint Base Elmendorf-Richardson,AK,Anchorage,99506,Air Force,Print & Publications,Summer Outdoor Adventure Guide,,"10,000 copies combined circulated installation wide and published online. Produced once for summer and once for winter.",,,,900.0,0.0,12,5504,7035,,,,,MasterMilitaryOnBaseList 12.2.25 NS.xlsx
AK-JBERELME-014,JBER - Elmendorf AFB,Joint Base Elmendorf-Richardson,AK,Anchorage,99506,Air Force,Print & Publications,Winter Outdoor Adventure Guide,,"10,000 copies combined circulated installation wide and published online. $100 discount when you advertise in both books. Deadline: September 15",,,,700.0,0.0,12,5504,7035,,,,,MasterMilitaryOnBaseList 12.2.25 NS.xlsx
AK-JBERELME-015,JBER - Elmendorf AFB,Joint Base Elmendorf-Richardson,AK,Anchorage,99506,Air Force,Sponsorship & Other,Canopy - Golf Course,,Your ads will appear on a canopy from May - September at the Moose Run Golf Course,,,,1000.0,0.0,12,5504,7035,,,,,MasterMilitaryOnBaseList 12.2.25 NS.xlsx
AK-JBERELME-016,JBER - Elmendorf AFB,Joint Base Elmendorf-Richardson,AK,Anchorage,99506,Air Force,Sponsorship & Other,Chairlift - Ski Area,,Your ad will appear on a chairlift from November - March at the Hillberg Ski Area,,,,500.0,0.0,12,5504,7035,,,,,MasterMilitaryOnBaseList 12.2.25 NS.xlsx
AK-JBERELME-017,JBER - Elmendorf AFB,Joint Base Elmendorf-Richardson,AK,Anchorage,99506,Air Force,Sponsorship & Other,Driving Range Dividers,,Your ad will appear on a single the driving range dividers at the Moose Run Golf Course from May - September.,,,,350.0,0.0,12,5504,7035,,,,,MasterMilitaryOnBaseList 12.2.25 NS.xlsx
AK-JBERELME-018,JBER - Elmendorf AFB,Joint Base Elmendorf-Richardson,AK,Anchorage,99506,Air Force,Sponsorship & Other,Newcomers Info Bag,,Your ad will appear in the installation newcomers info bags.,,525.0,1000.0,2000.0,0.0,3,5504,7035,,,,,MasterMilitaryOnBaseList 12.2.25 NS.xlsx
AL-FORTNOVO-001,Fort Novosel,Fort Rucker,AL,Montgomery,36323,Army,Digital,Bowling Scoring Monitors,,Your ad will appear on all digital scoring monitors.,200.0,600.0,1200.0,2400.0,0.0,1,3860,5945,,,,,MasterMilitaryOnBaseList 12.2.25 NS.xlsx
AL-FORTNOVO-002,Fort Novosel,Fort Rucker,AL,Montgomery,36322,Army,Digital,Digital Monitor Network,,Your ad will appear on 11 digital monitors in approved installation facilities.,250.0,600.0,1050.0,1800.0,0.0,1,3860,5945,,,,,MasterMilitaryOnBaseList 12.2.25 NS.xlsx
AL-FORTNOVO-003,Fort Novosel,Fort Rucker,AL,Montgomery,36322,Army,Digital,Digital Signage (Gate Marquees),,"Your ad will appear on the digital gate marquees at the Ozark, Daleville, and Enterprise entrances reaching 26,000+ daily visitors.",1000.0,3000.0,6000.0,12000.0,,1,3860,5945,,,,,MasterMilitaryOnBaseList 12.2.25 NS.xlsx
AL-FORTNOVO-004,Fort Novosel,Fort Rucker,AL,Montgomery,36322,Army,Digital,Digital Signage (Gate Marquees),,"Your ad will appear on the digital gate marquees at the Ozark, Daleville, and Enterprise entrances reaching 26,000+ daily visitors plus Silver Wings Golf Club marquee.",1200.0,3600.0,7200.0,14400.0,,1,3860,5945,,,,,MasterMilitaryOnBaseList 12.2.25 NS.xlsx
AL-FORTNOVO-005,Fort Novosel,Fort Rucker,AL,Montgomery,36322,Army,Digital,Digital Signage (Gate Marquees),,Your ad will appear on the Silver Wings Golf Club outdoor digital marquee,400.0,1200.0,2400.0,4800.0,,1,3860,5945,,,,,MasterMilitaryOnBaseList 12.2.25 NS.xlsx
AL-FORTNOVO-006,Fort Novosel,Fort Rucker,AL,Montgomery,36322,Army,Standard Media,Outdoor Banner,4'W x 8'H,"Your signs will be placed on the fencing that surrounds the ball fields, Lake Tholocco, the Lemon Lot, and The Flightline.",200.0,600.0,1200.0,2400.0,200.0,1,3860,5945,,,,,MasterMilitaryOnBaseList 12.2.25 NS.xlsx
AL-FORTNOVO-007,Fort Novosel,Fort Rucker,AL,Montgomery,36322,Army,Standard Media,Outdoor Metal Sign,4'W x 8'H,"Your signs will be placed on the fencing that surrounds the ball fields, Lake Tholocco, the Lemon Lot, and The Flightline.",200.0,600.0,1200.0,2400.0,200.0,1,3860,5945,,,,,MasterMilitaryOnBaseList 12.2.25 NS.xlsx
AL-FORTNOVO-008,Fort Novosel,Fort Rucker,AL,Montgomery,36322,Army,Standard Media,Posters,,"Your posters will be placed inside high traffic facilities and MWR program locations (building 5700 Soldier Service Center, AAFES PX, Lyster Army Medical Center, Shoppette, Center Library, Arts and Crafts Center, Physical Fitness Centers, Outdoor Recreation, The Flightline, Silver Wings Golf Club, Big Mike’s, Youth Center, and the Youth Fitness Center)",100.0,300.0,600.0,1200.0,100.0,1,3860,5945,,,,,MasterMilitaryOnBaseList 12.2.25 NS.xlsx
AL-FORTNOVO-009,Fort Novosel,Fort Rucker,AL,Montgomery,36322,Army,Large Format,Indoor Vinyl Banner and Counter Wraps,Sizes Vary,"Your signs will be placed on the fencing that surrounds the ball fields, Lake Tholocco, the Lemon Lot, and The Flightline.",1000.0,3000.0,6000.0,12000.0,,1,3860,5945,,,,,MasterMilitaryOnBaseList 12.2.25 NS.xlsx
AL-FORTNOVO-010,Fort Novosel,Fort Rucker,AL,Montgomery,36322,Army,Print & Publications,Real Estate/Magazine Racks,,"Your publication will be placed at one or more of the following locations on post (AAFES PX, Soldier Service Center, Silver Wings Golf Club, Shoppette/Mini Mall, Commissary, Lyster Health Clinic) *Price is per location",,,,250.0,,12,3860,5945,,,,,MasterMilitaryOnBaseList 12.2.25 NS.xlsx
AL-FORTNOVO-011,Fort Novosel,Fort Rucker,AL,Montgomery,36322,Army,Web & Email,Facebook Page Exposure (1 post/week),1080x1080px or higher,"Your ad will appear on Fort Novosel's Facebook page reaching an audience of 23,000 and growing including military soldiers, family members, civilians, and retirees.",150.0,450.0,900.0,1000.0,0.0,1,3860,5945,,,,,MasterMilitaryOnBaseList 12.2.25 NS.xlsx
AL-FORTNOVO-012,Fort Novosel,Fort Rucker,AL,Montgomery,36322,Army,Web & Email,Facebook Page Exposure (2 posts/week),1080x1080px or higher,"Your ad will appear on Fort Novosel's Facebook page reaching an audience of 23,000 and growing including military soldiers, family members, civilians, and retirees.",250.0,750.0,1500.0,3000.0,0.0,1,3860,5945,,,,,MasterMilitaryOnBaseList 12.2.25 NS.xlsx
AL-FORTNOVO-013,Fort Novosel,Fort Rucker,AL,Montgomery,36322,Army,Web & Email,Facebook Page Exposure (3 posts/week),1080x1080px or higher,"Your ad will appear on Fort Novosel's Facebook page reaching an audience of 23,000 and growing including military soldiers, family members, civilians, and retirees.",325.0,975.0,1950.0,3900.0,0.0,1,3860,5945,,,,,MasterMilitaryOnBaseList 12.2.25 NS.xlsx
AL-FORTNOVO-014,Fort Novosel,Fort Rucker,AL,Montgomery,36322,Army,Sponsorship & Other,Welcome Packet Ad,,Your ad will appear in the Fort Novosel Welcome Packet distributed to each soldier that attends the Newcomer's Welcome Briefing.,,200.0,300.0,500.0,0.0,3,3860,5945,,,,,MasterMilitaryOnBaseList 12.2.25 NS.xlsx
AL-MAXWELLA-001,Maxwell AFB (Incl. Gunter),Maxwell-Gunter AFB,AL,Montgomery-Selma,36112,Air Force,Digital,Bowling Center Monitors,,Your static ad will appear on 10 monitors in the on-base Gunter Lanes,,300.0,500.0,900.0,0.0,3,3012,5336,,,,Source formula errors,MasterMilitaryOnBaseList 12.2.25 NS.xlsx
AL-MAXWELLA-002,Maxwell AFB (Incl. Gunter),Maxwell-Gunter AFB,AL,Montgomery-Selma,36112,Air Force,Digital,Digital Kiosk Network,1080pxW x 1920pxH,"Your ad will appear on digital screens in high traffic areas on Maxwell and Gunter. (Screens located at the Airman & Family Readiness Center, Range 42 Bar & Grill, Maxwell Club and Event Center, Aviation Cadet Pool, Rickenbacker’s Coffee Shop, Hangar 42 Coffee Shop, University Inn/Lodging, Military Personnel Flight Section Lobbies, Outdoor Recreation Office, Fitness Centers, Child Development Centers, Maxwell and Gunter Youth Centers and Gunter Lanes)",200.0,500.0,900.0,1500.0,0.0,1,3012,5336,,,,,MasterMilitaryOnBaseList 12.2.25 NS.xlsx
AL-MAXWELLA-003,Maxwell AFB (Incl. Gunter),Maxwell-Gunter AFB,AL,Montgomery-Selma,36112,Air Force,Digital,Digital Monitor Network,1632oxW x 864pxH,"Your ad will appear on digital screens in high traffic areas on Maxwell and Gunter. (Screens located at the Airman & Family Readiness Center, Range 42 Bar & Grill, Maxwell Club and Event Center, Aviation Cadet Pool, Rickenbacker’s Coffee Shop, Hangar 42 Coffee Shop, University Inn/Lodging, Military Personnel Flight Section Lobbies, Outdoor Recreation Office, Fitness Centers, Child Development Centers, Maxwell and Gunter Youth Centers and Gunter Lanes)",200.0,500.0,900.0,1500.0,0.0,1,3012,5336,,,,,MasterMilitaryOnBaseList 12.2.25 NS.xlsx
AL-MAXWELLA-004,Maxwell AFB (Incl. Gunter),Maxwell-Gunter AFB,AL,Montgomery-Selma,36112,Air Force,Print & Publications,Weekly Newsletter Ad,580pxW x 325pxH,Your ad will appear in the Life at the Max newsletter. Ad will contain a click-through link to the advertiser's website. Price is for 4 issues,60.0,180.0,360.0,720.0,0.0,1,3012,5336,,,,,MasterMilitaryOnBaseList 12.2.25 NS.xlsx
AL-REDSTONE-001,Redstone Arsenal,,AL,Huntsville-Decatur (Flor),35898,Army,Digital,Bowling Scoring Monitors,,Your ad will appear on 32 digital bowling scoring monitors.,1000.0,2500.0,4000.0,6000.0,0.0,1,588,1518,,,,,MasterMilitaryOnBaseList 12.2.25 NS.xlsx
AL-REDSTONE-002,Redstone Arsenal,,AL,Huntsville-Decatur (Flor),35898,Army,Digital,Digital Billboard Static Ad,200pxW x 500pxH,Your ad will appear on the digital billboard located at Gate 9/Goss Road.,3000.0,4000.0,8000.0,16000.0,0.0,1,588,1518,,,,,MasterMilitaryOnBaseList 12.2.25 NS.xlsx
AL-REDSTONE-003,Redstone Arsenal,,AL,Huntsville-Decatur (Flor),35898,Army,Digital,Digital Billboard Video Ad,30FPS / H.264,Your ad will appear on the digital billboard located at Gate 9/Goss Road.,4000.0,5000.0,9000.0,17000.0,0.0,1,588,1518,,,,,MasterMilitaryOnBaseList 12.2.25 NS.xlsx
AL-REDSTONE-004,Redstone Arsenal,,AL,Huntsville-Decatur (Flor),35898,Army,Digital,Digital Monitor Network,1080pxW x 807pxW,Your ad will appear on digital monitors in approved installation facilities.,4000.0,6000.0,8000.0,10000.0,0.0,1,588,1518,,,,,MasterMilitaryOnBaseList 12.2.25 NS.xlsx
AL-REDSTONE-005,Redstone Arsenal,,AL,Huntsville-Decatur (Flor),35898,Army,Digital,Pin Sweeps,,Your ad will appear on 32 pin sweeps in the Redstone Bowling Lanes,,,2500.0,4000.0,0.0,6,588,1518,,,,,MasterMilitaryOnBaseList 12.2.25 NS.xlsx
AL-REDSTONE-006,Redstone Arsenal,,AL,Huntsville-Decatur (Flor),35898,Army,Standard Media,Banner,3'x5',Your ad will appear in an approved installation facility.,1000.0,2000.0,3000.0,3000.0,200.0,1,588,1518,,,,,MasterMilitaryOnBaseList 12.2.25 NS.xlsx
AL-REDSTONE-007,Redstone Arsenal,,AL,Huntsville-Decatur (Flor),35898,Army,Standard Media,Framed Poster,"22""W x 28""H",Your ad will appear in an approved installation facility.,400.0,800.0,1000.0,3000.0,100.0,1,588,1518,,,,,MasterMilitaryOnBaseList 12.2.25 NS.xlsx
AL-REDSTONE-008,Redstone Arsenal,,AL,Huntsville-Decatur (Flor),35898,Army,Standard Media,Lightbox Advertisement,,Your ad will appear on a Lightbox Sign at an extrance or exit.,1000.0,2000.0,3000.0,4000.0,0.0,1,588,1518,,,,,MasterMilitaryOnBaseList 12.2.25 NS.xlsx
AL-REDSTONE-009,Redstone Arsenal,,AL,Huntsville-Decatur (Flor),35898,Army,Standard Media,Tee Marker Set,"12""W x 12""H",Your ad will appear on a Tee Marker Set at The Links at Redstone,,,,2000.0,,12,588,1518,,,,,MasterMilitaryOnBaseList 12.2.25 NS.xlsx
AL-REDSTONE-010,Redstone Arsenal,,AL,Huntsville-Decatur (Flor),35898,Army,Large Format,Beverage Cart Wraps,,Your ad will appear on a beverage cart wrap at The Links at Redstone,,,,5000.0,0.0,12,588,1518,,,,,MasterMilitaryOnBaseList 12.2.25 NS.xlsx
AL-REDSTONE-011,Redstone Arsenal,,AL,Huntsville-Decatur (Flor),35898,Army,Large Format,Counter Wrap,TBD,Your ad will appear in an approved installation facility.,3000.0,4000.0,6000.0,8000.0,,1,588,1518,,,,,MasterMilitaryOnBaseList 12.2.25 NS.xlsx
AL-REDSTONE-012,Redstone Arsenal,,AL,Huntsville-Decatur (Flor),35898,Army,Large Format,Window Clings,,Your ad will appear in one location as a window cling.,,,,12000.0,0.0,12,588,1518,,,,,MasterMilitaryOnBaseList 12.2.25 NS.xlsx
AL-REDSTONE-013,Redstone Arsenal,,AL,Huntsville-Decatur (Flor),35898,Army,Print & Publications,Brochure/Insert,,Your ad will appear in a brochure / flyer distributed at 4 approved installation facilities.,800.0,1200.0,1600.0,2000.0,,1,588,1518,,,,,MasterMilitaryOnBaseList 12.2.25 NS.xlsx
AL-REDSTONE-014,Redstone Arsenal,,AL,Huntsville-Decatur (Flor),35898,Army,Sponsorship & Other,Wi-Fi Splash Page,400pxW x 150pxH,Your ad will appear on the Wi-Fi Splash Page which anyone accessing Wi-Fi on-base must visit.,4000.0,5000.0,7000.0,9000.0,0.0,1,588,1518,,,,,MasterMilitaryOnBaseList 12.2.25 NS.xlsx
AR-FORTNOVO-001,Fort Novosel,Fort Rucker,AR,Montgomery,36322,Army,Print & Publications,Welcome Guide Ad,Full Page,"Your ad will appear in the Fort Novosel Family & MWR Welcome Guide distributed in all Family & MWR Facilities, Welcome Packets, Soldiers' units, Area Chambers of Commerce, and Welcome Centers.",,,,1800.0,0.0,12,3860,5945,,,,,MasterMilitaryOnBaseList 12.2.25 NS.xlsx
AR-LITTLERO-001,Little Rock AFB,,AR,Little Rock-Pine Bluff,72099,Air Force,Digital,Bowling Lane Sweepers,"Lanes 1-8: 44""W x 3.5""H, Lanes 9-24: 47.5""W x 4.5""H",Your ad will appear on lane sweepers at the Little Rock AFB bowling center,,600.0,800.0,1600.0,,3,3536,4572,,,,,MasterMilitaryOnBaseList 12.2.25 NS.xlsx
AR-LITTLERO-002,Little Rock AFB,,AR,Little Rock-Pine Bluff,72099,Air Force,Digital,Bowling Scoring Monitors,2775pxW x 1575pxH and 1080pxW x 1920pxH,Your ad will appear on 48 digital scoring monitors.,90.0,255.0,500.0,1000.0,,1,3536,4572,,,,,MasterMilitaryOnBaseList 12.2.25 NS.xlsx
AR-LITTLERO-003,Little Rock AFB,,AR,Little Rock-Pine Bluff,72099,Air Force,Digital,"Bowling Special (Full service table tents, shoe ad s, and digital screen placement on the bowling alley monitors)",,Your ads will appear on table tents and bowling alley monitors and promo materials will be given away with rented shoes,,635.0,845.0,,0.0,3,3536,4572,,,,,MasterMilitaryOnBaseList 12.2.25 NS.xlsx
AR-LITTLERO-004,Little Rock AFB,,AR,Little Rock-Pine Bluff,72099,Air Force,Digital,Digital Monitor Network,2775pxW x 1575pxH and 1080pxW x 1920pxH,Your ad will appear on digital monitors throughout the Little Rock AFB in high traffic areas,440.0,1300.0,1500.0,3000.0,0.0,1,3536,4572,,,,,MasterMilitaryOnBaseList 12.2.25 NS.xlsx
AR-LITTLERO-005,Little Rock AFB,,AR,Little Rock-Pine Bluff,72099,Air Force,Digital,Lodging Digital Monitor Network,"2,775W x 1,575H px (High res JPG or PDF, max of 300 dpi)",Your ad will appear on monitors located in all 196 rooms across seven lodging buildings,275.0,800.0,1500.0,3000.0,0.0,1,3536,4572,,,,,MasterMilitaryOnBaseList 12.2.25 NS.xlsx
AR-LITTLERO-006,Little Rock AFB,,AR,Little Rock-Pine Bluff,72099,Air Force,Digital,Shoe Rental Promotional materials (Full service),,"Your promotional materials will be handed out with every pair of bowling shoes rented (Full service: the Little Rock AFB team takes care of design, production, and ensures compliance)",215.0,385.0,595.0,1190.0,,1,3536,4572,,,,,MasterMilitaryOnBaseList 12.2.25 NS.xlsx
AR-LITTLERO-007,Little Rock AFB,,AR,Little Rock-Pine Bluff,72099,Air Force,Standard Media,Banners,6'W x 3'H,Your ad will appear at an approved installation facility.,140.0,275.0,500.0,1000.0,200.0,1,3536,4572,,,,,MasterMilitaryOnBaseList 12.2.25 NS.xlsx
AR-LITTLERO-008,Little Rock AFB,,AR,Little Rock-Pine Bluff,72099,Air Force,Standard Media,Posters,"24""W x 29""H",Your ad will appear at an approved installation facility.,140.0,275.0,500.0,1000.0,100.0,1,3536,4572,,,,,MasterMilitaryOnBaseList 12.2.25 NS.xlsx
AR-LITTLERO-009,Little Rock AFB,,AR,Little Rock-Pine Bluff,72099,Air Force,Standard Media,Table Tents (Full Service),,"Your ad will appear on table tents on every table in the bowling alley (Full Service: the Little Rock AFB team takes care of design, table tents, and ensures compliance)",220.0,390.0,600.0,1200.0,,1,3536,4572,,,,,MasterMilitaryOnBaseList 12.2.25 NS.xlsx
AR-LITTLERO-010,Little Rock AFB,,AR,Little Rock-Pine Bluff,72099,Air Force,Large Format,Counter Wrap (Auto Hobby),,Your ad will appear on a counter wrap in the Auto Hobby facility,,,,1500.0,,12,3536,4572,,,,,MasterMilitaryOnBaseList 12.2.25 NS.xlsx
AR-LITTLERO-011,Little Rock AFB,,AR,Little Rock-Pine Bluff,72099,Air Force,Large Format,Counter Wrap (Fitness Center),,Your ad will appear on a counter wrap in the Little Rock AFB Fitness Center,,,,3000.0,,12,3536,4572,,,,,MasterMilitaryOnBaseList 12.2.25 NS.xlsx
AR-LITTLERO-012,Little Rock AFB,,AR,Little Rock-Pine Bluff,72099,Air Force,Large Format,Counter Wrap (Hangar 1080),,Your ad will appear on a counter wrap in Hangar 1080,,,,1500.0,,12,3536,4572,,,,,MasterMilitaryOnBaseList 12.2.25 NS.xlsx
AR-LITTLERO-013,Little Rock AFB,,AR,Little Rock-Pine Bluff,72099,Air Force,Large Format,Counter Wrap (Outdoor Recreation),,Your ad will appear on a counter wrap in the Little Rock AFB Outdoor Recreation facility,,,,1500.0,,12,3536,4572,,,,,MasterMilitaryOnBaseList 12.2.25 NS.xlsx
AR-LITTLERO-014,Little Rock AFB,,AR,Little Rock-Pine Bluff,72099,Air Force,Large Format,Window Clings (Fitness Center),,Your ad will appear on a window cling on the Fitness Center front door,,350.0,700.0,1400.0,,3,3536,4572,,,,,MasterMilitaryOnBaseList 12.2.25 NS.xlsx
AR-LITTLERO-015,Little Rock AFB,,AR,Little Rock-Pine Bluff,72099,Air Force,Large Format,Window Clings (Outdoor Recreation),,Your ad will appear on a window cling on the Outdoor Recreation front door,,200.0,400.0,800.0,,3,3536,4572,,,,,MasterMilitaryOnBaseList 12.2.25 NS.xlsx
AR-LITTLERO-016,Little Rock AFB,,AR,Little Rock-Pine Bluff,72099,Air Force,Large Format,Window Clings (Skills Center),,Your ad will appear on a window cling on the Skills Center front door,,200.0,400.0,800.0,,3,3536,4572,,,,,MasterMilitaryOnBaseList 12.2.25 NS.xlsx
AR-LITTLERO-017,Little Rock AFB,,AR,Little Rock-Pine Bluff,72099,Air Force,Web & Email,E-Newsletter,"728W x 210H px (High res JPG or PDF, max of 150 dpi)","Your ad will appear in the ""Rockin' Rundown"" E-Newsletter, sent out on a weekly basis",150.0,320.0,530.0,1060.0,0.0,1,3536,4572,,,,,MasterMilitaryOnBaseList 12.2.25 NS.xlsx
AR-LITTLERO-018,Little Rock AFB,,AR,Little Rock-Pine Bluff,72099,Air Force,Sponsorship & Other,Newcomers Orientation Promo Materials,,Your promotional materials (ranging from pamphlets to brand-labelled goodies) will be given out to new Airmen and their families at the bi-weekly newcomers orientations,,300.0,500.0,800.0,,3,3536,4572,,,,,MasterMilitaryOnBaseList 12.2.25 NS.xlsx
AZ-FORTNOVO-001,Fort Novosel,Fort Rucker,AZ,Montgomery,36322,Army,Print & Publications,Restaurant & Entertainment Guide,Full Page,Your ad will appear in the Restaurant & Entertainment Guide. This is one of the only opportunities for off post restaurants and entertainment facilities to advertise on Fort Novosel. Distributed at the Newcomer's Welcome Briefing and inside multiple MWR facilities throughout the year.,,,,1800.0,0.0,12,3860,5945,,,,,MasterMilitaryOnBaseList 12.2.25 NS.xlsx
AZ-LUKEAFB-001,Luke AFB,,AZ,Phoenix (Prescott),85309,Air Force,Digital,Base Theatre Preview,1920pxW x1080pxH,Your ad will appear as a Base Theatre Preview,200.0,150.0,100.0,200.0,0.0,1,4607,5689,,,,,MasterMilitaryOnBaseList 12.2.25 NS.xlsx
AZ-LUKEAFB-002,Luke AFB,,AZ,Phoenix (Prescott),85309,Air Force,Digital,Digital Monitors,"12"" tall x 21' wide (No Bleed)",Your ad will appear on digtal monitors in Luke AFB facilities,400.0,350.0,300.0,600.0,0.0,1,4607,5689,,,,,MasterMilitaryOnBaseList 12.2.25 NS.xlsx
AZ-LUKEAFB-003,Luke AFB,,AZ,Phoenix (Prescott),85309,Air Force,Standard Media,Banners,6'W x 3'H,Your ad will appear on a banner in Luke AFB facilities,400.0,350.0,300.0,600.0,200.0,1,4607,5689,,,,,MasterMilitaryOnBaseList 12.2.25 NS.xlsx
AZ-LUKEAFB-004,Luke AFB,,AZ,Phoenix (Prescott),85309,Air Force,Standard Media,Golf Cart Pacard/Cart,"5""W x7.5""H (No Bleed)",Your ad will appear on a golf cart placard on the Luke AFB golf course,350.0,300.0,250.0,500.0,0.0,1,4607,5689,,,,,MasterMilitaryOnBaseList 12.2.25 NS.xlsx
AZ-LUKEAFB-005,Luke AFB,,AZ,Phoenix (Prescott),85309,Air Force,Standard Media,Posters,"22""W x 28""H (No Bleed)",Your ad will appear in an approved installation facility.,250.0,200.0,150.0,300.0,100.0,1,4607,5689,,,,,MasterMilitaryOnBaseList 12.2.25 NS.xlsx
AZ-LUKEAFB-006,Luke AFB,,AZ,Phoenix (Prescott),85309,Air Force,Print & Publications,Magazine Ad - Back Cover,"8""W x10.25""H (No Bleed), 8.5""W x11""H (Bleed)","Your ad will appear on the back cover of ""The Bolt"" Magazine.",800.0,,,,,1,4607,5689,,,,,MasterMilitaryOnBaseList 12.2.25 NS.xlsx
AZ-LUKEAFB-007,Luke AFB,,AZ,Phoenix (Prescott),85309,Air Force,Print & Publications,Magazine Ad - Full Page,"8""W x10.25""H (No Bleed), 8.5""W x11""H (Bleed)","Your ad will appear as a full page inside ""The Bolt"" Magazine.",650.0,600.0,550.0,,0.0,1,4607,5689,,,,,MasterMilitaryOnBaseList 12.2.25 NS.xlsx
AZ-LUKEAFB-008,Luke AFB,,AZ,Phoenix (Prescott),85309,Air Force,Print & Publications,Magazine Ad - Half Page,"8""W x10.25""H (No Bleed), 8.5""W x11""H (Bleed)","Your ad will appear as a half page inside ""The Bolt"" Magazine.",550.0,500.0,450.0,,0.0,1,4607,5689,,,,,MasterMilitaryOnBaseList 12.2.25 NS.xlsx
AZ-LUKEAFB-009,Luke AFB,,AZ,Phoenix (Prescott),85309,Air Force,Print & Publications,Magazine Ad - Inside Cover,"8""W x10.25""H (No Bleed), 8.5""W x11""H (Bleed)","Your ad will appear on the inside cover of ""The Bolt"" Magazine.",700.0,,,,0.0,1,4607,5689,,,,,MasterMilitaryOnBaseList 12.2.25 NS.xlsx
AZ-LUKEAFB-010,Luke AFB,,AZ,Phoenix (Prescott),85309,Air Force,Print & Publications,Magazine Ad - Quarter Page,"8""W x10.25""H (No Bleed), 8.5""W x11""H (Bleed)","Your ad will appear as a quarter page inside ""The Bolt"" Magazine.",350.0,300.0,250.0,,0.0,1,4607,5689,,,,,MasterMilitaryOnBaseList 12.2.25 NS.xlsx
AZ-LUKEAFB-011,Luke AFB,,AZ,Phoenix (Prescott),85309,Air Force,Sponsorship & Other,Golf Course/Hole,"4""Wx12""H (No Bleed)",Your ad will appear at a selected hole(s) on the Luke AFB golf course,350.0,300.0,250.0,500.0,,1,4607,5689,,,,,MasterMilitaryOnBaseList 12.2.25 NS.xlsx
AZ-YUMAMCAS-001,Yuma MCAS,,AZ,Yuma-El Centro,85369,Marine Corps,Digital,Digital Monitor Network,"1920pxW x1080pxH (JPG, PNG, MP4)",Your ad will run on screens across MCAS Yuma in high traffic areas.,750.0,2250.0,4500.0,9000.0,0.0,1,4946,4702,,,,,MasterMilitaryOnBaseList 12.2.25 NS.xlsx
AZ-YUMAMCAS-002,Yuma MCAS,,AZ,Yuma-El Centro,85369,Marine Corps,Digital,External Base Marquees,"624pxW x 260pxH (JPG, AVI, MP4)",Your ad will be featured on Digital Marquee facing the city intersection of Ave 3 East & 32nd St (3-sided),1000.0,3000.0,6000.0,12000.0,0.0,1,4946,4702,,,,,MasterMilitaryOnBaseList 12.2.25 NS.xlsx
AZ-YUMAMCAS-003,Yuma MCAS,,AZ,Yuma-El Centro,85369,Marine Corps,Digital,Internal Base Marquees,"126pxW x 72pxH (JPG, AVI, MP4)",Your ad will be featured on Digital Marquee featuring upcoming base events in 6 locations on MCAS Yuma.,750.0,2250.0,4500.0,9000.0,0.0,1,4946,4702,,,,,MasterMilitaryOnBaseList 12.2.25 NS.xlsx
AZ-YUMAMCAS-004,Yuma MCAS,,AZ,Yuma-El Centro,85369,Marine Corps,Digital,Movie Theater Slide,"1920pxW x1080pxH (JPG, PNG, MP4)",Your ad will appear in a 30-minute slideshow that shows before every movie at the Sunset Movie Theater on-base.,250.0,750.0,1500.0,3000.0,0.0,1,4946,4702,,,,,MasterMilitaryOnBaseList 12.2.25 NS.xlsx
AZ-YUMAMCAS-005,Yuma MCAS,,AZ,Yuma-El Centro,85369,Marine Corps,Standard Media,Banners,3'75'W x 7.75'H,Your ad will appear in an approved installation facility.,350.0,1050.0,2100.0,4200.0,200.0,1,4946,4702,,,,,MasterMilitaryOnBaseList 12.2.25 NS.xlsx
AZ-YUMAMCAS-006,Yuma MCAS,,AZ,Yuma-El Centro,85369,Marine Corps,Web & Email,Email Newsletter,"570pxW x325pxH (PNG, JPG)","Your ad will appear in the MCCS Email Newsletter under the ""Highlights MCCS Yuma Happenings"".",100.0,,,,,1,4946,4702,,,,Source formula errors,MasterMilitaryOnBaseList 12.2.25 NS.xlsx
CA-29PALMSM-001,29 Palms MC Air/Ground Combat Center,,CA,Los Angeles,92278,Marine Corps,Digital,Commercial,TBD,Your ad will appear on 2 digital poster stands,,,,,,,,,,,,No price on file - inquire,MasterMilitaryOnBaseList 12.2.25 NS.xlsx
CA-29PALMSM-002,29 Palms MC Air/Ground Combat Center,,CA,Los Angeles,92278,Marine Corps,Digital,Digital Kiosk Network,43” digital displays,Your ad will appear on 10 digital kiosks network in approved installation facilities. (Please note this network this can be sold as singles.),5000.0,9000.0,18000.0,36000.0,0.0,1,,,2023,,,Rate card older than 2025 - reconfirm,MasterMilitaryOnBaseList 12.2.25 NS.xlsx
CA-29PALMSM-003,29 Palms MC Air/Ground Combat Center,,CA,Los Angeles,92278,Marine Corps,Digital,Digital Marquee,TBD,Your ad will appear at the Adobe/Del Valle digital marquee near the Main Gate.,250.0,750.0,1500.0,3000.0,0.0,1,,,2023,,,Rate card older than 2025 - reconfirm,MasterMilitaryOnBaseList 12.2.25 NS.xlsx
CA-29PALMSM-004,29 Palms MC Air/Ground Combat Center,,CA,Los Angeles,92278,Marine Corps,Digital,Digital Marquee,TBD,Your ad will appear at the 6th St/Del Valle digital marquee (double sided) or the Coyote Grill digital marquee (double sided).,200.0,600.0,1200.0,2400.0,0.0,1,,,2023,,,Rate card older than 2025 - reconfirm,MasterMilitaryOnBaseList 12.2.25 NS.xlsx
CA-29PALMSM-005,29 Palms MC Air/Ground Combat Center,,CA,Los Angeles,92278,Marine Corps,Digital,Digital Monitor Network,TBD,Your ad will appear on the digital monitor network in approved installation facilities.,600.0,1800.0,3600.0,7200.0,0.0,1,,,,,,,MasterMilitaryOnBaseList 12.2.25 NS.xlsx
CA-29PALMSM-006,29 Palms MC Air/Ground Combat Center,,CA,Los Angeles,92278,Marine Corps,Standard Media,Banners,8'W x 3'H,Your ad will appear at an approved installation facility.,250.0,750.0,1500.0,3000.0,250.0,1,,,2023,,,Rate card older than 2025 - reconfirm,MasterMilitaryOnBaseList 12.2.25 NS.xlsx
CA-29PALMSM-007,29 Palms MC Air/Ground Combat Center,,CA,Los Angeles,92278,Marine Corps,Large Format,Banner - Main Gate,"12'W x 12""H",Your ad will appear at the main installation gate.,1100.0,3300.0,5700.0,10200.0,,1,,,2023,,,Rate card older than 2025 - reconfirm,MasterMilitaryOnBaseList 12.2.25 NS.xlsx
CA-29PALMSM-008,29 Palms MC Air/Ground Combat Center,,CA,Los Angeles,92278,Marine Corps,Large Format,Banner - Other Gates,7.5'W x 12'H,Your ad will appear at the Condor or Ocotillo installation gate.,1000.0,3000.0,5100.0,9000.0,,1,,,2023,,,Rate card older than 2025 - reconfirm,MasterMilitaryOnBaseList 12.2.25 NS.xlsx
CA-29PALMSM-009,29 Palms MC Air/Ground Combat Center,,CA,Los Angeles,92278,Marine Corps,Large Format,Counter Wrap,TBD,Your ad will appear on the fitness center desk as a wrap.,1000.0,3000.0,6000.0,12000.0,,1,,,2023,,,Rate card older than 2025 - reconfirm,MasterMilitaryOnBaseList 12.2.25 NS.xlsx
CA-29PALMSM-010,29 Palms MC Air/Ground Combat Center,,CA,Los Angeles,92278,Marine Corps,Large Format,Field Banners,8'W x 4'H,Your ad will appear at the Premier location facing Adobe Road.,2000.0,2400.0,2800.0,3600.0,,1,,,2023,,,Rate card older than 2025 - reconfirm,MasterMilitaryOnBaseList 12.2.25 NS.xlsx
CA-29PALMSM-011,29 Palms MC Air/Ground Combat Center,,CA,Los Angeles,92278,Marine Corps,Large Format,Field Banners,8'W x 4'H,Your ad will appear at the Felix Athletic Field parking area.,600.0,750.0,900.0,1050.0,,1,,,2023,,,Rate card older than 2025 - reconfirm,MasterMilitaryOnBaseList 12.2.25 NS.xlsx
CA-29PALMSM-012,29 Palms MC Air/Ground Combat Center,,CA,Los Angeles,92278,Marine Corps,Large Format,Large Banners,Custom,Your large banner will appear at an approved installation facility.,,,,,,,,,2023,,,No price on file - inquire; Source formula errors; Rate card older than 2025 - reconfirm,MasterMilitaryOnBaseList 12.2.25 NS.xlsx
CA-29PALMSM-013,29 Palms MC Air/Ground Combat Center,,CA,Los Angeles,92278,Marine Corps,Large Format,Road Side Signs,TBD,Your ad will appear as a set (consists of 3 panels) on road side signs.,800.0,2400.0,4800.0,9600.0,,1,,,2023,,,Rate card older than 2025 - reconfirm,MasterMilitaryOnBaseList 12.2.25 NS.xlsx
CA-29PALMSM-014,29 Palms MC Air/Ground Combat Center,,CA,Los Angeles,92278,Marine Corps,Large Format,Vehicle Wrap,TBD,Your ad will appear on 3 installation buses,1500.0,4500.0,9000.0,18000.0,,1,,,2023,,,Rate card older than 2025 - reconfirm,MasterMilitaryOnBaseList 12.2.25 NS.xlsx
CA-29PALMSM-015,29 Palms MC Air/Ground Combat Center,,CA,Los Angeles,92278,Marine Corps,Large Format,Wall Graphic,TBD,Your ad will appear on the exteriour of one high traffic approved installation facility.,1000.0,3000.0,6000.0,12000.0,,1,,,2023,,,Rate card older than 2025 - reconfirm,MasterMilitaryOnBaseList 12.2.25 NS.xlsx
CA-29PALMSM-016,29 Palms MC Air/Ground Combat Center,,CA,Los Angeles,92278,Marine Corps,Large Format,Wall Graphic,TBD,Your ad will appear on the exteriour of one high traffic approved installation facility.,1000.0,3000.0,6000.0,12000.0,,1,,,2023,,,Rate card older than 2025 - reconfirm,MasterMilitaryOnBaseList 12.2.25 NS.xlsx
CA-29PALMSM-017,29 Palms MC Air/Ground Combat Center,,CA,Los Angeles,92278,Marine Corps,Large Format,Window Cling,TBD,Your ad will appear in the Wilbur Gym or Education Center entrance.,1200.0,3600.0,7200.0,14400.0,,1,,,2023,,,Rate card older than 2025 - reconfirm,MasterMilitaryOnBaseList 12.2.25 NS.xlsx
CA-29PALMSM-018,29 Palms MC Air/Ground Combat Center,,CA,Los Angeles,92278,Marine Corps,Large Format,Window Cling,TBD,Your ad will appear in a Marine Mart window.,1000.0,3000.0,6000.0,12000.0,,1,,,2023,,,Rate card older than 2025 - reconfirm,MasterMilitaryOnBaseList 12.2.25 NS.xlsx
CA-29PALMSM-019,29 Palms MC Air/Ground Combat Center,,CA,Los Angeles,92278,Marine Corps,Large Format,Window Cling,TBD,Your ad will appear in the Fitness Facility or Sunset Cinema entrance.,800.0,2400.0,4800.0,9600.0,,1,,,2023,,,Rate card older than 2025 - reconfirm,MasterMilitaryOnBaseList 12.2.25 NS.xlsx
CA-29PALMSM-020,29 Palms MC Air/Ground Combat Center,,CA,Los Angeles,92278,Marine Corps,Print & Publications,Annual Guide,TBD,Your ad will appear in the annual installation guide as a full page ad.,,,,1050.0,0.0,12,,,2023,,,Source formula errors; Rate card older than 2025 - reconfirm,MasterMilitaryOnBaseList 12.2.25 NS.xlsx
CA-29PALMSM-021,29 Palms MC Air/Ground Combat Center,,CA,Los Angeles,92278,Marine Corps,Web & Email,E-Newsletter,TBD,Your ad will appear in the bi-weekly e-newsletter.,,,900.0,1600.0,0.0,6,,,2023,,,Source formula errors; Rate card older than 2025 - reconfirm,MasterMilitaryOnBaseList 12.2.25 NS.xlsx
CA-BEALEAFB-001,Beale AFB,,CA,Sacramnto-Stkton-Modesto,95903,Air Force,Digital,Digital Monitor Network,"1280pxW x 720pxH, 72 PDI",Your ad will appear on the digital monitor network in approved installation facilities.,100.0,300.0,600.0,960.0,0.0,1,,,,,,,MasterMilitaryOnBaseList 12.2.25 NS.xlsx
CA-BEALEAFB-002,Beale AFB,,CA,Sacramnto-Stkton-Modesto,95903,Air Force,Digital,Digital Monitor Network,1280pxW x 720pxH,Your ad will appear on the digital monitor network in approved installation facilities.,100.0,300.0,600.0,960.0,0.0,1,,,,,,,MasterMilitaryOnBaseList 12.2.25 NS.xlsx
CA-BEALEAFB-003,Beale AFB,,CA,Sacramnto-Stkton-Modesto,95903,Air Force,Standard Media,Banner,6'W x 3'H,Your ad will appear at or in an approved installation facility.,200.0,600.0,1200.0,1920.0,200.0,1,,,,,,,MasterMilitaryOnBaseList 12.2.25 NS.xlsx
CA-BEALEAFB-004,Beale AFB,,CA,Sacramnto-Stkton-Modesto,95903,Air Force,Standard Media,Banners,6'W x 3'H,Your ad will appear in an approved installation facility.,200.0,600.0,1200.0,1920.0,200.0,1,,,,,,,MasterMilitaryOnBaseList 12.2.25 NS.xlsx
CA-BEALEAFB-005,Beale AFB,,CA,Sacramnto-Stkton-Modesto,95903,Air Force,Standard Media,Posters,"24""W x 36""H",Your ad will appear in an approved installation facility.,200.0,600.0,1200.0,1920.0,100.0,1,,,,,,,MasterMilitaryOnBaseList 12.2.25 NS.xlsx
CA-BEALEAFB-006,Beale AFB,,CA,Sacramnto-Stkton-Modesto,95903,Air Force,Standard Media,Posters,"24""W x 36""H",Your ad will appear in an approved installation facility.,200.0,600.0,1200.0,1920.0,100.0,1,,,,,,,MasterMilitaryOnBaseList 12.2.25 NS.xlsx
CA-BEALEAFB-007,Beale AFB,,CA,Sacramnto-Stkton-Modesto,95903,Air Force,Large Format,Counterwrap,TBD,Available upon request,,,,,,,,,,,,No price on file - inquire,MasterMilitaryOnBaseList 12.2.25 NS.xlsx
CA-BEALEAFB-008,Beale AFB,,CA,Sacramnto-Stkton-Modesto,95903,Air Force,Print & Publications,Magazine,"5""W x 7.5""H",Your ad will appear in the Reece Magazine as a full page ad.,300.0,900.0,1800.0,2880.0,0.0,1,,,,,,,MasterMilitaryOnBaseList 12.2.25 NS.xlsx
CA-BEALEAFB-009,Beale AFB,,CA,Sacramnto-Stkton-Modesto,95903,Air Force,Sponsorship & Other,Car Placement,TBD,Available upon request,,,,,,,,,,,,No price on file - inquire,MasterMilitaryOnBaseList 12.2.25 NS.xlsx
CA-BEALEAFB-010,Beale AFB,,CA,Sacramnto-Stkton-Modesto,95903,Air Force,Sponsorship & Other,Flier Advertising,TBD,Available upon request,,,,,,,,,,,,No price on file - inquire,MasterMilitaryOnBaseList 12.2.25 NS.xlsx
CA-CAMPPEND-001,Camp Pendleton,,CA,San Diego,92055,Marine Corps,Digital,Digital Monitor Network,TBD,Your ad will appear on 130 digital monitors in approved installation facilities.,5000.0,15000.0,30000.0,60000.0,0.0,1,39690,31010,,,,,MasterMilitaryOnBaseList 12.2.25 NS.xlsx
CA-CAMPPEND-002,Camp Pendleton,,CA,San Diego,92055,Marine Corps,Digital,Gate Marquees,TBD,Your ad will appear at 7 installation gates.,5000.0,15000.0,30000.0,60000.0,0.0,1,39690,31010,,,,,MasterMilitaryOnBaseList 12.2.25 NS.xlsx
CA-CAMPPEND-003,Camp Pendleton,,CA,San Diego,92055,Marine Corps,Digital,Movie Theater OR MCX Marquee,TBD,Your ad will appear at the movie theater OR MCX marquee.,2500.0,7500.0,15000.0,30000.0,0.0,1,39690,31010,,,,,MasterMilitaryOnBaseList 12.2.25 NS.xlsx
CA-CAMPPEND-004,Camp Pendleton,,CA,San Diego,92055,Marine Corps,Digital,Roadside Marquees,TBD,Your ad will appear at 7 approved date entrances on the facility grounds.,5000.0,15000.0,30000.0,60000.0,0.0,1,39690,31010,,,,,MasterMilitaryOnBaseList 12.2.25 NS.xlsx
CA-CAMPPEND-005,Camp Pendleton,,CA,San Diego,92055,Marine Corps,Digital,Theater Marquees,TBD,Your ad will appear on the Theater Marquee on facility grounds.,2500.0,7500.0,15000.0,30000.0,0.0,1,39690,31010,,,,,MasterMilitaryOnBaseList 12.2.25 NS.xlsx
CA-CAMPPEND-006,Camp Pendleton,,CA,San Diego,92055,Marine Corps,Standard Media,Golf Cart Display,TBD,Your ad will appear on approved golf carts on the installation.,1000.0,3000.0,6000.0,12000.0,0.0,1,39690,31010,,,,,MasterMilitaryOnBaseList 12.2.25 NS.xlsx
CA-CAMPPEND-007,Camp Pendleton,,CA,San Diego,92055,Marine Corps,Standard Media,Golf Cart Display,TBD,Your ad will appear directly on golf carts.,1000.0,3000.0,6000.0,12000.0,,1,39690,31010,,,,,MasterMilitaryOnBaseList 12.2.25 NS.xlsx
CA-CAMPPEND-008,Camp Pendleton,,CA,San Diego,92055,Marine Corps,Large Format,Counter Wraps,TBD,Your ad will appear on approved walls in installation facilities. Pricing varies based on location and advertising reach.,,,,,,,39690,31010,,,,No price on file - inquire,MasterMilitaryOnBaseList 12.2.25 NS.xlsx
CA-CAMPPEND-009,Camp Pendleton,,CA,San Diego,92055,Marine Corps,Large Format,Counter Wraps,Varies,Your ad will appear in an approved installation facility.,22000.0,66000.0,132000.0,264000.0,,1,39690,31010,,,,,MasterMilitaryOnBaseList 12.2.25 NS.xlsx
CA-CAMPPEND-010,Camp Pendleton,,CA,San Diego,92055,Marine Corps,Large Format,Fence Banner,8'W x 3'H,Your ad will appear on an approved fenceline.,500.0,1500.0,3000.0,6000.0,275.0,1,39690,31010,,,,,MasterMilitaryOnBaseList 12.2.25 NS.xlsx
CA-CAMPPEND-011,Camp Pendleton,,CA,San Diego,92055,Marine Corps,Large Format,Fenceline Banner,8'W x 3'H,Your ad will appear on approved fences on the installation.,500.0,1500.0,3000.0,6000.0,200.0,1,39690,31010,,,,,MasterMilitaryOnBaseList 12.2.25 NS.xlsx
CA-CAMPPEND-012,Camp Pendleton,,CA,San Diego,92055,Marine Corps,Large Format,Large Banner,11'W x 12'H,Your ad will appear on approved locations on the installation.,2500.0,7500.0,15000.0,30000.0,200.0,1,39690,31010,,,,,MasterMilitaryOnBaseList 12.2.25 NS.xlsx
CA-CAMPPEND-013,Camp Pendleton,,CA,San Diego,92055,Marine Corps,Large Format,Large Banner,11'W x 12'H,Your ad will appear in rotation along 5 different gates.,2500.0,7500.0,15000.0,30000.0,,1,39690,31010,,,,,MasterMilitaryOnBaseList 12.2.25 NS.xlsx
CA-CAMPPEND-014,Camp Pendleton,,CA,San Diego,92055,Marine Corps,Large Format,Wall Wraps,TBD,Your ad will appear on approved walls in installation facilities. Pricing varies based on location and advertising reach.,,,,,,,39690,31010,,,,No price on file - inquire,MasterMilitaryOnBaseList 12.2.25 NS.xlsx
CA-CAMPPEND-015,Camp Pendleton,,CA,San Diego,92055,Marine Corps,Large Format,Wall Wraps,Varies,Your ad will appear in an approved installation facility.,22000.0,66000.0,132000.0,264000.0,,1,39690,31010,,,,,MasterMilitaryOnBaseList 12.2.25 NS.xlsx
CA-CAMPPEND-016,Camp Pendleton,,CA,San Diego,92055,Marine Corps,Large Format,Window Clings,TBD,Your ad will appear on approved walls in installation facilities. Pricing varies based on location and advertising reach.,,,,,,,39690,31010,,,,No price on file - inquire,MasterMilitaryOnBaseList 12.2.25 NS.xlsx
CA-CAMPPEND-017,Camp Pendleton,,CA,San Diego,92055,Marine Corps,Large Format,Window Clings,Varies,Your ad will appear in an approved installation facility.,22000.0,66000.0,132000.0,264000.0,,1,39690,31010,,,,,MasterMilitaryOnBaseList 12.2.25 NS.xlsx
CA-CAMPPEND-018,Camp Pendleton,,CA,San Diego,92055,Marine Corps,Print & Publications,DRC Unit Newsletter,"8.5""W x 11""H",Your ad will appear in the DRC Unit Newsletter.,300.0,900.0,1800.0,3600.0,0.0,1,39690,31010,,,,,MasterMilitaryOnBaseList 12.2.25 NS.xlsx
CA-CAMPPEND-019,Camp Pendleton,,CA,San Diego,92055,Marine Corps,Print & Publications,Newsletter,"8.5""W x 11""H",Your ad will appear in the unit newsletter monthly,300.0,900.0,1800.0,3600.0,,1,39690,31010,,,,,MasterMilitaryOnBaseList 12.2.25 NS.xlsx
CA-CAMPPEND-020,Camp Pendleton,,CA,San Diego,92055,Marine Corps,Web & Email,Email Insider Newsletter,TBD,Your ad will appear in the Email Insider Newsletter. $400 per insertion - Newsletter goes out weekly.,,,,,,,39690,31010,,,,No price on file - inquire,MasterMilitaryOnBaseList 12.2.25 NS.xlsx
CA-CHINALAK-001,China Lake NAVWEAPCEN,NAWS China Lake,CA,Los Angeles,93555,Navy,Digital,Digital Marquee Network,TBD,Your ad will appear on 3 digital marquee across installation.,350.0,1050.0,2100.0,4200.0,0.0,1,,,,,,,MasterMilitaryOnBaseList 12.2.25 NS.xlsx
CA-CHINALAK-002,China Lake NAVWEAPCEN,NAWS China Lake,CA,Los Angeles,93555,Navy,Standard Media,Banners - Golf Course,6'W x 3'H,Your ad will appear at the Golf Course Clubhouse.,200.0,600.0,1800.0,2400.0,200.0,1,,,,,,,MasterMilitaryOnBaseList 12.2.25 NS.xlsx
CA-CHINALAK-003,China Lake NAVWEAPCEN,NAWS China Lake,CA,Los Angeles,93555,Navy,Standard Media,Golf Course - Bench,"22""W x 12""H",Your ad will appear on a golf course bench.,200.0,600.0,1200.0,2400.0,,1,,,,,,,MasterMilitaryOnBaseList 12.2.25 NS.xlsx
CA-CHINALAK-004,China Lake NAVWEAPCEN,NAWS China Lake,CA,Los Angeles,93555,Navy,Standard Media,Golf Course - Beverage Cart Signage,"8.5""W x 11""H",Your ad will appear on a beverage cart.,100.0,300.0,600.0,1200.0,,1,,,,,,,MasterMilitaryOnBaseList 12.2.25 NS.xlsx
CA-CHINALAK-005,China Lake NAVWEAPCEN,NAWS China Lake,CA,Los Angeles,93555,Navy,Standard Media,Golf Course - Cart Signage,"5.5""W x 8.5""H",Your ad will appear on a golf card.,100.0,300.0,600.0,1200.0,,1,,,,,,,MasterMilitaryOnBaseList 12.2.25 NS.xlsx
CA-CHINALAK-006,China Lake NAVWEAPCEN,NAWS China Lake,CA,Los Angeles,93555,Navy,Standard Media,Golf Course - Tee Box Sign,"7""W x 7""H",Your ad will appear on a tee box sign.,150.0,450.0,900.0,1800.0,,1,,,,,,,MasterMilitaryOnBaseList 12.2.25 NS.xlsx
CA-CHINALAK-007,China Lake NAVWEAPCEN,NAWS China Lake,CA,Los Angeles,93555,Navy,Standard Media,Posters,"24""W x 36""H",Your ad will appear in 1 approved installation facility.,350.0,1050.0,2100.0,4200.0,150.0,1,,,,,,,MasterMilitaryOnBaseList 12.2.25 NS.xlsx
CA-CHINALAK-008,China Lake NAVWEAPCEN,NAWS China Lake,CA,Los Angeles,93555,Navy,Standard Media,Posters - Golf Course,"24""W x 36""H",Your ad will appear at the Golf Course Clubhouse.,200.0,600.0,1200.0,2400.0,150.0,1,,,,,,,MasterMilitaryOnBaseList 12.2.25 NS.xlsx
CA-CHINALAK-009,China Lake NAVWEAPCEN,NAWS China Lake,CA,Los Angeles,93555,Navy,Large Format,Bus Wrap,TBD,"Your ad will wrap an installation Liberty Bus,",,,,4000.0,,12,,,,,,Source formula errors,MasterMilitaryOnBaseList 12.2.25 NS.xlsx
CA-CHINALAK-010,China Lake NAVWEAPCEN,NAWS China Lake,CA,Los Angeles,93555,Navy,Print & Publications,Golf Course - Map Board,"5.5""W x 8.5""H",Your ad will appear on a golf course map board.,225.0,675.0,1350.0,2700.0,,1,,,,,,,MasterMilitaryOnBaseList 12.2.25 NS.xlsx
CA-CHINALAK-011,China Lake NAVWEAPCEN,NAWS China Lake,CA,Los Angeles,93555,Navy,Print & Publications,Golf Course - Scorecard,"3""W x 14.5""W",Your ad will appear on the golf scorecard.,150.0,450.0,900.0,1800.0,,1,,,,,,,MasterMilitaryOnBaseList 12.2.25 NS.xlsx
CA-EDWARDSA-001,Edwards AFB,,CA,Los Angeles,93524,Air Force,Digital,15-second Audiovisual Commercial,1080pxW x 1920pxH,Your ad will appear on approved monitors within the installation facilities.,700.0,2100.0,4200.0,5000.0,0.0,1,,,,,,,MasterMilitaryOnBaseList 12.2.25 NS.xlsx
CA-EDWARDSA-002,Edwards AFB,,CA,Los Angeles,93524,Air Force,Digital,30-second Audiovisual Commercial,1080pxW x 1920pxH,Your ad will appear on approved monitors within the installation facilities.,800.0,2400.0,4800.0,6500.0,0.0,1,,,,,,,MasterMilitaryOnBaseList 12.2.25 NS.xlsx
CA-EDWARDSA-003,Edwards AFB,,CA,Los Angeles,93524,Air Force,Digital,Digital Kiosk Motion,1080pxW x 1920pxH,Your :15 ad will appear in an approved installation facility.,700.0,2100.0,4200.0,5000.0,0.0,1,,,,,,,MasterMilitaryOnBaseList 12.2.25 NS.xlsx
CA-EDWARDSA-004,Edwards AFB,,CA,Los Angeles,93524,Air Force,Digital,Digital Kiosk Motion,1080pxW x 1920pxH,Your :30 ad will appear in an approved installation facility.,800.0,2400.0,4800.0,6500.0,0.0,1,,,,,,,MasterMilitaryOnBaseList 12.2.25 NS.xlsx
CA-EDWARDSA-005,Edwards AFB,,CA,Los Angeles,93524,Air Force,Digital,Digital Monitor /Kiosk Network,1080pxW x 1920pxH and 5333pxW x 300pxH,Your static ad will appear on digital monitor and kiosks in approved installation facilities.,500.0,1500.0,3000.0,3000.0,0.0,1,,,,,,,MasterMilitaryOnBaseList 12.2.25 NS.xlsx
CA-EDWARDSA-006,Edwards AFB,,CA,Los Angeles,93524,Air Force,Digital,Digital Monitor Network,1080pxW x 1920pxH,Your ad will appear on approved monitors within the installation facilities.,500.0,1500.0,3000.0,3000.0,0.0,1,,,,,,,MasterMilitaryOnBaseList 12.2.25 NS.xlsx
CA-EDWARDSA-007,Edwards AFB,,CA,Los Angeles,93524,Air Force,Standard Media,Banner,4'W x 2'H,Your ad will appear in approved locations on the installation.,275.0,825.0,1100.0,2200.0,200.0,1,,,,,,,MasterMilitaryOnBaseList 12.2.25 NS.xlsx
CA-EDWARDSA-008,Edwards AFB,,CA,Los Angeles,93524,Air Force,Standard Media,Outdoor Banner,"4'W x 2""H",Your ad will appear at an approved outdoor facility.,275.0,825.0,1100.0,2200.0,200.0,1,,,,,,,MasterMilitaryOnBaseList 12.2.25 NS.xlsx
CA-EDWARDSA-009,Edwards AFB,,CA,Los Angeles,93524,Air Force,Standard Media,Poster,"22""W x 28""H",Your ad will appear in approved installation facilities.,250.0,750.0,800.0,1500.0,100.0,1,,,,,,,MasterMilitaryOnBaseList 12.2.25 NS.xlsx
CA-EDWARDSA-010,Edwards AFB,,CA,Los Angeles,93524,Air Force,Standard Media,Posters,"22""W x 28""H",Your ad will appear in an approved installation facility.,250.0,750.0,800.0,1500.0,100.0,1,,,,,,,MasterMilitaryOnBaseList 12.2.25 NS.xlsx
CA-EDWARDSA-011,Edwards AFB,,CA,Los Angeles,93524,Air Force,Print & Publications,Flyers/Brochures,TBD,Your ad will appear in approved installation facilities.,150.0,450.0,500.0,1000.0,0.0,1,,,,,,,MasterMilitaryOnBaseList 12.2.25 NS.xlsx
CA-EDWARDSA-012,Edwards AFB,,CA,Los Angeles,93524,Air Force,Print & Publications,Flyers/Brochures,TBD,Your ad will appear in an approved installation facility.,150.0,450.0,500.0,1000.0,,1,,,,,,,MasterMilitaryOnBaseList 12.2.25 NS.xlsx
CA-EDWARDSA-013,Edwards AFB,,CA,Los Angeles,93524,Air Force,Print & Publications,Magazine,"8.5""W x 11.5""H",Your ad will appear in the quarterly Spare Magazine as a full page ad.,,700.0,1400.0,1925.0,0.0,3,,,,,,Source formula errors,MasterMilitaryOnBaseList 12.2.25 NS.xlsx
CA-FORTIRWI-001,Fort Irwin,,CA,Los Angeles,92310,Army,Digital,Bowling Digital Monitor,TBD,Your ad will appear on approved monitors on the installation.,1285.0,3855.0,7710.0,15420.0,0.0,1,,,,,,,MasterMilitaryOnBaseList 12.2.25 NS.xlsx
CA-FORTIRWI-002,Fort Irwin,,CA,Los Angeles,92310,Army,Digital,Digital Monitor Network,TBD,Your ad will appear on approved monitors on the installation.,643.0,1929.0,3858.0,7716.0,0.0,1,,,,,,,MasterMilitaryOnBaseList 12.2.25 NS.xlsx
CA-FORTIRWI-003,Fort Irwin,,CA,Los Angeles,92310,Army,Standard Media,Banner,Sizes Vary,Your ad will appear in approved locations on the installation.,2700.0,6480.0,11340.0,,200.0,1,,,,,,Source formula errors,MasterMilitaryOnBaseList 12.2.25 NS.xlsx
CA-FORTIRWI-004,Fort Irwin,,CA,Los Angeles,92310,Army,Large Format,Counter Wrap,Sizes Vary,Your ad will appear in approved locations on the installation. Only one set price.,1000.0,,,,0.0,1,,,,,,Source formula errors,MasterMilitaryOnBaseList 12.2.25 NS.xlsx
CA-LEMOOREN-001,Lemoore NAS,,CA,Fresno-Visalia,93246,Navy,Digital,Bowling Monitors,1920pxH x 1080pxW 300 dpi RGB,Your ad will appear on approved monitors on the installation.,250.0,750.0,1500.0,3000.0,200.0,1,,,,,,,MasterMilitaryOnBaseList 12.2.25 NS.xlsx
CA-LEMOOREN-002,Lemoore NAS,,CA,Fresno-Visalia,93246,Navy,Digital,Bowling Scoring Monitors,1920pxW x 1080pxH,Your ad will appear on 12 digital bowling scoring monitors.,250.0,750.0,1500.0,3000.0,0.0,1,,,,,,,MasterMilitaryOnBaseList 12.2.25 NS.xlsx
CA-LEMOOREN-003,Lemoore NAS,,CA,Fresno-Visalia,93246,Navy,Digital,Digital Monitor Network,1920pxW x 1080pxH,Your ad will appear on 13 digital monitors in approved installation facilities.,500.0,1500.0,3000.0,6000.0,0.0,1,,,,,,,MasterMilitaryOnBaseList 12.2.25 NS.xlsx
CA-LEMOOREN-004,Lemoore NAS,,CA,Fresno-Visalia,93246,Navy,Digital,Digital Screen Package,1920pxH x 1080pxW 300 dpi RGB,Your ad will appear on approved monitors on the installation.,500.0,1500.0,3000.0,6000.0,200.0,1,,,,,,,MasterMilitaryOnBaseList 12.2.25 NS.xlsx
CA-LEMOOREN-005,Lemoore NAS,,CA,Fresno-Visalia,93246,Navy,Standard Media,Banner,8'W x 4'H,Your ad will appear at an approved installation facility.,300.0,1350.0,2700.0,5400.0,,1,,,,,,,MasterMilitaryOnBaseList 12.2.25 NS.xlsx
CA-LEMOOREN-006,Lemoore NAS,,CA,Fresno-Visalia,93246,Navy,Standard Media,Banner,10'W x 5'H,Your ad will appear at an approved installation facility.,450.0,1350.0,2700.0,5400.0,200.0,1,,,,,,,MasterMilitaryOnBaseList 12.2.25 NS.xlsx
CA-LEMOOREN-007,Lemoore NAS,,CA,Fresno-Visalia,93246,Navy,Standard Media,Banner,10'W x 5'H,Your ad will appear at an approved installation facility.,450.0,1350.0,2700.0,5400.0,200.0,1,,,,,,,MasterMilitaryOnBaseList 12.2.25 NS.xlsx
CA-LEMOOREN-008,Lemoore NAS,,CA,Fresno-Visalia,93246,Navy,Standard Media,Banner,8'W x 4'H,Your ad will appear at an approved installation facility.,450.0,1350.0,2700.0,5400.0,200.0,1,,,,,,,MasterMilitaryOnBaseList 12.2.25 NS.xlsx
CA-LEMOOREN-009,Lemoore NAS,,CA,Fresno-Visalia,93246,Navy,Standard Media,Banner,8'W x 4'H,Your ad will appear at an approved installation facility.,450.0,1350.0,2700.0,5400.0,200.0,1,,,,,,,MasterMilitaryOnBaseList 12.2.25 NS.xlsx
CA-LEMOOREN-010,Lemoore NAS,,CA,Fresno-Visalia,93246,Navy,Standard Media,Mouse Pads,Standard Mouse Pad,Your ad will appear on mouse pads in an approved installation facility.,50.0,150.0,300.0,600.0,,1,,,,,,,MasterMilitaryOnBaseList 12.2.25 NS.xlsx
CA-LEMOOREN-011,Lemoore NAS,,CA,Fresno-Visalia,93246,Navy,Standard Media,Mouse Pads,TBD,Your ad will appear on 5 computer mouse pads.,50.0,150.0,300.0,600.0,,1,,,,,,,MasterMilitaryOnBaseList 12.2.25 NS.xlsx
CA-LEMOOREN-012,Lemoore NAS,,CA,Fresno-Visalia,93246,Navy,Standard Media,Poster,"22""Wx28""H",Your ad will appear in or outside of Spuds Restaurant.,75.0,225.0,450.0,900.0,100.0,1,,,,,,,MasterMilitaryOnBaseList 12.2.25 NS.xlsx
CA-LEMOOREN-013,Lemoore NAS,,CA,Fresno-Visalia,93246,Navy,Standard Media,Poster,"22""Wx28""H",Your ad will appear in approved installation facilities.,50.0,150.0,300.0,600.0,100.0,1,,,,,,,MasterMilitaryOnBaseList 12.2.25 NS.xlsx
CA-LEMOOREN-014,Lemoore NAS,,CA,Fresno-Visalia,93246,Navy,Standard Media,Poster,"22""W x 28""H",Your ad will appear at an approved installation facility.,75.0,225.0,450.0,900.0,100.0,1,,,,,,,MasterMilitaryOnBaseList 12.2.25 NS.xlsx
CA-LEMOOREN-015,Lemoore NAS,,CA,Fresno-Visalia,93246,Navy,Standard Media,Table Tents,"4""W x 6""H",Your ad will appear in approved restaurants within the installation.,300.0,900.0,1800.0,3600.0,,1,,,,,,,MasterMilitaryOnBaseList 12.2.25 NS.xlsx
CA-LEMOOREN-016,Lemoore NAS,,CA,Fresno-Visalia,93246,Navy,Standard Media,Tables Tents,"4""W x 6""H",Your ad will appear at 40 approved tables.,300.0,900.0,1800.0,3600.0,,1,,,,,,,MasterMilitaryOnBaseList 12.2.25 NS.xlsx
CA-LEMOOREN-017,Lemoore NAS,,CA,Fresno-Visalia,93246,Navy,Large Format,Counter Wrap,TBD,Your ad will appear at an approved installation facility.,2000.0,6000.0,12000.0,24000.0,,1,,,,,,,MasterMilitaryOnBaseList 12.2.25 NS.xlsx
CA-LEMOOREN-018,Lemoore NAS,,CA,Fresno-Visalia,93246,Navy,Large Format,Wall Cling,TBD,Your ad will appear at an approved installation facility.,500.0,1350.0,2700.0,5400.0,,1,,,,,,,MasterMilitaryOnBaseList 12.2.25 NS.xlsx
CA-LEMOOREN-019,Lemoore NAS,,CA,Fresno-Visalia,93246,Navy,Large Format,Window Cling,TBD,Your ad will appear at an approved installation facility.,150.0,450.0,900.0,1800.0,,1,,,,,,,MasterMilitaryOnBaseList 12.2.25 NS.xlsx
CA-LEMOOREN-020,Lemoore NAS,,CA,Fresno-Visalia,93246,Navy,Large Format,Wrap/Cling - Counter,36'W x 4'H,Your ad will appear in approved installation facilities.,2000.0,6000.0,12000.0,24000.0,,1,,,,,,,MasterMilitaryOnBaseList 12.2.25 NS.xlsx
CA-LEMOOREN-021,Lemoore NAS,,CA,Fresno-Visalia,93246,Navy,Large Format,Wrap/Cling - Counter,32'W x 3'H,Your ad will appear in approved installation facilities.,2000.0,6000.0,12000.0,24000.0,,1,,,,,,,MasterMilitaryOnBaseList 12.2.25 NS.xlsx
CA-LEMOOREN-022,Lemoore NAS,,CA,Fresno-Visalia,93246,Navy,Large Format,Wrap/Cling -Wall,9'W x 3'H,Your ad will appear in approved installation facilities.,500.0,1500.0,3000.0,6000.0,,1,,,,,,,MasterMilitaryOnBaseList 12.2.25 NS.xlsx
CA-LEMOOREN-023,Lemoore NAS,,CA,Fresno-Visalia,93246,Navy,Large Format,Wrap/Cling -Wall,8'W x 4'H,Your ad will appear in approved installation facilities.,500.0,1500.0,3000.0,6000.0,,1,,,,,,,MasterMilitaryOnBaseList 12.2.25 NS.xlsx
CA-LEMOOREN-024,Lemoore NAS,,CA,Fresno-Visalia,93246,Navy,Large Format,Wrap/Cling -Wall,9'W x 3'H,Your ad will appear in approved installation facilities.,300.0,900.0,1800.0,3600.0,,1,,,,,,,MasterMilitaryOnBaseList 12.2.25 NS.xlsx
CA-LEMOOREN-025,Lemoore NAS,,CA,Fresno-Visalia,93246,Navy,Large Format,Wrap/Cling -Window,"36""W x 48""H",Your ad will appear in approved installation facilities.,150.0,450.0,900.0,1800.0,,1,,,,,,,MasterMilitaryOnBaseList 12.2.25 NS.xlsx
CA-LEMOOREN-026,Lemoore NAS,,CA,Fresno-Visalia,93246,Navy,Large Format,Wrap/Cling -Window,"42""W x 54""H",Your ad will appear in approved installation facilities.,150.0,450.0,900.0,1800.0,,1,,,,,,,MasterMilitaryOnBaseList 12.2.25 NS.xlsx
CA-LOSANGEL-001,Los Angeles AFB,,CA,Los Angeles,90245,Air Force,Digital,LED Outdoor Sign (Static),1920pxW x 1080pxH (72 ppi),Your ad will appear on approved monitors on the installation.,350.0,998.0,1890.0,3570.0,0.0,1,,,,,,,MasterMilitaryOnBaseList 12.2.25 NS.xlsx
CA-LOSANGEL-002,Los Angeles AFB,,CA,Los Angeles,90245,Air Force,Digital,LED Outdoor Sign (Video),16:9/60fps/MPEG-4,Your ad will appear on approved monitors on the installation.,450.0,1283.0,2430.0,4590.0,0.0,1,,,,,,,MasterMilitaryOnBaseList 12.2.25 NS.xlsx
CA-LOSANGEL-003,Los Angeles AFB,,CA,Los Angeles,90245,Air Force,Digital,TV Network Display (Static),1920pxW x 1080pxH (72 ppi),Your ad will appear on approved monitors on the installation.,250.0,713.0,1350.0,2550.0,0.0,1,,,,,,,MasterMilitaryOnBaseList 12.2.25 NS.xlsx
CA-LOSANGEL-004,Los Angeles AFB,,CA,Los Angeles,90245,Air Force,Digital,TV Network Display (Video),16:9/60fps/MPEG-4,Your ad will appear on approved monitors on the installation.,350.0,998.0,1890.0,3570.0,0.0,1,,,,,,,MasterMilitaryOnBaseList 12.2.25 NS.xlsx
CA-LOSANGEL-005,Los Angeles AFB,,CA,Los Angeles,90245,Air Force,Standard Media,Banner,Up tp 3'H x 8'W,Your ad will appear at an approved installation facility.,250.0,713.0,1350.0,2550.0,200.0,1,,,,,,,MasterMilitaryOnBaseList 12.2.25 NS.xlsx
CA-LOSANGEL-006,Los Angeles AFB,,CA,Los Angeles,90245,Air Force,Standard Media,Poster,"22""W x 28""H",Your ad will appear in approved installation facilities.,150.0,428.0,810.0,1530.0,100.0,1,,,,,,,MasterMilitaryOnBaseList 12.2.25 NS.xlsx
CA-LOSANGEL-007,Los Angeles AFB,,CA,Los Angeles,90245,Air Force,Large Format,Counter Wrap,TBD,"Your ad will appear in approved installation facilities. (2 year pricing: %9,180)",,,2700.0,5130.0,,6,,,,,,Source formula errors,MasterMilitaryOnBaseList 12.2.25 NS.xlsx
CA-LOSANGEL-008,Los Angeles AFB,,CA,Los Angeles,90245,Air Force,Print & Publications,Magazine,"8.25""Wx10.375""H",Your ad will appear in the installation magazine.,350.0,996.0,1890.0,3564.0,,1,,,,,,,MasterMilitaryOnBaseList 12.2.25 NS.xlsx
CA-LOSANGEL-009,Los Angeles AFB,,CA,Los Angeles,92518,Air Force,Web & Email,Email Banner,600pxW x 150pxH,Your ad will appear in the FSS Email Newsletter (up to 2 emails per month),75.0,214.0,405.0,765.0,0.0,1,,,,,,,MasterMilitaryOnBaseList 12.2.25 NS.xlsx
CA-LOSANGEL-010,Los Angeles AFB,,CA,Los Angeles,90245,Air Force,Web & Email,Email Square,600pxWx500pxH,Your ad will appear in the FSS Email Newsletter (up to 2 emails per month),150.0,428.0,810.0,1530.0,0.0,1,,,,,,,MasterMilitaryOnBaseList 12.2.25 NS.xlsx
CA-LOSANGEL-011,Los Angeles AFB,,CA,Los Angeles,90245,Air Force,Web & Email,Email Square + Text,600pxW x 150pxH,Your ad will appear in the FSS Email Newsletter (up to 2 emails per month),250.0,713.0,1350.0,2550.0,0.0,1,,,,,,,MasterMilitaryOnBaseList 12.2.25 NS.xlsx
CA-MCASMIRA-001,MCAS Miramar,,CA,San Diego,92145,Marine Corps,Digital,0:30 Theater Commercial,DCP or MWV H.264 Digital High Definition,Your ad will appear in the Bob Hope Theater in the installation.,550.0,1650.0,3300.0,6600.0,0.0,1,7535,7007,,,,,MasterMilitaryOnBaseList 12.2.25 NS.xlsx
CA-MCASMIRA-002,MCAS Miramar,,CA,San Diego,92145,Marine Corps,Digital,Static Slideshow Ad,1920pxW x 1080pxH,Your ad will appear in the Bob Hope Theater in the installation. $200/slide,,438.0,875.0,1300.0,0.0,3,7535,7007,,,,,MasterMilitaryOnBaseList 12.2.25 NS.xlsx
CA-MCASMIRA-003,MCAS Miramar,,CA,San Diego,92145,Marine Corps,Standard Media,Banner,"72.5""h x 103""w",Your ad will appear at an approved installation facility.,,1100.0,2200.0,3900.0,200.0,3,7535,7007,,,,,MasterMilitaryOnBaseList 12.2.25 NS.xlsx
CA-MCASMIRA-004,MCAS Miramar,,CA,San Diego,92145,Marine Corps,Large Format,Gym & Field Banner,3'h x 8'w [Gym] 4'h x 9'w [Baseball Field],Your ad will appear at an approved installation facility.,,500.0,1000.0,1700.0,200.0,3,7535,7007,,,,,MasterMilitaryOnBaseList 12.2.25 NS.xlsx
CA-MCASMIRA-005,MCAS Miramar,,CA,San Diego,92145,Marine Corps,Web & Email,Facebook + Instagram Posts,1080pxW x 1080pxH,Your ad will appear on the MCCS Miramar social pages (Facebook and Instagram). $100/post.,,,,,,,7535,7007,,,,No price on file - inquire,MasterMilitaryOnBaseList 12.2.25 NS.xlsx
CA-NBVCPORT-001,NBVC Port Hueneme NCBC,Naval Base Ventura County,CA,Los Angeles,93043,Navy,Digital,Counter Wrap - Bowling Alley,10.5'W x 3'H,Your ad will appear in approved installation facilities.,500.0,1500.0,3000.0,6000.0,0.0,1,,,,,,,MasterMilitaryOnBaseList 12.2.25 NS.xlsx
CA-NBVCPORT-002,NBVC Port Hueneme NCBC,Naval Base Ventura County,CA,Los Angeles,93043,Navy,Digital,Digital Monitors - Slide (15 sec),1920pxW x 1080pxH (JPEG at 300 dpi),Your ad will appear on approved monitors on the installation.,500.0,1500.0,3000.0,6000.0,0.0,1,,,,,,,MasterMilitaryOnBaseList 12.2.25 NS.xlsx
CA-NBVCPORT-003,NBVC Port Hueneme NCBC,Naval Base Ventura County,CA,Los Angeles,93043,Navy,Digital,Digital Monitors - Video (30 sec),1920pxW x 1080pxH (MPEG-4 at 300 dpi),Your ad will appear on approved monitors on the installation.,750.0,2250.0,4500.0,9000.0,0.0,1,,,,,,,MasterMilitaryOnBaseList 12.2.25 NS.xlsx
CA-NBVCPORT-004,NBVC Port Hueneme NCBC,Naval Base Ventura County,CA,Los Angeles,93043,Navy,Digital,Digital Monitors - Video (60 sec),1920pxW x 1080pxH (MPEG-4 at 300 dpi),Your ad will appear on approved monitors on the installation.,1000.0,3000.0,6000.0,12000.0,0.0,1,,,,,,,MasterMilitaryOnBaseList 12.2.25 NS.xlsx
CA-NBVCPORT-005,NBVC Port Hueneme NCBC,Naval Base Ventura County,CA,Los Angeles,93043,Navy,Digital,Digital Newsletter,"2""Wx2""H",Your ad will appear in the monthly FFR Highlights digital newsletter.,500.0,1500.0,3000.0,6000.0,0.0,1,,,,,,,MasterMilitaryOnBaseList 12.2.25 NS.xlsx
CA-NBVCPORT-006,NBVC Port Hueneme NCBC,Naval Base Ventura County,CA,Los Angeles,93043,Navy,Digital,Door Wrap - Bowling and Ticket Office,"82""W x 70""H",Your ad will appear in approved installation facilities.,500.0,1500.0,3000.0,6000.0,0.0,1,,,,,,,MasterMilitaryOnBaseList 12.2.25 NS.xlsx
CA-NBVCPORT-007,NBVC Port Hueneme NCBC,Naval Base Ventura County,CA,Los Angeles,93043,Navy,Digital,Movie Theater Ad - Slide (30 sec),1920pxW x 1080pxH (JPEG at 300 dpi),Your ad will appear on the movie theater screen on the installation.,500.0,1500.0,3000.0,6000.0,0.0,1,,,,,,,MasterMilitaryOnBaseList 12.2.25 NS.xlsx
CA-NBVCPORT-008,NBVC Port Hueneme NCBC,Naval Base Ventura County,CA,Los Angeles,93043,Navy,Digital,Movie Theater Ad - Video (30 sec),1920pxW x 1080pxH (WMV at 300 dpi),Your ad will appear on the movie theater screen on the installation.,500.0,1500.0,3000.0,6000.0,0.0,1,,,,,,,MasterMilitaryOnBaseList 12.2.25 NS.xlsx
CA-NBVCPORT-009,NBVC Port Hueneme NCBC,Naval Base Ventura County,CA,Los Angeles,93043,Navy,Digital,Movie Theater Ad - Video (60 sec),1920pxW x 1080pxH (WMV at 300 dpi),Your ad will appear on the movie theater screen on the installation.,750.0,2250.0,4500.0,9000.0,0.0,1,,,,,,,MasterMilitaryOnBaseList 12.2.25 NS.xlsx
CA-NBVCPORT-010,NBVC Port Hueneme NCBC,Naval Base Ventura County,CA,Los Angeles,93043,Navy,Digital,Table Top Clings - Bowling Alley,2'W x 4'H,Your ad will appear in approved installation facilities.,350.0,1050.0,2100.0,4200.0,0.0,1,,,,,,,MasterMilitaryOnBaseList 12.2.25 NS.xlsx
CA-NBVCPORT-011,NBVC Port Hueneme NCBC,Naval Base Ventura County,CA,Los Angeles,93043,Navy,Digital,Wall Wrap - Liberty Center Video Game Wall,8' x 6',Your ad will appear in approved installation facilities.,525.0,1575.0,3150.0,6300.0,,1,,,,,,,MasterMilitaryOnBaseList 12.2.25 NS.xlsx
CA-NBVCPORT-012,NBVC Port Hueneme NCBC,Naval Base Ventura County,CA,Los Angeles,93043,Navy,Digital,Wall Wrap - Movie Theater Entrance Doors,"82"" x 67""",Your ad will appear in approved installation facilities.,425.0,1275.0,2550.0,5100.0,0.0,1,,,,,,,MasterMilitaryOnBaseList 12.2.25 NS.xlsx
CA-NBVCPORT-013,NBVC Port Hueneme NCBC,Naval Base Ventura County,CA,Los Angeles,93043,Navy,Digital,Wall Wrap - Movie Theater Entrance Steps,5' x 30',Your ad will appear in approved installation facilities.,1800.0,5400.0,10800.0,21600.0,0.0,1,,,,,,,MasterMilitaryOnBaseList 12.2.25 NS.xlsx
CA-NBVCPORT-014,NBVC Port Hueneme NCBC,Naval Base Ventura County,CA,Los Angeles,93043,Navy,Digital,Wall Wrap - Point Mugu Gym TV Wall,4' x 14',Your ad will appear in approved installation facilities.,625.0,1875.0,3750.0,7500.0,,1,,,,,,,MasterMilitaryOnBaseList 12.2.25 NS.xlsx
CA-NBVCPORT-015,NBVC Port Hueneme NCBC,Naval Base Ventura County,CA,Los Angeles,93043,Navy,Standard Media,Banner,6'W x 3'H,"Your ad will appear at an approved installation facility (Fitness Facilities, Liberty Center, Bowling Recreation Centers, Aquatic Centers, Recreation Center, RV Parks, Golf Course Pro Shop)",400.0,1200.0,2400.0,4800.0,200.0,1,,,,,,,MasterMilitaryOnBaseList 12.2.25 NS.xlsx
CA-NBVCPORT-016,NBVC Port Hueneme NCBC,Naval Base Ventura County,CA,Los Angeles,93043,Navy,Standard Media,Golf Course Benches,"36""W x 12""H, PVC 1/8"" thick",Your ad will appear on the NBVC Golf Course.,600.0,1800.0,1200.0,7200.0,0.0,1,,,,,,,MasterMilitaryOnBaseList 12.2.25 NS.xlsx
CA-NBVCPORT-017,NBVC Port Hueneme NCBC,Naval Base Ventura County,CA,Los Angeles,93043,Navy,Standard Media,Poster,22'W x 28'H,Your ad will appear in approved installation facilities.,350.0,1050.0,2100.0,4200.0,100.0,1,,,,,,,MasterMilitaryOnBaseList 12.2.25 NS.xlsx
CA-NBVCPORT-018,NBVC Port Hueneme NCBC,Naval Base Ventura County,CA,Los Angeles,93043,Navy,Large Format,Counter Wrap - Flightline Café,"29"" x 25'",Your ad will appear in approved installation facilities.,675.0,2025.0,4050.0,8100.0,,1,,,,,,,MasterMilitaryOnBaseList 12.2.25 NS.xlsx
CA-NBVCPORT-019,NBVC Port Hueneme NCBC,Naval Base Ventura County,CA,Los Angeles,93043,Navy,Large Format,Counter Wrap - Golf Course Bar,"39"" x 12'",Your ad will appear in approved installation facilities.,425.0,1275.0,2550.0,5100.0,0.0,1,,,,,,,MasterMilitaryOnBaseList 12.2.25 NS.xlsx
CA-NBVCPORT-020,NBVC Port Hueneme NCBC,Naval Base Ventura County,CA,Los Angeles,93043,Navy,Large Format,Counter Wrap - Golf Course Driving Range,"100"" x 118""",Your ad will appear in approved installation facilities.,2500.0,7500.0,15000.0,30000.0,0.0,1,,,,,,,MasterMilitaryOnBaseList 12.2.25 NS.xlsx
CA-NBVCPORT-021,NBVC Port Hueneme NCBC,Naval Base Ventura County,CA,Los Angeles,93043,Navy,Large Format,Counter Wrap - Mugu Auto Skills,"23"" x 13""",Your ad will appear in approved installation facilities.,500.0,1500.0,3000.0,6000.0,,1,,,,,,,MasterMilitaryOnBaseList 12.2.25 NS.xlsx
CA-NBVCPORT-022,NBVC Port Hueneme NCBC,Naval Base Ventura County,CA,Los Angeles,93043,Navy,Large Format,Counter Wrap - Mugu Auto Skills Check-in Counter,"7' x 18""",Your ad will appear in approved installation facilities.,1425.0,4275.0,8550.0,17100.0,,1,,,,,,,MasterMilitaryOnBaseList 12.2.25 NS.xlsx
CA-NBVCPORT-023,NBVC Port Hueneme NCBC,Naval Base Ventura County,CA,Los Angeles,93043,Navy,Large Format,"Counter Wrap - Mugu Recreation Center, SurfNet","34"" x 90""",Your ad will appear in approved installation facilities.,500.0,1500.0,3000.0,6000.0,,1,,,,,,,MasterMilitaryOnBaseList 12.2.25 NS.xlsx
CA-NBVCPORT-024,NBVC Port Hueneme NCBC,Naval Base Ventura County,CA,Los Angeles,93043,Navy,Large Format,Counter Wrap - Point Mugu Gym Check-in Counter 1,"31"" x 5.5'",Your ad will appear in approved installation facilities.,500.0,1500.0,3000.0,6000.0,,1,,,,,,,MasterMilitaryOnBaseList 12.2.25 NS.xlsx
CA-NBVCPORT-025,NBVC Port Hueneme NCBC,Naval Base Ventura County,CA,Los Angeles,93043,Navy,Large Format,Counter Wrap - Point Mugu Gym Check-in Counter 2,"31"" x 8'",Your ad will appear in approved installation facilities.,500.0,1500.0,3000.0,6000.0,,1,,,,,,,MasterMilitaryOnBaseList 12.2.25 NS.xlsx
CA-NBVCPORT-026,NBVC Port Hueneme NCBC,Naval Base Ventura County,CA,Los Angeles,93043,Navy,Large Format,Counter Wrap - Pool Front Counter,11' x 3',Your ad will appear in approved installation facilities.,500.0,1500.0,3000.0,6000.0,0.0,1,,,,,,,MasterMilitaryOnBaseList 12.2.25 NS.xlsx
CA-NBVCPORT-027,NBVC Port Hueneme NCBC,Naval Base Ventura County,CA,Los Angeles,93043,Navy,Large Format,Counter Wrap - Stinger Fields Snack Bar,"41"" x 27""",Your ad will appear in approved installation facilities.,1025.0,3075.0,6150.0,12300.0,,1,,,,,,,MasterMilitaryOnBaseList 12.2.25 NS.xlsx
CA-NBVCPORT-028,NBVC Port Hueneme NCBC,Naval Base Ventura County,CA,Los Angeles,93043,Navy,Large Format,Counter Wrap - Ticket Office Counter,"41""W x 12""H",Your ad will appear in approved installation facilities.,500.0,1500.0,3000.0,6000.0,0.0,1,,,,,,,MasterMilitaryOnBaseList 12.2.25 NS.xlsx
CA-NBVCPORT-029,NBVC Port Hueneme NCBC,Naval Base Ventura County,CA,Los Angeles,93043,Navy,Large Format,Counter Wrap - Warfield Gym Counter,"32"" x 17""",Your ad will appear in approved installation facilities.,500.0,1500.0,3000.0,6000.0,,1,,,,,,,MasterMilitaryOnBaseList 12.2.25 NS.xlsx
CA-NBVCPORT-030,NBVC Port Hueneme NCBC,Naval Base Ventura County,CA,Los Angeles,93043,Navy,Large Format,"Door Wrap - Mugu Recreation Center, SurfNet","69"" x 30""",Your ad will appear in approved installation facilities.,450.0,1350.0,2700.0,5400.0,,1,,,,,,,MasterMilitaryOnBaseList 12.2.25 NS.xlsx
CA-NBVCPORT-031,NBVC Port Hueneme NCBC,Naval Base Ventura County,CA,Los Angeles,93043,Navy,Large Format,Door Wrap - Pool Entrance Door,"19.25"" x 7'",Your ad will appear in approved installation facilities.,500.0,1500.0,3000.0,6000.0,0.0,1,,,,,,,MasterMilitaryOnBaseList 12.2.25 NS.xlsx
CA-NBVCPORT-032,NBVC Port Hueneme NCBC,Naval Base Ventura County,CA,Los Angeles,93043,Navy,Large Format,Dugout Wrap - Mugu Softball Field,"5' x 22""",Your ad will appear in approved installation facilities.,1200.0,3600.0,7200.0,14400.0,,1,,,,,,,MasterMilitaryOnBaseList 12.2.25 NS.xlsx
CA-NBVCPORT-033,NBVC Port Hueneme NCBC,Naval Base Ventura County,CA,Los Angeles,93043,Navy,Large Format,Net Wrap - Golf Course Driving Range Net,20'H x 20'W,Your ad will appear in approved installation facilities.,4000.0,12000.0,24000.0,48000.0,0.0,1,,,,,,,MasterMilitaryOnBaseList 12.2.25 NS.xlsx
CA-NBVCPORT-034,NBVC Port Hueneme NCBC,Naval Base Ventura County,CA,Los Angeles,93043,Navy,Large Format,Wall Wrap - Bee Fit Gym Cardio Room,"23"" x 12'",Your ad will appear in approved installation facilities.,500.0,1500.0,3000.0,6000.0,0.0,1,,,,,,,MasterMilitaryOnBaseList 12.2.25 NS.xlsx
CA-NBVCPORT-035,NBVC Port Hueneme NCBC,Naval Base Ventura County,CA,Los Angeles,93043,Navy,Large Format,Wall Wrap - Bee Fit Gym Entrance,8'W x 10'H,Your ad will appear in approved installation facilities.,875.0,2625.0,5250.0,10500.0,0.0,1,,,,,,,MasterMilitaryOnBaseList 12.2.25 NS.xlsx
CA-NBVCPORT-036,NBVC Port Hueneme NCBC,Naval Base Ventura County,CA,Los Angeles,93043,Navy,Large Format,Wall Wrap - Bee Fit Gym Weight Room,5'W x 12'H,Your ad will appear in approved installation facilities.,675.0,2025.0,4050.0,8100.0,0.0,1,,,,,,,MasterMilitaryOnBaseList 12.2.25 NS.xlsx
CA-NBVCPORT-037,NBVC Port Hueneme NCBC,Naval Base Ventura County,CA,Los Angeles,93043,Navy,Large Format,Wall Wrap - Bee Hive Gym Crowd Wall,7.5' x 18',Your ad will appear in approved installation facilities.,1475.0,4425.0,8850.0,17700.0,,1,,,,,,,MasterMilitaryOnBaseList 12.2.25 NS.xlsx
CA-NBVCPORT-038,NBVC Port Hueneme NCBC,Naval Base Ventura County,CA,Los Angeles,93043,Navy,Large Format,Wall Wrap - Bee Hive Gym Long Wall,4.5' x 30',Your ad will appear in approved installation facilities.,1475.0,4425.0,8850.0,17700.0,,1,,,,,,,MasterMilitaryOnBaseList 12.2.25 NS.xlsx
CA-NBVCPORT-039,NBVC Port Hueneme NCBC,Naval Base Ventura County,CA,Los Angeles,93043,Navy,Large Format,Wall Wrap - Car Wash Street Wall 1,8.5' x 15',Your ad will appear in approved installation facilities.,1400.0,4200.0,8400.0,16800.0,,1,,,,,,,MasterMilitaryOnBaseList 12.2.25 NS.xlsx
CA-NBVCPORT-040,NBVC Port Hueneme NCBC,Naval Base Ventura County,CA,Los Angeles,93043,Navy,Large Format,Wall Wrap - Car Wash Street Wall 2,8.5' x 20',Your ad will appear in approved installation facilities.,1875.0,5625.0,11250.0,22500.0,,1,,,,,,,MasterMilitaryOnBaseList 12.2.25 NS.xlsx
CA-NBVCPORT-041,NBVC Port Hueneme NCBC,Naval Base Ventura County,CA,Los Angeles,93043,Navy,Large Format,Wall Wrap - Car Wash Street Wall 3,8.5' x 25',Your ad will appear in approved installation facilities.,2350.0,7050.0,14100.0,28200.0,,1,,,,,,,MasterMilitaryOnBaseList 12.2.25 NS.xlsx
CA-NBVCPORT-042,NBVC Port Hueneme NCBC,Naval Base Ventura County,CA,Los Angeles,93043,Navy,Large Format,Wall Wrap - Golf Course Club House,4.5' x 8.5',Your ad will appear in approved installation facilities.,425.0,1275.0,2550.0,5100.0,0.0,1,,,,,,,MasterMilitaryOnBaseList 12.2.25 NS.xlsx
CA-NBVCPORT-043,NBVC Port Hueneme NCBC,Naval Base Ventura County,CA,Los Angeles,93043,Navy,Large Format,Wall Wrap - Golf Course Driving Range,8' x 10',Your ad will appear in approved installation facilities.,1025.0,3075.0,6150.0,12300.0,0.0,1,,,,,,,MasterMilitaryOnBaseList 12.2.25 NS.xlsx
CA-NBVCPORT-044,NBVC Port Hueneme NCBC,Naval Base Ventura County,CA,Los Angeles,93043,Navy,Large Format,Wall Wrap - Golf Course Entrance,6.5'H x 15'W,Your ad will appear in approved installation facilities.,1025.0,3075.0,6150.0,12300.0,0.0,1,,,,,,,MasterMilitaryOnBaseList 12.2.25 NS.xlsx
CA-NBVCPORT-045,NBVC Port Hueneme NCBC,Naval Base Ventura County,CA,Los Angeles,93043,Navy,Large Format,Wall Wrap - Golf Course Inside Entrance,2' x 13.5',Your ad will appear in approved installation facilities.,500.0,1500.0,3000.0,6000.0,0.0,1,,,,,,,MasterMilitaryOnBaseList 12.2.25 NS.xlsx
CA-NBVCPORT-046,NBVC Port Hueneme NCBC,Naval Base Ventura County,CA,Los Angeles,93043,Navy,Large Format,Wall Wrap - Golf Course Patio Wall,"40 ""x 18""",Your ad will appear in approved installation facilities.,675.0,2025.0,4050.0,8100.0,0.0,1,,,,,,,MasterMilitaryOnBaseList 12.2.25 NS.xlsx
CA-NBVCPORT-047,NBVC Port Hueneme NCBC,Naval Base Ventura County,CA,Los Angeles,93043,Navy,Large Format,Wall Wrap - Liberty Center Check-in Wall,8' x 7',Your ad will appear in approved installation facilities.,625.0,1875.0,3750.0,7500.0,,1,,,,,,,MasterMilitaryOnBaseList 12.2.25 NS.xlsx
CA-NBVCPORT-048,NBVC Port Hueneme NCBC,Naval Base Ventura County,CA,Los Angeles,93043,Navy,Large Format,Wall Wrap - Liberty Center Pool Table Wall,8' x 9',Your ad will appear in approved installation facilities.,800.0,2400.0,4800.0,9600.0,,1,,,,,,,MasterMilitaryOnBaseList 12.2.25 NS.xlsx
CA-NBVCPORT-049,NBVC Port Hueneme NCBC,Naval Base Ventura County,CA,Los Angeles,93043,Navy,Large Format,Wall Wrap - Mugu Pool,6' x 11',Your ad will appear in approved installation facilities.,1200.0,3600.0,7200.0,14400.0,,1,,,,,,,MasterMilitaryOnBaseList 12.2.25 NS.xlsx
CA-NBVCPORT-050,NBVC Port Hueneme NCBC,Naval Base Ventura County,CA,Los Angeles,93043,Navy,Large Format,Wall Wrap - Point Mugu Gym Entrance,8' x 9',Your ad will appear in approved installation facilities.,800.0,2400.0,4800.0,9600.0,,1,,,,,,,MasterMilitaryOnBaseList 12.2.25 NS.xlsx
CA-NBVCPORT-051,NBVC Port Hueneme NCBC,Naval Base Ventura County,CA,Los Angeles,93043,Navy,Large Format,Wall Wrap - Point Mugu Gym Parking Lot,8' x 7.5',Your ad will appear in approved installation facilities.,675.0,2025.0,4050.0,8100.0,,1,,,,,,,MasterMilitaryOnBaseList 12.2.25 NS.xlsx
CA-NBVCPORT-052,NBVC Port Hueneme NCBC,Naval Base Ventura County,CA,Los Angeles,93043,Navy,Large Format,Wall Wrap - Stinger Fields Snack Bar Wall 1,8' x 27',Your ad will appear in approved installation facilities.,2375.0,7125.0,14250.0,28500.0,,1,,,,,,,MasterMilitaryOnBaseList 12.2.25 NS.xlsx
CA-NBVCPORT-053,NBVC Port Hueneme NCBC,Naval Base Ventura County,CA,Los Angeles,93043,Navy,Large Format,Wall Wrap - Stinger Fields Snack Bar Wall 2,8.5' x 20',Your ad will appear in approved installation facilities.,975.0,2925.0,5850.0,11700.0,,1,,,,,,,MasterMilitaryOnBaseList 12.2.25 NS.xlsx
CA-NBVCPORT-054,NBVC Port Hueneme NCBC,Naval Base Ventura County,CA,Los Angeles,93043,Navy,Large Format,Wall Wrap - Warfield Gym Cardio Room,"23"" x 6'",Your ad will appear in approved installation facilities.,500.0,1500.0,3000.0,6000.0,,1,,,,,,,MasterMilitaryOnBaseList 12.2.25 NS.xlsx
CA-NBVCPORT-055,NBVC Port Hueneme NCBC,Naval Base Ventura County,CA,Los Angeles,93043,Navy,Large Format,Wall Wrap - Warfield Gym Check-in Wall,7' x 12',Your ad will appear in approved installation facilities.,925.0,2775.0,5550.0,11100.0,,1,,,,,,,MasterMilitaryOnBaseList 12.2.25 NS.xlsx
CA-NBVCPORT-056,NBVC Port Hueneme NCBC,Naval Base Ventura County,CA,Los Angeles,93043,Navy,Large Format,Wall Wrap - Warfield Gym Weight Room,5' x 12',Your ad will appear in approved installation facilities.,1325.0,3975.0,7950.0,15900.0,,1,,,,,,,MasterMilitaryOnBaseList 12.2.25 NS.xlsx
CA-NBVCPORT-057,NBVC Port Hueneme NCBC,Naval Base Ventura County,CA,Los Angeles,93043,Navy,Large Format,Wall Wrap -Bee Fit Gym Spin Room,11' x 13',Your ad will appear in approved installation facilities.,1575.0,4725.0,9450.0,18900.0,0.0,1,,,,,,,MasterMilitaryOnBaseList 12.2.25 NS.xlsx
CA-NBVCPORT-058,NBVC Port Hueneme NCBC,Naval Base Ventura County,CA,Los Angeles,93043,Navy,Large Format,Window Wrap - Mugu Rock Recreation Center Entrance,4.5' x 3.5',Your ad will appear in approved installation facilities.,800.0,2400.0,4800.0,9600.0,,1,,,,,,,MasterMilitaryOnBaseList 12.2.25 NS.xlsx
CA-NBVCPORT-059,NBVC Port Hueneme NCBC,Naval Base Ventura County,CA,Los Angeles,93043,Navy,Large Format,Window Wrap - Ticket Office Counter,"64""W x 64""H",Your ad will appear in approved installation facilities.,325.0,975.0,1950.0,3900.0,0.0,1,,,,,,,MasterMilitaryOnBaseList 12.2.25 NS.xlsx
CA-NBVCPORT-060,NBVC Port Hueneme NCBC,Naval Base Ventura County,CA,Los Angeles,93043,Navy,Large Format,Window Wrap - Warfield Gym Entrance,3' x 13',Your ad will appear in approved installation facilities.,500.0,1500.0,3000.0,6000.0,,1,,,,,,,MasterMilitaryOnBaseList 12.2.25 NS.xlsx
CA-NBVCPORT-061,NBVC Port Hueneme NCBC,Naval Base Ventura County,CA,Los Angeles,93043,Navy,Sponsorship & Other,Driving Range Dividers,"50""W x 12-30""H",Your ad will appear on the NBVC Golf Course.,900.0,1800.0,5400.0,9600.0,0.0,1,,,,,,,MasterMilitaryOnBaseList 12.2.25 NS.xlsx
CA-NBVCPORT-062,NBVC Port Hueneme NCBC,Naval Base Ventura County,CA,Los Angeles,93043,Navy,Sponsorship & Other,Event Booths,"20x20 canopy, 4 tables, 8 chairs","Your team and advertising materials will be in an event booth on the installation. Pricing: $1,000/day.",,,,,,,,,,,,No price on file - inquire,MasterMilitaryOnBaseList 12.2.25 NS.xlsx
CA-POINTLOM-001,Point Loma,Naval Base Point Loma (San Diego),CA,San Diego,92106,Navy,Digital,Digital Monitor - Silent Video,1920px x 1080px (MPEG),Your ad will appear on approved monitors on the installation.,2950.0,8850.0,17700.0,35400.0,,1,32983,33574,,,,,MasterMilitaryOnBaseList 12.2.25 NS.xlsx
CA-POINTLOM-002,Point Loma,Naval Base Point Loma (San Diego),CA,San Diego,92106,Navy,Digital,Digital Monitor - Slides,1920px x 1080px at 72 PPI (JPG),Your ad will appear on approved monitors on the installation.,2500.0,7500.0,15000.0,30000.0,,1,32983,33574,,,,,MasterMilitaryOnBaseList 12.2.25 NS.xlsx
CA-POINTLOM-003,Point Loma,Naval Base Point Loma (San Diego),CA,San Diego,92106,Navy,Web & Email,Social Media Post,600px x 600px (JPG),"Your ad will appear on the Naval Base San Diego social media pages (9 platforms) ($2,000 for one post on all pages)",,,,,,,32983,33574,,,,No price on file - inquire,MasterMilitaryOnBaseList 12.2.25 NS.xlsx
CA-TRAVISAF-001,Travis AFB,,CA,Sacramnto-Stkton-Modesto,94535,Air Force,Digital,Digital Display,1920px x 1080px,Your ad will appear in approved installation facilities.,600.0,1800.0,3600.0,7200.0,,1,6675,7960,,,,,MasterMilitaryOnBaseList 12.2.25 NS.xlsx
CA-TRAVISAF-002,Travis AFB,,CA,Sacramnto-Stkton-Modesto,94535,Air Force,Digital,Digital Marquee,1920pxW x 1080pxH,Your ad will appear on digital marquees across installation.,1200.0,3600.0,7200.0,14400.0,0.0,1,6675,7960,,,,,MasterMilitaryOnBaseList 12.2.25 NS.xlsx
CA-TRAVISAF-003,Travis AFB,,CA,Sacramnto-Stkton-Modesto,94535,Air Force,Digital,Digital Monitor Network,1920pxW x 1080pxH,Your ad will appear on digital monitors in approved installation facilities.,600.0,1800.0,3600.0,7200.0,0.0,1,6675,7960,,,,,MasterMilitaryOnBaseList 12.2.25 NS.xlsx
CA-TRAVISAF-004,Travis AFB,,CA,Sacramnto-Stkton-Modesto,94535,Air Force,Digital,LED Sign,6' x 9' (1920px x 1080px - Static),Your ad will appear in approved installation facilities.,1200.0,3600.0,7200.0,14400.0,,1,6675,7960,,,,,MasterMilitaryOnBaseList 12.2.25 NS.xlsx
CA-TRAVISAF-005,Travis AFB,,CA,Sacramnto-Stkton-Modesto,94535,Air Force,Standard Media,Banner,6'W x 3'H,Your ad will appear in an approved installation facility.,200.0,600.0,1200.0,2400.0,200.0,1,6675,7960,,,,,MasterMilitaryOnBaseList 12.2.25 NS.xlsx
CA-TRAVISAF-006,Travis AFB,,CA,Sacramnto-Stkton-Modesto,94535,Air Force,Standard Media,Outdoor Banner,3' x 6',Your ad will appear in approved installation facilities.,200.0,600.0,1200.0,2400.0,200.0,1,6675,7960,,,,,MasterMilitaryOnBaseList 12.2.25 NS.xlsx
CA-TRAVISAF-007,Travis AFB,,CA,Sacramnto-Stkton-Modesto,94535,Air Force,Standard Media,Posters,"11""W x 17""H",Your ad will appear in approved installation facilities.,2000.0,6000.0,12000.0,24000.0,,1,6675,7960,,,,,MasterMilitaryOnBaseList 12.2.25 NS.xlsx
CA-TRAVISAF-008,Travis AFB,,CA,Sacramnto-Stkton-Modesto,94535,Air Force,Print & Publications,Magazine,TBD,Your full page ad will appear in the quarterly magazine.,,600.0,1200.0,2400.0,0.0,3,6675,7960,,,,Source formula errors,MasterMilitaryOnBaseList 12.2.25 NS.xlsx
CA-TRAVISAF-009,Travis AFB,,CA,Sacramnto-Stkton-Modesto,94535,Air Force,Print & Publications,Newsletter,TBD,Your ad will appear in the monthly newsletter.,200.0,600.0,1200.0,2400.0,0.0,1,6675,7960,,,,,MasterMilitaryOnBaseList 12.2.25 NS.xlsx
CA-TRAVISAF-010,Travis AFB,,CA,Sacramnto-Stkton-Modesto,94535,Air Force,Print & Publications,Publication Adventure Guide Ad - Back Cover,TBD,"Your ad will appear in ""The Adventure Guide"" publication that is distributed quarterly.",,925.0,1850.0,3700.0,,3,6675,7960,,,,,MasterMilitaryOnBaseList 12.2.25 NS.xlsx
CA-TRAVISAF-011,Travis AFB,,CA,Sacramnto-Stkton-Modesto,94535,Air Force,Web & Email,"""Experience Travis"" E-Newsletter Ad",500px x 500px,"Your ad will appeat in the monthly ""Experience Travis"" E-newsletter",200.0,600.0,1200.0,2400.0,,1,6675,7960,,,,,MasterMilitaryOnBaseList 12.2.25 NS.xlsx
CO-BUCKLEYA-001,Buckley AFB,,CO,Denver,80011,Air Force,Digital,Digital Marquee,156pxW x 72pxH,Your ad will appear on the installation digital marquee.,200.0,600.0,1200.0,1200.0,0.0,1,2540,3106,,,,,MasterMilitaryOnBaseList 12.2.25 NS.xlsx
CO-BUCKLEYA-002,Buckley AFB,,CO,Denver,80011,Air Force,Digital,Digital Monitor Network,720pxW x 480pxH,Your ad will appear at 4 locations on digital monitors.,200.0,600.0,1200.0,1200.0,0.0,1,2540,3106,,,,,MasterMilitaryOnBaseList 12.2.25 NS.xlsx
CO-BUCKLEYA-003,Buckley AFB,,CO,Denver,80011,Air Force,Digital,Indoor Digital Monitors,720px x 480px (72 ppi),Your ad will appear on the installation digital monitors.,200.0,600.0,1200.0,1200.0,0.0,1,2540,3106,,,,,MasterMilitaryOnBaseList 12.2.25 NS.xlsx
CO-FORTCARS-001,Fort Carson,,CO,Colorado Springs-Pueblo,80913,Army,Digital,Bowling Digital Monitors,438px x 246px,Your ad will appear on the Bowling Alley digital monitors.,400.0,1000.0,2100.0,4400.0,0.0,1,24520,32953,,,,,MasterMilitaryOnBaseList 12.2.25 NS.xlsx
CO-FORTCARS-002,Fort Carson,,CO,Colorado Springs-Pueblo,80913,Army,Digital,Bowling Lane Masks,"36"" x 72""",Your ad will appear on the installation bowling lanes.,,,1800.0,3000.0,0.0,6,24520,32953,,,,Source formula errors,MasterMilitaryOnBaseList 12.2.25 NS.xlsx
CO-FORTCARS-003,Fort Carson,,CO,Colorado Springs-Pueblo,80913,Army,Digital,Bowling Lane Signage,"36""W x 72""H",Your ad will appear at the bowling center.,,,1800.0,3000.0,,6,24520,32953,,,,Source formula errors,MasterMilitaryOnBaseList 12.2.25 NS.xlsx
CO-FORTCARS-004,Fort Carson,,CO,Colorado Springs-Pueblo,80913,Army,Digital,Bowling Scoring Monitors,438pxW x 246pxH,Your ad will appear on the digital bowling scoring monitors.,400.0,1000.0,2100.0,4400.0,0.0,1,24520,32953,,,,,MasterMilitaryOnBaseList 12.2.25 NS.xlsx
CO-FORTCARS-005,Fort Carson,,CO,Colorado Springs-Pueblo,80913,Army,Digital,Digital Magazine Ad - 1/2 Page,"8.5""W x 5.5""H (Bleed: 8.9"" x 5.8"")",Your ad will appear in the Fort Carson Digital Magazine,,1000.0,1800.0,3600.0,0.0,3,24520,32953,,,,,MasterMilitaryOnBaseList 12.2.25 NS.xlsx
CO-FORTCARS-006,Fort Carson,,CO,Colorado Springs-Pueblo,80913,Army,Digital,Digital Magazine Ad - 1/4 Page,"4.13"" x 5.36"" (Bleed: 4.32"" x 5.61"")",Your ad will appear in the Fort Carson Digital Magazine,,500.0,800.0,1600.0,0.0,3,24520,32953,,,,,MasterMilitaryOnBaseList 12.2.25 NS.xlsx
CO-FORTCARS-007,Fort Carson,,CO,Colorado Springs-Pueblo,80913,Army,Digital,Digital Magazine Ad - Full Page,"8.5""W x 11""H (Bleed: 8.7509"" x 11.5297"")",Your ad will appear in the Fort Carson Digital Magazine,,2000.0,3800.0,,0.0,3,24520,32953,,,,,MasterMilitaryOnBaseList 12.2.25 NS.xlsx
CO-FORTCARS-008,Fort Carson,,CO,Colorado Springs-Pueblo,80913,Army,Digital,Digital Monitor Network,1366pxW x 768pxH,Your ad will appear on the digital monitor network in approved installation facilities.,500.0,1300.0,2700.0,5600.0,0.0,1,24520,32953,,,,,MasterMilitaryOnBaseList 12.2.25 NS.xlsx
CO-FORTCARS-009,Fort Carson,,CO,Colorado Springs-Pueblo,80913,Army,Digital,Indoor Digital Monitors,1366px x 768px,Your ad will appear on the installation digital monitors.,500.0,1300.0,2700.0,5600.0,0.0,1,24520,32953,,,,,MasterMilitaryOnBaseList 12.2.25 NS.xlsx
CO-FORTCARS-010,Fort Carson,,CO,Colorado Springs-Pueblo,80913,Army,Digital,Magazine - Digital,"8.5""W x 11""H",Your ad will appear as a full page ad in the installation magazine.,3000.0,3800.0,5700.0,7600.0,0.0,1,24520,32953,,,,,MasterMilitaryOnBaseList 12.2.25 NS.xlsx
CO-FORTCARS-011,Fort Carson,,CO,Colorado Springs-Pueblo,80913,Army,Standard Media,Banners,8'W x 4'H,Your ad will appear in an approved installation facility.,,900.0,1800.0,3200.0,250.0,3,24520,32953,,,,Source formula errors,MasterMilitaryOnBaseList 12.2.25 NS.xlsx
CO-FORTCARS-012,Fort Carson,,CO,Colorado Springs-Pueblo,80913,Army,Standard Media,Golf Course Tee Market,TBD,Your ad will appear at a golf course tee box.,,,,2400.0,,12,24520,32953,,,,Source formula errors,MasterMilitaryOnBaseList 12.2.25 NS.xlsx
CO-FORTCARS-013,Fort Carson,,CO,Colorado Springs-Pueblo,80913,Army,Standard Media,Indoor Horizontal Banner Placement,8'W x 4'H,Your ad will appear at an approved installation facility.,,900.0,1800.0,3200.0,200.0,3,24520,32953,,,,,MasterMilitaryOnBaseList 12.2.25 NS.xlsx
CO-FORTCARS-014,Fort Carson,,CO,Colorado Springs-Pueblo,80913,Army,Standard Media,Indoor Posters,"24""W x 28""H",Your ad will appear at an approved installation facility.,200.0,600.0,1800.0,1200.0,100.0,1,24520,32953,,,,,MasterMilitaryOnBaseList 12.2.25 NS.xlsx
CO-FORTCARS-015,Fort Carson,,CO,Colorado Springs-Pueblo,80913,Army,Standard Media,Outdoor Banners,8'W x 4'H,Your ad will appeat at an approved installation facility.,,900.0,1800.0,3200.0,250.0,3,24520,32953,,,,Source formula errors,MasterMilitaryOnBaseList 12.2.25 NS.xlsx
CO-FORTCARS-016,Fort Carson,,CO,Colorado Springs-Pueblo,80913,Army,Standard Media,Posters,"24""W x 28""H",Your ad will appear in an approved installation facility.,200.0,600.0,1200.0,2000.0,125.0,1,24520,32953,,,,,MasterMilitaryOnBaseList 12.2.25 NS.xlsx
CO-FORTCARS-017,Fort Carson,,CO,Colorado Springs-Pueblo,80913,Army,Standard Media,Tee Markers,TBD,Your ad will appear on the Fort Carson golf course.,200.0,400.0,900.0,2000.0,0.0,1,24520,32953,,,,,MasterMilitaryOnBaseList 12.2.25 NS.xlsx
CO-FORTCARS-018,Fort Carson,,CO,Colorado Springs-Pueblo,80913,Army,Large Format,Adhesive Cling,"6"" x 6""",Your ad will appear at approved installation facilities.,,900.0,1800.0,3200.0,0.0,3,24520,32953,,,,Source formula errors,MasterMilitaryOnBaseList 12.2.25 NS.xlsx
CO-FORTCARS-019,Fort Carson,,CO,Colorado Springs-Pueblo,80913,Army,Large Format,Counter Wrap,"36""W x 72""H",Your ad will appear at an approved installation facility.,,,,6000.0,,12,24520,32953,,,,Source formula errors,MasterMilitaryOnBaseList 12.2.25 NS.xlsx
CO-FORTCARS-020,Fort Carson,,CO,Colorado Springs-Pueblo,80913,Army,Large Format,Counter Wraps,"36""W x 72""H",Your ad will appear on approved facility counters in the installation.,,,,6000.0,0.0,12,24520,32953,,,,Source formula errors,MasterMilitaryOnBaseList 12.2.25 NS.xlsx
CO-FORTCARS-021,Fort Carson,,CO,Colorado Springs-Pueblo,80913,Army,Large Format,Floor Decal,"6""W x 6""W",Your ad will appear at an approved installation facility.,,,,5000.0,,12,24520,32953,,,,Source formula errors,MasterMilitaryOnBaseList 12.2.25 NS.xlsx
CO-FORTCARS-022,Fort Carson,,CO,Colorado Springs-Pueblo,80913,Army,Large Format,Floor Decals,"6"" x 6""",Your ad will appear on approved facility floors in the installation.,,,,5000.0,0.0,12,24520,32953,,,,,MasterMilitaryOnBaseList 12.2.25 NS.xlsx
CO-FORTCARS-023,Fort Carson,,CO,Colorado Springs-Pueblo,80913,Army,Large Format,Stair Wrap,"36""W x 72""H",Your ad will appear at an approved installation facility.,,,,6000.0,,12,24520,32953,,,,Source formula errors,MasterMilitaryOnBaseList 12.2.25 NS.xlsx
CO-FORTCARS-024,Fort Carson,,CO,Colorado Springs-Pueblo,80913,Army,Large Format,Stair Wraps,"36""W x 72""H",Your ad will appear on approved facility staircases in the installation.,,,,6000.0,0.0,12,24520,32953,,,,,MasterMilitaryOnBaseList 12.2.25 NS.xlsx
CO-FORTCARS-025,Fort Carson,,CO,Colorado Springs-Pueblo,80913,Army,Large Format,Tabling,TBD,Your business will interact on installation.,500.0,,,,0.0,1,24520,32953,,,,Source formula errors,MasterMilitaryOnBaseList 12.2.25 NS.xlsx
CO-FORTCARS-026,Fort Carson,,CO,Colorado Springs-Pueblo,80913,Army,Large Format,Wall Cling,"6""W x 6""W",Your ad will appear at an approved installation facility.,,900.0,1800.0,3200.0,,3,24520,32953,,,,Source formula errors,MasterMilitaryOnBaseList 12.2.25 NS.xlsx
CO-FORTCARS-027,Fort Carson,,CO,Colorado Springs-Pueblo,80913,Army,Print & Publications,Flyers,"8""W x 11""H",Your ad will appear in/on approved installation facilties.,200.0,600.0,1000.0,2000.0,0.0,1,24520,32953,,,,,MasterMilitaryOnBaseList 12.2.25 NS.xlsx
CO-FORTCARS-028,Fort Carson,,CO,Colorado Springs-Pueblo,80913,Army,Print & Publications,Flyers,"8""W x 11.5""H",Your ad will appear in an approved installation facility.,200.0,600.0,1000.0,2000.0,,1,24520,32953,,,,,MasterMilitaryOnBaseList 12.2.25 NS.xlsx
CO-FORTCARS-029,Fort Carson,,CO,Colorado Springs-Pueblo,80913,Army,Print & Publications,Magazine - Print,"8.5""W x 11""H",Your ad will appear as a full page ad in the installation magazine.,2000.0,3800.0,5700.0,7600.0,0.0,1,24520,32953,,,,,MasterMilitaryOnBaseList 12.2.25 NS.xlsx
CO-FORTCARS-030,Fort Carson,,CO,Colorado Springs-Pueblo,80913,Army,Print & Publications,Magazine Ad - 1/2 Page,"8.5""W x 5.5""H (Bleed: 8.9"" x 5.8"")",Your ad will appear in the Fort Carson Magazine,,1000.0,1800.0,3600.0,0.0,3,24520,32953,,,,,MasterMilitaryOnBaseList 12.2.25 NS.xlsx
CO-FORTCARS-031,Fort Carson,,CO,Colorado Springs-Pueblo,80913,Army,Print & Publications,Magazine Ad - 1/4 Page,"4.13"" x 5.36"" (Bleed: 4.32"" x 5.61"")",Your ad will appear in the Fort Carson Magazine,,500.0,800.0,1600.0,0.0,3,24520,32953,,,,,MasterMilitaryOnBaseList 12.2.25 NS.xlsx
CO-FORTCARS-032,Fort Carson,,CO,Colorado Springs-Pueblo,80913,Army,Print & Publications,Magazine Ad - Full Page,"8.5""W x 11""H (Bleed: 8.7509"" x 11.5297"")",Your ad will appear in the Fort Carson Magazine,,2000.0,3800.0,7600.0,0.0,3,24520,32953,,,,,MasterMilitaryOnBaseList 12.2.25 NS.xlsx
CO-FORTCARS-033,Fort Carson,,CO,Colorado Springs-Pueblo,80913,Army,Print & Publications,Newcomers Folder Insert,TBD,Your ad will appear in the Fort Carson Newcomers Folder,300.0,900.0,1200.0,2400.0,0.0,1,24520,32953,,,,,MasterMilitaryOnBaseList 12.2.25 NS.xlsx
CO-FORTCARS-034,Fort Carson,,CO,Colorado Springs-Pueblo,80913,Army,Print & Publications,Newcomers Folder Insert,TBD,Your ad will appear in the newcomers guide folder.,300.0,900.0,1200.0,2400.0,,1,24520,32953,,,,,MasterMilitaryOnBaseList 12.2.25 NS.xlsx
CO-FORTCARS-035,Fort Carson,,CO,Colorado Springs-Pueblo,80913,Army,Web & Email,Social Media Post,TBD - 1 post/week,Your ad will appear on the Fort Carson social media pages with a link to the website of your choice.,400.0,1000.0,2100.0,4400.0,0.0,1,24520,32953,,,,,MasterMilitaryOnBaseList 12.2.25 NS.xlsx
CO-FORTCARS-036,Fort Carson,,CO,Colorado Springs-Pueblo,80913,Army,Sponsorship & Other,Golf Cart Magnets,TBD,Your ad will appear in approved golf carts on the installation.,200.0,400.0,900.0,2000.0,0.0,1,24520,32953,,,,,MasterMilitaryOnBaseList 12.2.25 NS.xlsx
CO-FORTCARS-037,Fort Carson,,CO,Colorado Springs-Pueblo,80913,Army,Sponsorship & Other,Golf Cart Magnets,TBD,Your ad will appear on a golf cart as a magnet.,200.0,400.0,900.0,2000.0,,1,24520,32953,,,,,MasterMilitaryOnBaseList 12.2.25 NS.xlsx
CO-FORTCARS-038,Fort Carson,,CO,Colorado Springs-Pueblo,80913,Army,Sponsorship & Other,T-Shirt Logo Placement,TBD - Pricing is per event,Your logo will appear on one of the Fort Carson festival or fun run T-shirts.,,,,500.0,0.0,12,24520,32953,,,,,MasterMilitaryOnBaseList 12.2.25 NS.xlsx
CO-PETERSON-001,Peterson AFB,,CO,Colorado Springs-Pueblo,80914,Air Force,Digital,Digital Monitor Network,1920pxW x 1080pxH,"Your ad will appear 12 digital monitors in approved installation facilities. Additionally, your ad will appear on 348 lodging room monitors.",,,1800.0,3600.0,0.0,6,3645,6210,,,,Source formula errors,MasterMilitaryOnBaseList 12.2.25 NS.xlsx
CO-PETERSON-002,Peterson AFB,,CO,Colorado Springs-Pueblo,80914,Air Force,Digital,Media Monitors,1920px x 1080px,Your ad will appear in 10 approved facilities on the installation with a total of 360 TVs,,,5100.0,8670.0,,6,3645,6210,,,,,MasterMilitaryOnBaseList 12.2.25 NS.xlsx
CO-PETERSON-003,Peterson AFB,,CO,Colorado Springs-Pueblo,80914,Air Force,Large Format,Counter Wrap,TBD,Your ad will appear on approved counters in facilities on the installation.,,,,5000.0,,12,3645,6210,,,,,MasterMilitaryOnBaseList 12.2.25 NS.xlsx
CO-PETERSON-004,Peterson AFB,,CO,Colorado Springs-Pueblo,80914,Air Force,Large Format,Door Cling,TBD,Your ad will appear on approved doors in facilities on the installation.,,,,5000.0,,12,3645,6210,,,,,MasterMilitaryOnBaseList 12.2.25 NS.xlsx
CO-PETERSON-005,Peterson AFB,,CO,Colorado Springs-Pueblo,80914,Air Force,Large Format,Wall Cling,TBD,Your ad will appear on approved walls in facilities on the installation.,,,,5000.0,,12,3645,6210,,,,,MasterMilitaryOnBaseList 12.2.25 NS.xlsx
CO-PETERSON-006,Peterson AFB,,CO,Colorado Springs-Pueblo,80914,Air Force,Large Format,Wall Wrap,Varies,"Your ad will appear at the Fitness Center as a wall wrap, counter wrap or wall/door cling.",,,,5000.0,,12,3645,6210,,,,Source formula errors,MasterMilitaryOnBaseList 12.2.25 NS.xlsx
CO-PETERSON-007,Peterson AFB,,CO,Colorado Springs-Pueblo,80914,Air Force,Large Format,Window Cling,TBD,Your ad will appear on approved windows in facilities on the installation.,,,,5000.0,,12,3645,6210,,,,,MasterMilitaryOnBaseList 12.2.25 NS.xlsx
CO-SCHRIEVE-001,Schriever AFB,,CO,Colorado Springs-Pueblo,80912,Air Force,Digital,Digital Monitor Network,1920pxW x 1080pxH,Your ad will appear on 6 digital monitors in approved installation facilities.,100.0,270.0,540.0,1080.0,0.0,1,1853,2679,,,,,MasterMilitaryOnBaseList 12.2.25 NS.xlsx
CO-SCHRIEVE-002,Schriever AFB,,CO,Colorado Springs-Pueblo,80912,Air Force,Standard Media,Banner,3'W x 6'H,Your ad will appear at the fitness center.,100.0,270.0,540.0,1080.0,0.0,1,1853,2679,,,,,MasterMilitaryOnBaseList 12.2.25 NS.xlsx
CO-SCHRIEVE-003,Schriever AFB,,CO,Colorado Springs-Pueblo,80912,Air Force,Large Format,Business Cards,TBD,Your ad will appear at the fitness and resale centers.,50.0,135.0,270.0,540.0,0.0,1,1853,2679,,,,,MasterMilitaryOnBaseList 12.2.25 NS.xlsx
CO-SCHRIEVE-004,Schriever AFB,,CO,Colorado Springs-Pueblo,80912,Air Force,Print & Publications,Magazine,TBD,Your ad will appear as a full page ad in 3 issues.,,,,810.0,0.0,12,1853,2679,,,,Source formula errors,MasterMilitaryOnBaseList 12.2.25 NS.xlsx
CO-USAFACAD-001,USAF Academy,,CO,Colorado Springs-Pueblo,80840,Air Force,Digital,Digital Monitor Network,1920pxW x 1080pxH,Your ad will appear on 14 digital monitors in approved installation facilities.,200.0,540.0,1080.0,1080.0,0.0,1,2070,3209,,,,,MasterMilitaryOnBaseList 12.2.25 NS.xlsx
CO-USAFACAD-002,USAF Academy,,CO,Colorado Springs-Pueblo,80840,Air Force,Digital,Digital Monitors,1920pxW x 1080pxH,Your ad will appear on 14 cross marketing TVs located throughout the installation.,200.0,540.0,,,,1,2070,3209,,,,,MasterMilitaryOnBaseList 12.2.25 NS.xlsx
CO-USAFACAD-003,USAF Academy,,CO,Colorado Springs-Pueblo,80840,Air Force,Standard Media,Banners,TBD,Your ad will appear in an approved installation facility.,200.0,540.0,1080.0,1080.0,,1,2070,3209,,,,,MasterMilitaryOnBaseList 12.2.25 NS.xlsx
CO-USAFACAD-004,USAF Academy,,CO,Colorado Springs-Pueblo,80840,Air Force,Print & Publications,Golf Score Card,"3.50""W x 1.50""H","Your ad will be placed inside the first flap of 80,000 golf score cards.",,,,5000.0,,12,2070,3209,,,,,MasterMilitaryOnBaseList 12.2.25 NS.xlsx
CO-USAFACAD-005,USAF Academy,,CO,Colorado Springs-Pueblo,80840,Air Force,Print & Publications,Golf Scorecard,"3.5"" x 1.5""",Your ad will appear on the on the golf course scorecard.,,,,5000.0,,12,2070,3209,,,,Source formula errors,MasterMilitaryOnBaseList 12.2.25 NS.xlsx
CO-USAFACAD-006,USAF Academy,,CO,Colorado Springs-Pueblo,80840,Air Force,Print & Publications,Magazine,"7.75""W x 10.5""H",Your ad will appear in the bi-monthly magazine.,,,3900.0,7800.0,0.0,6,2070,3209,,,,Source formula errors,MasterMilitaryOnBaseList 12.2.25 NS.xlsx
CO-USAFACAD-007,USAF Academy,,CO,Colorado Springs-Pueblo,80840,Air Force,Print & Publications,Magazine Ad - Full Page,"7.75""W x 10.5""H","Your ad will appear in the ""Blast Magazine"" that is sent out bimonthly. (One month price = 2 issues, $2,600 per issue)",2600.0,,,,,1,2070,3209,,,,,MasterMilitaryOnBaseList 12.2.25 NS.xlsx
CO-USAFACAD-008,USAF Academy,,CO,Colorado Springs-Pueblo,80840,Air Force,Print & Publications,Magazine Ad - Half Page,"7.75""W x 5.25""H","Your ad will appear in the ""Blast Magazine"" that is sent out bimonthly. (One month price = 2 issues, $1,700 per issue)",1700.0,,,,,1,2070,3209,,,,,MasterMilitaryOnBaseList 12.2.25 NS.xlsx
CO-USAFACAD-009,USAF Academy,,CO,Colorado Springs-Pueblo,80840,Air Force,Print & Publications,Magazine Ad - Quarter Page,"3.7""W x 5.25""H","Your ad will appear in the ""Blast Magazine"" that is sent out bimonthly. (One month price = 2 issues, $1,000 per issue)",1000.0,,,,,1,2070,3209,,,,,MasterMilitaryOnBaseList 12.2.25 NS.xlsx
CO-USAFACAD-010,USAF Academy,,CO,Colorado Springs-Pueblo,80840,Air Force,Print & Publications,Outdoor Recreation Calendar,"2"" x 4""",Your ad will appear on the back cover of the Outdoor Recreation Calendar.,100.0,250.0,,,,1,2070,3209,,,,,MasterMilitaryOnBaseList 12.2.25 NS.xlsx
DC-JBABANAC-001,JBAB Anacostia NS,JB Anacostia-Bolling,DC,"Washington, DC (Hagrstwn)",20332,Navy,Digital,Digital Monitors,1920px x 1080px,Your ad will appear on monitors in approved facilities on the installation.,800.0,2300.0,4500.0,8100.0,0.0,1,2491,3654,,,,,MasterMilitaryOnBaseList 12.2.25 NS.xlsx
DC-JBABANAC-002,JBAB Anacostia NS,JB Anacostia-Bolling,DC,"Washington, DC (Hagrstwn)",20332,Navy,Standard Media,Banner/Pop-up Banner,4' x 6',Your ad will appear in approved facilities on the installation.,300.0,800.0,1600.0,2880.0,200.0,1,2491,3654,,,,,MasterMilitaryOnBaseList 12.2.25 NS.xlsx
DC-JBABANAC-003,JBAB Anacostia NS,JB Anacostia-Bolling,DC,"Washington, DC (Hagrstwn)",20332,Navy,Standard Media,Posters,"22"" x 28""",Your ad will appear in approved facilities on the installation.,150.0,425.0,825.0,1485.0,100.0,1,2491,3654,,,,,MasterMilitaryOnBaseList 12.2.25 NS.xlsx
DC-JBABANAC-004,JBAB Anacostia NS,JB Anacostia-Bolling,DC,"Washington, DC (Hagrstwn)",20332,Navy,Large Format,Large Banner,7' x 3',Your ad will appear in approved facilities on the installation.,300.0,800.0,1600.0,2880.0,200.0,1,2491,3654,,,,,MasterMilitaryOnBaseList 12.2.25 NS.xlsx
DC-JBABANAC-005,JBAB Anacostia NS,JB Anacostia-Bolling,DC,"Washington, DC (Hagrstwn)",20332,Navy,Web & Email,Monthly E-Newsletter - Full Page,"8.5""W x 10.1""H","Your ad will appear in the monthly e-newsletter (sent out to 18,000 and posted on Facebook)",275.0,800.0,1525.0,2745.0,0.0,1,2491,3654,,,,,MasterMilitaryOnBaseList 12.2.25 NS.xlsx
DC-JBABANAC-006,JBAB Anacostia NS,JB Anacostia-Bolling,DC,"Washington, DC (Hagrstwn)",20332,Navy,Web & Email,Monthly E-Newsletter - Half Page,"8.110""W x 4.647""H","Your ad will appear in the monthly e-newsletter (sent out to 18,000 and posted on Facebook)",150.0,425.0,825.0,1485.0,0.0,1,2491,3654,,,,,MasterMilitaryOnBaseList 12.2.25 NS.xlsx
DC-JBABANAC-007,JBAB Anacostia NS,JB Anacostia-Bolling,DC,"Washington, DC (Hagrstwn)",20332,Navy,Web & Email,Monthly E-Newsletter - Quarter Page,"4.017""W x 5.240""H","Your ad will appear in the monthly e-newsletter (sent out to 18,000 and posted on Facebook)",75.0,225.0,450.0,810.0,0.0,1,2491,3654,,,,,MasterMilitaryOnBaseList 12.2.25 NS.xlsx
DC-WASHINGT-001,Washington NAVDIST HQ,Naval District Washington / Washington Navy Yard,DC,"Washington, DC (Hagrstwn)",20374,Navy,Digital,Bowling Screens,1920px x 1080px,"Your ad will appear on the bowling alley digital monitors. ($1,000/monitor)",500.0,1500.0,3000.0,6000.0,0.0,1,3100,5435,,,,,MasterMilitaryOnBaseList 12.2.25 NS.xlsx
DC-WASHINGT-002,Washington NAVDIST HQ,Naval District Washington / Washington Navy Yard,DC,"Washington, DC (Hagrstwn)",20374,Navy,Digital,Digital Monitors,1920px x 1080px,Your ad will appear on monitors in approved facilities on the installation.($250/monitor - 45 monitors total),125.0,375.0,750.0,1500.0,0.0,1,3100,5435,,,,,MasterMilitaryOnBaseList 12.2.25 NS.xlsx
DC-WASHINGT-003,Washington NAVDIST HQ,Naval District Washington / Washington Navy Yard,DC,"Washington, DC (Hagrstwn)",20374,Navy,Digital,Static Marquees,TBD,Your ad will appear on approved marquees on the installation.,350.0,1050.0,2100.0,4200.0,0.0,1,3100,5435,,,,,MasterMilitaryOnBaseList 12.2.25 NS.xlsx
DC-WASHINGT-004,Washington NAVDIST HQ,Naval District Washington / Washington Navy Yard,DC,"Washington, DC (Hagrstwn)",20374,Navy,Digital,Theater Pre-Show Screen,1920px x 1080px,Your ad will appear on the movie theater screen prior to the movie. ($900/location),450.0,135.0,2700.0,5400.0,0.0,1,3100,5435,,,,,MasterMilitaryOnBaseList 12.2.25 NS.xlsx
DC-WASHINGT-005,Washington NAVDIST HQ,Naval District Washington / Washington Navy Yard,DC,"Washington, DC (Hagrstwn)",20374,Navy,Digital,Video Marquees,TBD,Your ad will appear on approved marquees on the installation.,1000.0,3000.0,6000.0,12000.0,0.0,1,3100,5435,,,,,MasterMilitaryOnBaseList 12.2.25 NS.xlsx
DC-WASHINGT-006,Washington NAVDIST HQ,Naval District Washington / Washington Navy Yard,DC,"Washington, DC (Hagrstwn)",20374,Navy,Standard Media,Banners,3' x 6',Your ad will appear in approved facilities on the installation.,500.0,1500.0,3000.0,6000.0,200.0,1,3100,5435,,,,,MasterMilitaryOnBaseList 12.2.25 NS.xlsx
DC-WASHINGT-007,Washington NAVDIST HQ,Naval District Washington / Washington Navy Yard,DC,"Washington, DC (Hagrstwn)",20374,Navy,Standard Media,Posters,"22"" x 28""",Your ad will appear in approved facilities on the installation.,200.0,600.0,1200.0,2400.0,100.0,1,3100,5435,,,,,MasterMilitaryOnBaseList 12.2.25 NS.xlsx
DC-WASHINGT-008,Washington NAVDIST HQ,Naval District Washington / Washington Navy Yard,DC,"Washington, DC (Hagrstwn)",20374,Navy,Large Format,Counter Wraps,TBD,Your ad will appear in approved facilities on the installation.,1000.0,3000.0,6000.0,12000.0,0.0,1,3100,5435,,,,,MasterMilitaryOnBaseList 12.2.25 NS.xlsx
DC-WASHINGT-009,Washington NAVDIST HQ,Naval District Washington / Washington Navy Yard,DC,"Washington, DC (Hagrstwn)",20374,Navy,Web & Email,E-News Footer Ad,800px x 450px,"Your ad will appear on the footer of the monthly newsletter ($1,200/month/send)",400.0,1200.0,2400.0,4800.0,0.0,1,3100,5435,,,,,MasterMilitaryOnBaseList 12.2.25 NS.xlsx
DC-WASHINGT-010,Washington NAVDIST HQ,Naval District Washington / Washington Navy Yard,DC,"Washington, DC (Hagrstwn)",20374,Navy,Web & Email,E-News Header Ad,800px x 150px,"Your ad will appear on the header of the monthly newsletter ($1,200/month/send)",600.0,1800.0,3600.0,7200.0,0.0,1,3100,5435,,,,,MasterMilitaryOnBaseList 12.2.25 NS.xlsx
DE-DOVERAFB-001,Dover AFB,,DE,Philadelphia,19902,Air Force,Digital,Bowling Alley Masking Units,"42.5"" x 132""",Your ad will appear in the bowling alley on the installation.,,600.0,975.0,1535.0,0.0,3,3484,4234,,,,Source formula errors,MasterMilitaryOnBaseList 12.2.25 NS.xlsx
DE-DOVERAFB-002,Dover AFB,,DE,Philadelphia,19902,Air Force,Digital,Bowling Masking Unit,3.5'W x 11'H,Your ad will appear above pins at the bowling ally.,,600.0,975.0,1535.0,,3,3484,4234,,,,Source formula errors,MasterMilitaryOnBaseList 12.2.25 NS.xlsx
DE-DOVERAFB-003,Dover AFB,,DE,Philadelphia,19902,Air Force,Digital,Digital Monitor Network,1920pxW x 1080pxH,Your ad will appear on 9 digital monitors in approved installation facilities.,,750.0,1200.0,1800.0,0.0,3,3484,4234,,,,Source formula errors,MasterMilitaryOnBaseList 12.2.25 NS.xlsx
DE-DOVERAFB-004,Dover AFB,,DE,Philadelphia,19902,Air Force,Standard Media,Banner,2'W x 4'H,Your ad will appear in approved installation facilities.,,565.0,940.0,1500.0,175.0,3,3484,4234,,,,Source formula errors,MasterMilitaryOnBaseList 12.2.25 NS.xlsx
DE-DOVERAFB-005,Dover AFB,,DE,Philadelphia,19902,Air Force,Standard Media,Banners,3' x 4',Your ad will appear in approved facilities on the installation.,,565.0,940.0,1500.0,200.0,3,3484,4234,,,,Source formula errors,MasterMilitaryOnBaseList 12.2.25 NS.xlsx
DE-DOVERAFB-006,Dover AFB,,DE,Philadelphia,19902,Air Force,Standard Media,Poster,"22""W x 28""H",Your ad will appear in approved installation facilities.,,150.0,265.0,495.0,100.0,3,3484,4234,,,,Source formula errors,MasterMilitaryOnBaseList 12.2.25 NS.xlsx
DE-DOVERAFB-007,Dover AFB,,DE,Philadelphia,19902,Air Force,Standard Media,Posters,"22"" x 28""",Your ad will appear in approved facilities on the installation.,,150.0,265.0,495.0,100.0,3,3484,4234,,,,Source formula errors,MasterMilitaryOnBaseList 12.2.25 NS.xlsx
DE-DOVERAFB-008,Dover AFB,,DE,Philadelphia,19902,Air Force,Large Format,Desk Wrap,28'W x 3.1'H,Your ad will appear in approved installation facilities.,,,,5600.0,,12,3484,4234,,,,Source formula errors,MasterMilitaryOnBaseList 12.2.25 NS.xlsx
DE-DOVERAFB-009,Dover AFB,,DE,Philadelphia,19902,Air Force,Large Format,Desk Wraps,"37""H x 28'W",Your ad will appear on approved desks in the installation.,,,,5600.0,0.0,12,3484,4234,,,,Source formula errors,MasterMilitaryOnBaseList 12.2.25 NS.xlsx
DE-DOVERAFB-010,Dover AFB,,DE,Philadelphia,19902,Air Force,Sponsorship & Other,Table Toppers,"8.5"" x 11""H",Your ad will appear in approved installation facilities.,,100.0,215.0,445.0,,3,3484,4234,,,,Source formula errors,MasterMilitaryOnBaseList 12.2.25 NS.xlsx
DE-DOVERAFB-011,Dover AFB,,DE,Philadelphia,19902,Air Force,Sponsorship & Other,Table/Counter Toppers,"8 1/12"" x 11""",Your ad will appear on approved tables and counters on the installation.,,100.0,215.0,445.0,0.0,3,3484,4234,,,,Source formula errors,MasterMilitaryOnBaseList 12.2.25 NS.xlsx
FL-EGLINAFB-001,Eglin AFB,,FL,Mobile-Pensacola (Ft Walt),32542,Air Force,Digital,Digital Kiosk Network,"16""W x 9""H",Your ad will be seen on 20 digital kiosks in approved installation facilities.,600.0,1620.0,3060.0,5760.0,0.0,1,9243,12793,,,,,MasterMilitaryOnBaseList 12.2.25 NS.xlsx
FL-EGLINAFB-002,Eglin AFB,,FL,Mobile-Pensacola (Ft Walt),32542,Air Force,Standard Media,Banner,8'W x 3'H,Your ad will appear at an approved installation facility.,500.0,1500.0,3000.0,6000.0,250.0,1,9243,12793,,,,,MasterMilitaryOnBaseList 12.2.25 NS.xlsx
FL-EGLINAFB-003,Eglin AFB,,FL,Mobile-Pensacola (Ft Walt),32542,Air Force,Standard Media,Countertop Display,TBD,Your ad will appear on approved counters in facilities on the installation. (3 month minimum purchase),,450.0,900.0,1800.0,0.0,3,9243,12793,,,,,MasterMilitaryOnBaseList 12.2.25 NS.xlsx
FL-EGLINAFB-004,Eglin AFB,,FL,Mobile-Pensacola (Ft Walt),32542,Air Force,Standard Media,Countertop Display,TBD,Your ad will appear at an approved installation facility.,,450.0,900.0,1800.0,,3,9243,12793,,,,Source formula errors,MasterMilitaryOnBaseList 12.2.25 NS.xlsx
FL-EGLINAFB-005,Eglin AFB,,FL,Mobile-Pensacola (Ft Walt),32542,Air Force,Standard Media,Golf Tee Markers,TBD,"Your ad will appear on tees at the Eglin Golf Course (minimum of a 12 month purchase, $1,125 for 2 ads)",,,,560.0,,12,9243,12793,,,,,MasterMilitaryOnBaseList 12.2.25 NS.xlsx
FL-EGLINAFB-006,Eglin AFB,,FL,Mobile-Pensacola (Ft Walt),32542,Air Force,Standard Media,Golf Tee Markers,TBD,Your ad will appear at each golf course.,,,,560.0,,12,9243,12793,,,,Source formula errors,MasterMilitaryOnBaseList 12.2.25 NS.xlsx
FL-EGLINAFB-007,Eglin AFB,,FL,Mobile-Pensacola (Ft Walt),32542,Air Force,Standard Media,Medium Banner,12'W x 4'H,Your ad will appear at an approved installation facility.,600.0,1800.0,3600.0,7200.0,200.0,1,9243,12793,,,,,MasterMilitaryOnBaseList 12.2.25 NS.xlsx
FL-EGLINAFB-008,Eglin AFB,,FL,Mobile-Pensacola (Ft Walt),32542,Air Force,Standard Media,Small Banner,8'W x 3'H,Your ad will appear at an approved installation facility.,500.0,1500.0,3000.0,6000.0,200.0,1,9243,12793,,,,,MasterMilitaryOnBaseList 12.2.25 NS.xlsx
FL-EGLINAFB-009,Eglin AFB,,FL,Mobile-Pensacola (Ft Walt),32542,Air Force,Large Format,Large Banner,16'W x 5'H,Your ad will appear at an approved installation facility.,1000.0,3000.0,6000.0,12000.0,200.0,1,9243,12793,,,,,MasterMilitaryOnBaseList 12.2.25 NS.xlsx
FL-EGLINAFB-010,Eglin AFB,,FL,Mobile-Pensacola (Ft Walt),32542,Air Force,Large Format,Large Banner,12'W x 4'H,Your ad will appear at an approved installation facility.,600.0,1800.0,3600.0,7200.0,500.0,1,9243,12793,,,,,MasterMilitaryOnBaseList 12.2.25 NS.xlsx
FL-EGLINAFB-011,Eglin AFB,,FL,Mobile-Pensacola (Ft Walt),32542,Air Force,Large Format,Wall/Counter Wraps,Square footage available based upon request,Your ad will appear in approved facilities on the installation. (12 month minimum) - $10/sq ft.,,,,,,,9243,12793,,,,No price on file - inquire,MasterMilitaryOnBaseList 12.2.25 NS.xlsx
FL-EGLINAFB-012,Eglin AFB,,FL,Mobile-Pensacola (Ft Walt),32542,Air Force,Large Format,Wall/Counter/Window Wrap/Cling,Varies,Your ad will appear at an approved installation facility.,,,,,,,9243,12793,,,,No price on file - inquire; Source formula errors,MasterMilitaryOnBaseList 12.2.25 NS.xlsx
FL-EGLINAFB-013,Eglin AFB,,FL,Mobile-Pensacola (Ft Walt),32542,Air Force,Large Format,XL Banner,16'W x 5'H,Your ad will appear at an approved installation facility.,1000.0,3000.0,6000.0,12000.0,900.0,1,9243,12793,,,,,MasterMilitaryOnBaseList 12.2.25 NS.xlsx
FL-EGLINAFB-014,Eglin AFB,,FL,Mobile-Pensacola (Ft Walt),32542,Air Force,Print & Publications,Golf Score Cards,"4""W x 2""H",Your ad will appear on score cards at the Eglin Golf Course. (12 month commitment),75.0,150.0,300.0,600.0,0.0,1,9243,12793,,,,,MasterMilitaryOnBaseList 12.2.25 NS.xlsx
FL-EGLINAFB-015,Eglin AFB,,FL,Mobile-Pensacola (Ft Walt),32542,Air Force,Print & Publications,Golf Scorecard,"4""W x 2""H",Your ad will appear on the golf course scorecard.,,,,900.0,,12,9243,12793,,,,Source formula errors,MasterMilitaryOnBaseList 12.2.25 NS.xlsx
FL-EGLINAFB-016,Eglin AFB,,FL,Mobile-Pensacola (Ft Walt),32542,Air Force,Print & Publications,Newsletter,TBD,Your ad will appear on the weekly e-newsletter.,180.0,540.0,1080.0,2160.0,0.0,1,9243,12793,,,,,MasterMilitaryOnBaseList 12.2.25 NS.xlsx
FL-EGLINAFB-017,Eglin AFB,,FL,Mobile-Pensacola (Ft Walt),32542,Air Force,Print & Publications,Newsletter Ads,"16""W x 9""H",Your ad will appear in a weekly newsletter.,180.0,360.0,720.0,1440.0,0.0,1,9243,12793,,,,,MasterMilitaryOnBaseList 12.2.25 NS.xlsx
FL-HOMESTEA-001,Homestead AFB,,FL,Miami-Ft. Lauderdale,33039,Air Force,Sponsorship & Other,Contact 482fw.pa@us.af.mil,,,,,,,,,429,718,,,,No price on file - inquire,MasterMilitaryOnBaseList 12.2.25 NS.xlsx
FL-HURLBURT-001,Hurlburt Field,,FL,Mobile-Pensacola (Ft Walt),32544,Air Force,Digital,Digital Marquee,1024pxW x 574pxH,Your ad will appear on 4 6'W x 9'H digital marquees located at both the front and back entry gates.,1300.0,3900.0,7800.0,15600.0,0.0,1,8185,10597,,,,,MasterMilitaryOnBaseList 12.2.25 NS.xlsx
FL-HURLBURT-002,Hurlburt Field,,FL,Mobile-Pensacola (Ft Walt),32544,Air Force,Digital,Digital Monitor Network,1920pxW x 1080pxH,Your ad will appear on 12 monitors in approved installation facilities.,350.0,1050.0,2100.0,4200.0,0.0,1,8185,10597,,,,,MasterMilitaryOnBaseList 12.2.25 NS.xlsx
FL-HURLBURT-003,Hurlburt Field,,FL,Mobile-Pensacola (Ft Walt),32544,Air Force,Standard Media,Banner,8'W x 3'H,Your ad will appear in an approved installation facility.,500.0,1500.0,3000.0,6000.0,250.0,1,8185,10597,,,,,MasterMilitaryOnBaseList 12.2.25 NS.xlsx
FL-HURLBURT-004,Hurlburt Field,,FL,Mobile-Pensacola (Ft Walt),32544,Air Force,Standard Media,Countertop Display,TBD,Your ad will appear in an approved installation facility.,100.0,300.0,600.0,1200.0,,1,8185,10597,,,,,MasterMilitaryOnBaseList 12.2.25 NS.xlsx
FL-HURLBURT-005,Hurlburt Field,,FL,Mobile-Pensacola (Ft Walt),32544,Air Force,Standard Media,Golf Tee Markers,TBD,Your ad will appear at a golf course tee box.,300.0,900.0,1800.0,3600.0,,1,8185,10597,,,,,MasterMilitaryOnBaseList 12.2.25 NS.xlsx
FL-HURLBURT-006,Hurlburt Field,,FL,Mobile-Pensacola (Ft Walt),32544,Air Force,Standard Media,Poster,"22""W x 28""H",Your ad will appear in an approved installation facility.,125.0,375.0,750.0,1500.0,100.0,1,8185,10597,,,,,MasterMilitaryOnBaseList 12.2.25 NS.xlsx
FL-HURLBURT-007,Hurlburt Field,,FL,Mobile-Pensacola (Ft Walt),32544,Air Force,Large Format,Counter Wrap,Varies,Your ad will wrap an approved installation facility counter.,275.0,825.0,1650.0,3300.0,,1,8185,10597,,,,,MasterMilitaryOnBaseList 12.2.25 NS.xlsx
FL-HURLBURT-008,Hurlburt Field,,FL,Mobile-Pensacola (Ft Walt),32544,Air Force,Print & Publications,Magazine,"8.75""W x 11.25""H",Your ad will appear in the monthly magazine in over 40 facilities and digitally.,375.0,1125.0,2250.0,4500.0,0.0,1,8185,10597,,,,,MasterMilitaryOnBaseList 12.2.25 NS.xlsx
FL-JACKSONV-001,Jacksonville NAS,,FL,Jacksonville,32212,Navy,Digital,Bowling Scoring Monitors,1920pxW x 1080pxH,Your ad will appear on 16 bowling scoring monitors.,350.0,1050.0,2100.0,4200.0,0.0,1,6967,9499,,,,,MasterMilitaryOnBaseList 12.2.25 NS.xlsx
FL-JACKSONV-002,Jacksonville NAS,,FL,Jacksonville,32212,Navy,Digital,Digital Monitor Network,1920pxW x 1080pxH,Your ad will appear on 6 digital monitors in approved installation facilities.,680.0,2040.0,4080.0,8160.0,0.0,1,6967,9499,,,,,MasterMilitaryOnBaseList 12.2.25 NS.xlsx
FL-JACKSONV-003,Jacksonville NAS,,FL,Jacksonville,32212,Navy,Standard Media,Banner,8'W x 4'H,Your ad will appear at an approved installation facility.,450.0,1350.0,2700.0,5400.0,250.0,1,6967,9499,,,,,MasterMilitaryOnBaseList 12.2.25 NS.xlsx
FL-JACKSONV-004,Jacksonville NAS,,FL,Jacksonville,32212,Navy,Standard Media,Golf Cart Signage,"9""W x 6""H",Your ad will appear on approved golf carts.,300.0,900.0,1800.0,3600.0,,1,6967,9499,,,,,MasterMilitaryOnBaseList 12.2.25 NS.xlsx
FL-JACKSONV-005,Jacksonville NAS,,FL,Jacksonville,32212,Navy,Standard Media,Poster,"22""W x 28""H",Your ad will appear at an approved installation facility.,200.0,600.0,1200.0,2400.0,100.0,1,6967,9499,,,,,MasterMilitaryOnBaseList 12.2.25 NS.xlsx
FL-JACKSONV-006,Jacksonville NAS,,FL,Jacksonville,32212,Navy,Standard Media,Table Tents,"4""W x 6""H",Your ad will appear at approved tables.,200.0,600.0,1200.0,2400.0,,1,6967,9499,,,,,MasterMilitaryOnBaseList 12.2.25 NS.xlsx
FL-JACKSONV-007,Jacksonville NAS,,FL,Jacksonville,32212,Navy,Large Format,Counter Wrap,Varies,Your ad will appear at an approved installation facility.,550.0,1650.0,3300.0,6600.0,,1,6967,9499,,,,,MasterMilitaryOnBaseList 12.2.25 NS.xlsx
FL-JACKSONV-008,Jacksonville NAS,,FL,Jacksonville,32212,Navy,Large Format,Large Poster,"22""W x 56""H",Your ad will appear at an approved installation facility.,400.0,1200.0,2400.0,4800.0,200.0,1,6967,9499,,,,,MasterMilitaryOnBaseList 12.2.25 NS.xlsx
FL-JACKSONV-009,Jacksonville NAS,,FL,Jacksonville,32212,Navy,Large Format,Wall Cling,Varies,Your ad will appear at an approved installation facility.,400.0,1200.0,2400.0,4800.0,,1,6967,9499,,,,,MasterMilitaryOnBaseList 12.2.25 NS.xlsx
FL-JACKSONV-010,Jacksonville NAS,,FL,Jacksonville,32212,Navy,Large Format,XL Banner,36'W x 6'H,Your ad will appear at an approved installation facility.,600.0,1800.0,3600.0,7200.0,,1,6967,9499,,,,,MasterMilitaryOnBaseList 12.2.25 NS.xlsx
FL-JACKSONV-011,Jacksonville NAS,,FL,Jacksonville,32212,Navy,Print & Publications,Brochures / Flyers,"8.5""W x 11""H",Your ad will appear in 7 approved installation facilities.,394.0,1182.0,2364.0,4728.0,,1,6967,9499,,,,,MasterMilitaryOnBaseList 12.2.25 NS.xlsx
FL-KEYWESTN-001,Key West NAS,,FL,Miami-Ft. Lauderdale,33040,Navy,Digital,Bowling Scoring Monitor,1920pxW x 1080pxH,Your ad will appear on 10 bowling scoring monitors.,350.0,1050.0,2100.0,4200.0,0.0,1,797,986,,,,,MasterMilitaryOnBaseList 12.2.25 NS.xlsx
FL-KEYWESTN-002,Key West NAS,,FL,Miami-Ft. Lauderdale,33040,Navy,Digital,Bowling Sweepers,"46""W x 2.75""H",Your ad will appear on 10 bowling pin sweepers.,200.0,600.0,1200.0,2400.0,,1,797,986,,,,,MasterMilitaryOnBaseList 12.2.25 NS.xlsx
FL-KEYWESTN-003,Key West NAS,,FL,Miami-Ft. Lauderdale,33040,Navy,Digital,Digital Monitor Network,1920pxW x 1080pxH,Your ad will appear on 8 digital monitors in approved installation facilities.,470.0,1410.0,2820.0,5640.0,0.0,1,797,986,,,,,MasterMilitaryOnBaseList 12.2.25 NS.xlsx
FL-KEYWESTN-004,Key West NAS,,FL,Miami-Ft. Lauderdale,33040,Navy,Standard Media,Banner,8'W x 4'H,Your ad will appear at an approved installation facility.,200.0,600.0,1200.0,2400.0,250.0,1,797,986,,,,,MasterMilitaryOnBaseList 12.2.25 NS.xlsx
FL-KEYWESTN-005,Key West NAS,,FL,Miami-Ft. Lauderdale,33040,Navy,Standard Media,Poster,"22""W x 28""H",Your ad will appear at an approved installation facility.,200.0,600.0,1200.0,2400.0,100.0,1,797,986,,,,,MasterMilitaryOnBaseList 12.2.25 NS.xlsx
FL-KEYWESTN-006,Key West NAS,,FL,Miami-Ft. Lauderdale,33040,Navy,Standard Media,Table Tents,"4""W x 6""H",Your ad will appear at approved facility tables.,150.0,450.0,900.0,1800.0,,1,797,986,,,,,MasterMilitaryOnBaseList 12.2.25 NS.xlsx
FL-KEYWESTN-007,Key West NAS,,FL,Miami-Ft. Lauderdale,33040,Navy,Large Format,Poster Large,"22""W x 56""H",Your ad will appear at an approved installation facility.,250.0,750.0,1500.0,3000.0,200.0,1,797,986,,,,,MasterMilitaryOnBaseList 12.2.25 NS.xlsx
FL-KEYWESTN-008,Key West NAS,,FL,Miami-Ft. Lauderdale,33040,Navy,Large Format,Wall Cling,Varies,Your ad will appear at an approved installation facility.,350.0,1050.0,2100.0,4200.0,,1,797,986,,,,,MasterMilitaryOnBaseList 12.2.25 NS.xlsx
FL-KEYWESTN-009,Key West NAS,,FL,Miami-Ft. Lauderdale,33040,Navy,Print & Publications,Brochures / Flyers,"8.5""W x 11""H",Your ad will appear at 8 approved installation facilities.,450.0,1350.0,2700.0,5400.0,,1,797,986,,,,,MasterMilitaryOnBaseList 12.2.25 NS.xlsx
FL-MACDILLA-001,MacDill AFB,,FL,Tampa-St. Pete (Sarasota),33621,Air Force,Digital,Bowling Scoreboard Screens,"2400px x 1350px (16"" x 9"") (JPG, PDF, MP4, MOV)",Your ad will appear on all 12 screens in the bowling alley on the installation.,720.0,1944.0,3888.0,7344.0,0.0,1,5705,10061,,,,,MasterMilitaryOnBaseList 12.2.25 NS.xlsx
FL-MACDILLA-002,MacDill AFB,,FL,Tampa-St. Pete (Sarasota),33621,Air Force,Digital,Digital Marquee,8' x 16' (LCD 10 pitch high resolution),"Your ad will appear on the digital marquee located on the outside wall the BCC, ITT office, and food court.",500.0,1500.0,3000.0,6000.0,0.0,1,5705,10061,,,,,MasterMilitaryOnBaseList 12.2.25 NS.xlsx
FL-MACDILLA-003,MacDill AFB,,FL,Tampa-St. Pete (Sarasota),33621,Air Force,Digital,Digital Monitors,"2400px x 1350px (16"" x 9"") (JPG, PDF, MP4, MOV)",Your ad will appear on up to 11 monitors in approved facilities on the installation.,150.0,450.0,900.0,1800.0,0.0,1,5705,10061,,,,,MasterMilitaryOnBaseList 12.2.25 NS.xlsx
FL-MACDILLA-004,MacDill AFB,,FL,Tampa-St. Pete (Sarasota),33621,Air Force,Standard Media,Banner,3' x 6',Your ad will appear in approved facilities on the installation.,300.0,900.0,1800.0,3300.0,200.0,1,5705,10061,,,,,MasterMilitaryOnBaseList 12.2.25 NS.xlsx
FL-MACDILLA-005,MacDill AFB,,FL,Tampa-St. Pete (Sarasota),33621,Air Force,Standard Media,Posters,"22""W x 28""H",Your posters will be placed in/on approved facilities on the installation.,150.0,450.0,900.0,1800.0,,1,5705,10061,,,,,MasterMilitaryOnBaseList 12.2.25 NS.xlsx
FL-MAYPORTN-001,Mayport NAVSTA,,FL,Jacksonville,32228,Navy,Digital,Bowling Scoring Monitors,1920pxW x 1080pxH,Your ad will appear on 24 bowling scoring monitors.,350.0,1050.0,2100.0,4200.0,0.0,1,10442,14571,,,,,MasterMilitaryOnBaseList 12.2.25 NS.xlsx
FL-MAYPORTN-002,Mayport NAVSTA,,FL,Jacksonville,32228,Navy,Digital,Digital Golf Cart Signage,1-24pxW x 600pxH,Your ad will appear on digital golf cart screens.,200.0,600.0,1200.0,2400.0,0.0,1,10442,14571,,,,,MasterMilitaryOnBaseList 12.2.25 NS.xlsx
FL-MAYPORTN-003,Mayport NAVSTA,,FL,Jacksonville,32228,Navy,Digital,Digital Monitor Network,1920pxW x 1080pxH,Your ad will appear on 22 digital monitors in approved installation facilities.,600.0,1800.0,3600.0,7200.0,0.0,1,10442,14571,,,,,MasterMilitaryOnBaseList 12.2.25 NS.xlsx
FL-MAYPORTN-004,Mayport NAVSTA,,FL,Jacksonville,32228,Navy,Standard Media,Banner,"8'W x 4""H",Your ad will appear at an approved installation facility.,400.0,1200.0,2400.0,4800.0,200.0,1,10442,14571,,,,,MasterMilitaryOnBaseList 12.2.25 NS.xlsx
FL-MAYPORTN-005,Mayport NAVSTA,,FL,Jacksonville,32228,Navy,Standard Media,Poster,Varies,Your ad will appear at an approved installation facility.,250.0,750.0,1500.0,3000.0,,1,10442,14571,,,,,MasterMilitaryOnBaseList 12.2.25 NS.xlsx
FL-MAYPORTN-006,Mayport NAVSTA,,FL,Jacksonville,32228,Navy,Standard Media,Table Tents,"4""W x 6""H",Your ad will appear on tables at an approved installation facility.,150.0,450.0,900.0,1800.0,,1,10442,14571,,,,,MasterMilitaryOnBaseList 12.2.25 NS.xlsx
FL-MAYPORTN-007,Mayport NAVSTA,,FL,Jacksonville,32228,Navy,Large Format,Counter Wrap,Varies,Your ad will appear at an approved installation facility.,750.0,2250.0,4500.0,9000.0,,1,10442,14571,,,,,MasterMilitaryOnBaseList 12.2.25 NS.xlsx
FL-MAYPORTN-008,Mayport NAVSTA,,FL,Jacksonville,32228,Navy,Large Format,Large Banner,8'W x 8'H,Your ad will appear at an approved installation facility.,700.0,2100.0,4200.0,8400.0,400.0,1,10442,14571,,,,,MasterMilitaryOnBaseList 12.2.25 NS.xlsx
FL-MAYPORTN-009,Mayport NAVSTA,,FL,Jacksonville,32228,Navy,Large Format,Wall / Window Cling,Varies,Your ad will appear at an approved installation facility.,700.0,2100.0,4200.0,8400.0,,1,10442,14571,,,,,MasterMilitaryOnBaseList 12.2.25 NS.xlsx
FL-MAYPORTN-010,Mayport NAVSTA,,FL,Jacksonville,32228,Navy,Large Format,XL Banner,20'W x 10'H,Your ad will appear at an approved installation facility.,800.0,2400.0,4800.0,9600.0,,1,10442,14571,,,,,MasterMilitaryOnBaseList 12.2.25 NS.xlsx
FL-MAYPORTN-011,Mayport NAVSTA,,FL,Jacksonville,32228,Navy,Print & Publications,Brochures / Flyers,"8.5""W x 11""H",Your ad will appear at 15 approved installation facilities.,844.0,2532.0,5064.0,10128.0,,1,10442,14571,,,,,MasterMilitaryOnBaseList 12.2.25 NS.xlsx
FL-MAYPORTN-012,Mayport NAVSTA,,FL,Jacksonville,32228,Navy,Print & Publications,Golf Scorecards,"3""W x 2""H",Your ad will appear on the golf scorecards.,,,,3000.0,0.0,12,10442,14571,,,,Source formula errors,MasterMilitaryOnBaseList 12.2.25 NS.xlsx
FL-NOTUCAPE-001,NOTU Cape Cape Canaveral,NOTU Cape Canaveral,FL,Orlando-Daytona Bch-Melbrn,32920,Navy,Digital,Digital Monitor Network,1920pxW x 1080pxH,Your ad will appear on 2 digital monitors in approved installation facilities.,100.0,300.0,600.0,1200.0,0.0,1,163,340,,,,,MasterMilitaryOnBaseList 12.2.25 NS.xlsx
FL-NOTUCAPE-002,NOTU Cape Cape Canaveral,NOTU Cape Canaveral,FL,Orlando-Daytona Bch-Melbrn,32920,Navy,Standard Media,Poster,"22""W x 22""H",Your ad will appear in approved installation facilities.,150.0,450.0,900.0,1800.0,100.0,1,163,340,,,,,MasterMilitaryOnBaseList 12.2.25 NS.xlsx
FL-NOTUCAPE-003,NOTU Cape Cape Canaveral,NOTU Cape Canaveral,FL,Orlando-Daytona Bch-Melbrn,32920,Navy,Standard Media,Table Tents,"4""W x 6""H",Your ad will appear in approved installation facilities.,125.0,375.0,750.0,1500.0,,1,163,340,,,,,MasterMilitaryOnBaseList 12.2.25 NS.xlsx
FL-NOTUCAPE-004,NOTU Cape Cape Canaveral,NOTU Cape Canaveral,FL,Orlando-Daytona Bch-Melbrn,32920,Navy,Large Format,Large Poster,"22""W x 56""H",Your ad will appear in approved installation facilities.,250.0,750.0,1500.0,3000.0,200.0,1,163,340,,,,,MasterMilitaryOnBaseList 12.2.25 NS.xlsx
FL-NOTUCAPE-005,NOTU Cape Cape Canaveral,NOTU Cape Canaveral,FL,Orlando-Daytona Bch-Melbrn,32920,Navy,Large Format,Wall Cling,4'W x 3'H,Your ad will appear in approved installation facilities.,250.0,750.0,1500.0,3000.0,,1,163,340,,,,,MasterMilitaryOnBaseList 12.2.25 NS.xlsx
FL-NOTUCAPE-006,NOTU Cape Cape Canaveral,NOTU Cape Canaveral,FL,Orlando-Daytona Bch-Melbrn,32920,Navy,Print & Publications,Flyers and Brochures,"8.5""W x 11""H",Your ad will appear in approved installation facilities.,133.0,399.0,798.0,1596.0,,1,163,340,,,,,MasterMilitaryOnBaseList 12.2.25 NS.xlsx
FL-NAVCOAST-001,Nav Coastal Systems Ctr Panama City NSA,NSA Panama City,FL,Panama City,32407,Navy,Digital,Digital Monitor Network,1920pxW x 1080pxH,Your ad will appear on 6 digital monitors in approved installation facilities.,320.0,960.0,1920.0,3840.0,0.0,1,615,615,,,,,MasterMilitaryOnBaseList 12.2.25 NS.xlsx
FL-NAVCOAST-002,Nav Coastal Systems Ctr Panama City NSA,NSA Panama City,FL,Panama City,32407,Navy,Standard Media,Banner,Varies,Your ad will appear at an approved installation facility.,200.0,600.0,1200.0,2400.0,,1,615,615,,,,,MasterMilitaryOnBaseList 12.2.25 NS.xlsx
FL-NAVCOAST-003,Nav Coastal Systems Ctr Panama City NSA,NSA Panama City,FL,Panama City,32407,Navy,Standard Media,Poster,"22""W x 28""H",Your ad will appear in an approved installation facility.,200.0,600.0,1200.0,2400.0,100.0,1,615,615,,,,,MasterMilitaryOnBaseList 12.2.25 NS.xlsx
FL-NAVCOAST-004,Nav Coastal Systems Ctr Panama City NSA,NSA Panama City,FL,Panama City,32407,Navy,Standard Media,Table Tents,"4""W x 6""H",Your ad will appear on tables at an approved facility.,125.0,375.0,750.0,1500.0,,1,615,615,,,,,MasterMilitaryOnBaseList 12.2.25 NS.xlsx
FL-NAVCOAST-005,Nav Coastal Systems Ctr Panama City NSA,NSA Panama City,FL,Panama City,32407,Navy,Large Format,Counter Wrap,"28'W x 30""H",Your ad will appear at the fitness center.,450.0,1350.0,2700.0,5400.0,,1,615,615,,,,,MasterMilitaryOnBaseList 12.2.25 NS.xlsx
FL-NAVCOAST-006,Nav Coastal Systems Ctr Panama City NSA,NSA Panama City,FL,Panama City,32407,Navy,Large Format,Large Poster,"22""W x 56""H",Your ad will appear at an approved installation facility.,350.0,1050.0,2100.0,4200.0,200.0,1,615,615,,,,,MasterMilitaryOnBaseList 12.2.25 NS.xlsx
FL-NAVCOAST-007,Nav Coastal Systems Ctr Panama City NSA,NSA Panama City,FL,Panama City,32407,Navy,Large Format,Window Cling,"22""W x 42""H",Your ad will appear at an approved installation facility.,200.0,600.0,1200.0,2400.0,,1,615,615,,,,,MasterMilitaryOnBaseList 12.2.25 NS.xlsx
FL-NAVCOAST-008,Nav Coastal Systems Ctr Panama City NSA,NSA Panama City,FL,Panama City,32407,Navy,Print & Publications,Brochures / Flyers,"8.5""W x 11""H",Your ad will appear in 8 approved installation facilities.,450.0,1350.0,2700.0,5400.0,,1,615,615,,,,,MasterMilitaryOnBaseList 12.2.25 NS.xlsx
FL-NAVCOAST-009,Nav Coastal Systems Ctr Panama City NSA,NSA Panama City,FL,Panama City,32407,Navy,Print & Publications,Newsletter,"7.5""W x 10""H",Your ad will appear as a full page in the monthly newsletter.,132.0,399.0,798.0,1596.0,0.0,1,615,615,,,,,MasterMilitaryOnBaseList 12.2.25 NS.xlsx
FL-PATRICKA-001,Patrick AFB,,FL,Orlando-Daytona Bch-Melbrn,32925,Air Force,Digital,Digital Monitors,TBD,Your ad will appear on approved monitors on the installation.,400.0,1200.0,2400.0,4800.0,0.0,1,1733,2550,,,,,MasterMilitaryOnBaseList 12.2.25 NS.xlsx
FL-PATRICKA-002,Patrick AFB,,FL,Orlando-Daytona Bch-Melbrn,32925,Air Force,Standard Media,Banners,10' x 3',Your ad will appear in approved facilities on the installation.,180.0,540.0,1080.0,2160.0,200.0,1,1733,2550,,,,,MasterMilitaryOnBaseList 12.2.25 NS.xlsx
FL-PATRICKA-003,Patrick AFB,,FL,Orlando-Daytona Bch-Melbrn,32925,Air Force,Standard Media,Golf Cards,"1"" x 5""",Your ad will be placed on the Manatee Cove Gold Course score cards.,130.0,390.0,780.0,1560.0,0.0,1,1733,2550,,,,,MasterMilitaryOnBaseList 12.2.25 NS.xlsx
FL-PATRICKA-004,Patrick AFB,,FL,Orlando-Daytona Bch-Melbrn,32925,Air Force,Standard Media,Posters,"22"" x 28""",Your posters will be placed in/on approved facilities on the installation.,80.0,240.0,480.0,960.0,100.0,1,1733,2550,,,,,MasterMilitaryOnBaseList 12.2.25 NS.xlsx
FL-PATRICKA-005,Patrick AFB,,FL,Orlando-Daytona Bch-Melbrn,32925,Air Force,Large Format,Window/Door Clings,*Sizing varies,"Your ad will appear in approved facilities on the installation. Price depends on sizing, but starts at $90/month/",45.0,90.0,180.0,380.0,0.0,1,1733,2550,,,,,MasterMilitaryOnBaseList 12.2.25 NS.xlsx
FL-PATRICKA-006,Patrick AFB,,FL,Orlando-Daytona Bch-Melbrn,32925,Air Force,Print & Publications,Flyers,"8.5"" x 11""",Your flyers will be placed in/on approved facilities on the installation.,45.0,135.0,270.0,540.0,0.0,1,1733,2550,,,,,MasterMilitaryOnBaseList 12.2.25 NS.xlsx
FL-PATRICKA-007,Patrick AFB,,FL,Orlando-Daytona Bch-Melbrn,32925,Air Force,Print & Publications,Magazine Ad - Full Page,"7.5"" x 10""",Your ad will appear in the Fun Services quarterly magazine.,,1000.0,2000.0,4000.0,0.0,3,1733,2550,,,,,MasterMilitaryOnBaseList 12.2.25 NS.xlsx
FL-PATRICKA-008,Patrick AFB,,FL,Orlando-Daytona Bch-Melbrn,32925,Air Force,Print & Publications,Magazine Ad - Full Page,"4"" x 5""",Your ad will appear in the Fun Services quarterly magazine.,,295.0,590.0,1180.0,0.0,3,1733,2550,,,,,MasterMilitaryOnBaseList 12.2.25 NS.xlsx
FL-PATRICKA-009,Patrick AFB,,FL,Orlando-Daytona Bch-Melbrn,32925,Air Force,Print & Publications,Magazine Ad - Half Page,"7.5"" x 5""",Your ad will appear in the Fun Services quarterly magazine.,,475.0,950.0,1900.0,0.0,3,1733,2550,,,,,MasterMilitaryOnBaseList 12.2.25 NS.xlsx
FL-PENSACOL-001,Pensacola NAS,,FL,Mobile-Pensacola (Ft Walton),32508,Navy,Digital,Bowling Scoring Monitors,1920pxW x 1080pxH,Your ad will appear on 16 bowling scoring monitors,300.0,900.0,1800.0,3600.0,0.0,1,8595,6512,,,,,MasterMilitaryOnBaseList 12.2.25 NS.xlsx
FL-PENSACOL-002,Pensacola NAS,,FL,Mobile-Pensacola (Ft Walton),32508,Navy,Digital,Bowling Sweepers,"4'W x 3""H",Your ad will appear on 16 bowling ping sweepers.,200.0,600.0,1200.0,2400.0,,1,8595,6512,,,,,MasterMilitaryOnBaseList 12.2.25 NS.xlsx
FL-PENSACOL-003,Pensacola NAS,,FL,Mobile-Pensacola (Ft Walton),32508,Navy,Digital,Digital Monitor Network,1920pxW x 1080pxH,Your ad will appear on 15 digital monitors in approved installation facilities.,1480.0,4440.0,11040.0,22080.0,0.0,1,8595,6512,,,,,MasterMilitaryOnBaseList 12.2.25 NS.xlsx
FL-PENSACOL-004,Pensacola NAS,,FL,Mobile-Pensacola (Ft Walton),32508,Navy,Digital,Theatre Commercial,TBD,Your ad will appear before a movie.,500.0,1500.0,3000.0,6000.0,0.0,1,8595,6512,,,,,MasterMilitaryOnBaseList 12.2.25 NS.xlsx
FL-PENSACOL-005,Pensacola NAS,,FL,Mobile-Pensacola (Ft Walton),32508,Navy,Digital,Theatre Static,TBD,Your ad will appear before a movie.,350.0,1050.0,2100.0,4200.0,0.0,1,8595,6512,,,,,MasterMilitaryOnBaseList 12.2.25 NS.xlsx
FL-PENSACOL-006,Pensacola NAS,,FL,Mobile-Pensacola (Ft Walton),32508,Navy,Standard Media,Banner,8'W x 4'H,Your ad will appear at an approved installation facility.,650.0,1950.0,3900.0,7800.0,250.0,1,8595,6512,,,,,MasterMilitaryOnBaseList 12.2.25 NS.xlsx
FL-PENSACOL-007,Pensacola NAS,,FL,Mobile-Pensacola (Ft Walton),32508,Navy,Standard Media,Illuminated Poster,Varies,Your ad will appear at an approved installation facility.,750.0,2250.0,4500.0,9000.0,,1,8595,6512,,,,,MasterMilitaryOnBaseList 12.2.25 NS.xlsx
FL-PENSACOL-008,Pensacola NAS,,FL,Mobile-Pensacola (Ft Walton),32508,Navy,Standard Media,Mouse Pads,Varies,Your ad will appear on mouse pads in an approved installation facility.,100.0,300.0,600.0,100.0,,1,8595,6512,,,,,MasterMilitaryOnBaseList 12.2.25 NS.xlsx
FL-PENSACOL-009,Pensacola NAS,,FL,Mobile-Pensacola (Ft Walton),32508,Navy,Standard Media,Poster,"22""W x 28""H",Your ad will appear at an approved installation facility.,250.0,750.0,1500.0,3000.0,100.0,1,8595,6512,,,,,MasterMilitaryOnBaseList 12.2.25 NS.xlsx
FL-PENSACOL-010,Pensacola NAS,,FL,Mobile-Pensacola (Ft Walton),32508,Navy,Standard Media,Table Tents,"4""W x 6""H",Your ad will appear at an approved installation facility.,225.0,675.0,1350.0,2700.0,,1,8595,6512,,,,,MasterMilitaryOnBaseList 12.2.25 NS.xlsx
FL-PENSACOL-011,Pensacola NAS,,FL,Mobile-Pensacola (Ft Walton),32508,Navy,Large Format,Counter Wrap,Varies,Your ad will appear at an approved installation facility.,750.0,2250.0,4500.0,9000.0,,1,8595,6512,,,,,MasterMilitaryOnBaseList 12.2.25 NS.xlsx
FL-PENSACOL-012,Pensacola NAS,,FL,Mobile-Pensacola (Ft Walton),32508,Navy,Large Format,Wall / Windor Cling,Varies,Your ad will appear at an approved installation facility.,400.0,1200.0,2400.0,4800.0,,1,8595,6512,,,,,MasterMilitaryOnBaseList 12.2.25 NS.xlsx
FL-PENSACOL-013,Pensacola NAS,,FL,Mobile-Pensacola (Ft Walton),32508,Navy,Print & Publications,Brochures / Flyers,"8.5""W x 11""H",Your ad will appear at 7 approved installation facilities.,394.0,1182.0,2364.0,4728.0,,1,8595,6512,,,,,MasterMilitaryOnBaseList 12.2.25 NS.xlsx
FL-TYNDALLA-001,Tyndall AFB,,FL,Panama City,32403,Air Force,Digital,Digital Monitors,TBD,Your ad will appear on approved monitors on the installation.,,750.0,1500.0,3000.0,0.0,3,1633,2089,,,,,MasterMilitaryOnBaseList 12.2.25 NS.xlsx
FL-TYNDALLA-002,Tyndall AFB,,FL,Panama City,32403,Air Force,Standard Media,Banners,TBD,Your ad will appear in approved facilities on the installation.,,500.0,1000.0,2000.0,200.0,3,1633,2089,,,,,MasterMilitaryOnBaseList 12.2.25 NS.xlsx
FL-TYNDALLA-003,Tyndall AFB,,FL,Panama City,32403,Air Force,Standard Media,Posters,TBD,Your posters will be placed in/on approved facilities on the installation.,,250.0,500.0,1000.0,100.0,3,1633,2089,,,,,MasterMilitaryOnBaseList 12.2.25 NS.xlsx
FL-TYNDALLA-004,Tyndall AFB,,FL,Panama City,32403,Air Force,Standard Media,Product Placement,TBD,Your product will be displayed at an approved installation facility.,150.0,450.0,900.0,1800.0,0.0,1,1633,2089,,,,,MasterMilitaryOnBaseList 12.2.25 NS.xlsx
FL-WHITINGF-001,Whiting Field NAS,,FL,Mobile-Pensacola (Ft Walt),32570,Navy,Digital,Digital Monitor Network,1920pxW x 1080pxH,Your ad will appear on 5 digital monitors in approved installation facilities.,220.0,660.0,1320.0,2400.0,0.0,1,1145,1022,,,,,MasterMilitaryOnBaseList 12.2.25 NS.xlsx
FL-WHITINGF-002,Whiting Field NAS,,FL,Mobile-Pensacola (Ft Walt),32570,Navy,Standard Media,Banner,8'W x 4'H,Your ad will appear at an approved installation facility.,200.0,600.0,1200.0,2400.0,250.0,1,1145,1022,,,,,MasterMilitaryOnBaseList 12.2.25 NS.xlsx
FL-WHITINGF-003,Whiting Field NAS,,FL,Mobile-Pensacola (Ft Walt),32570,Navy,Standard Media,Poster,"22""W x 28""H",Your ad will appear at an approved installation facility.,150.0,450.0,900.0,1800.0,100.0,1,1145,1022,,,,,MasterMilitaryOnBaseList 12.2.25 NS.xlsx
FL-WHITINGF-004,Whiting Field NAS,,FL,Mobile-Pensacola (Ft Walt),32570,Navy,Standard Media,Table Tents,"4""W x 6""H",Your ad will appear on tables at an approved facility.,150.0,450.0,900.0,1800.0,,1,1145,1022,,,,,MasterMilitaryOnBaseList 12.2.25 NS.xlsx
FL-WHITINGF-005,Whiting Field NAS,,FL,Mobile-Pensacola (Ft Walt),32570,Navy,Large Format,Counter Wrap,Varies,Your ad will appear at an approved installation facility.,450.0,1350.0,2700.0,5400.0,,1,1145,1022,,,,,MasterMilitaryOnBaseList 12.2.25 NS.xlsx
FL-WHITINGF-006,Whiting Field NAS,,FL,Mobile-Pensacola (Ft Walt),32570,Navy,Large Format,Large Poster,"22""W x 56""H",Your ad will appear at an approved installation facility.,350.0,1050.0,2100.0,4200.0,200.0,1,1145,1022,,,,,MasterMilitaryOnBaseList 12.2.25 NS.xlsx
FL-WHITINGF-007,Whiting Field NAS,,FL,Mobile-Pensacola (Ft Walt),32570,Navy,Large Format,Window Cling,Varies,Your ad will appear at an approved installation facility.,200.0,600.0,1200.0,2400.0,,1,1145,1022,,,,,MasterMilitaryOnBaseList 12.2.25 NS.xlsx
FL-WHITINGF-008,Whiting Field NAS,,FL,Mobile-Pensacola (Ft Walt),32570,Navy,Print & Publications,Brochures / Flyers,"8.5W x 11""H",Your ad will appear at 5 approved installation facilities.,281.0,843.0,1686.0,3372.0,,1,1145,1022,,,,,MasterMilitaryOnBaseList 12.2.25 NS.xlsx
FL-WHITINGF-009,Whiting Field NAS,,FL,Mobile-Pensacola (Ft Walt),32570,Navy,Print & Publications,Newsletter,TBD,Your full page ad will appear in the monthly newsletter.,300.0,900.0,1800.0,3600.0,0.0,1,1145,1022,,,,,MasterMilitaryOnBaseList 12.2.25 NS.xlsx
GA-FORTEISE-001,Fort Eisenhower,Fort Gordon,GA,Augusta,30905,Army,Digital,Digital Monitor - Alternate Escapes Recreation Center,1920px x 1080px,Your ad will appear on approved monitors on the installation.,400.0,900.0,1800.0,3000.0,0.0,1,11220,14416,,,,,MasterMilitaryOnBaseList 12.2.25 NS.xlsx
GA-FORTEISE-002,Fort Eisenhower,Fort Gordon,GA,Augusta,30905,Army,Digital,Digital Monitor - Bingo Palace,1920px x 1080px,Your ad will appear on approved monitors on the installation.,400.0,900.0,1800.0,3000.0,0.0,1,11220,14416,,,,,MasterMilitaryOnBaseList 12.2.25 NS.xlsx
GA-FORTEISE-003,Fort Eisenhower,Fort Gordon,GA,Augusta,30905,Army,Digital,Digital Monitor - Bogey's Grill at the Golf Club,1920px x 1080px,Your ad will appear on approved monitors on the installation.,300.0,900.0,1800.0,3000.0,0.0,1,11220,14416,,,,,MasterMilitaryOnBaseList 12.2.25 NS.xlsx
GA-FORTEISE-004,Fort Eisenhower,Fort Gordon,GA,Augusta,30905,Army,Digital,Digital Monitor - CYS Parent Central Services,1920px x 1080px,Your ad will appear on approved monitors on the installation.,200.0,600.0,1200.0,2400.0,0.0,1,11220,14416,,,,,MasterMilitaryOnBaseList 12.2.25 NS.xlsx
GA-FORTEISE-005,Fort Eisenhower,Fort Gordon,GA,Augusta,30905,Army,Digital,Digital Monitor - Darling Hall (Lobby),1920px x 1080px,Your ad will appear on approved monitors on the installation.,400.0,1200.0,2400.0,4500.0,0.0,1,11220,14416,,,,,MasterMilitaryOnBaseList 12.2.25 NS.xlsx
GA-FORTEISE-006,Fort Eisenhower,Fort Gordon,GA,Augusta,30905,Army,Digital,Digital Monitor - Five Star Bowling Lanes,1920px x 1080px,Your ad will appear on approved monitors on the installation.,400.0,900.0,1800.0,3000.0,0.0,1,11220,14416,,,,,MasterMilitaryOnBaseList 12.2.25 NS.xlsx
GA-FORTEISE-007,Fort Eisenhower,Fort Gordon,GA,Augusta,30905,Army,Digital,Digital Monitor - MWR Marketing Office,1920px x 1080px,Your ad will appear on approved monitors on the installation.,200.0,600.0,1200.0,2000.0,0.0,1,11220,14416,,,,,MasterMilitaryOnBaseList 12.2.25 NS.xlsx
GA-FORTEISE-008,Fort Eisenhower,Fort Gordon,GA,Augusta,30905,Army,Digital,Digital Monitor - Overlord Fitness Center,1920px x 1080px,Your ad will appear on approved monitors on the installation.,400.0,1200.0,2400.0,4500.0,0.0,1,11220,14416,,,,,MasterMilitaryOnBaseList 12.2.25 NS.xlsx
GA-FORTEISE-009,Fort Eisenhower,Fort Gordon,GA,Augusta,30905,Army,Digital,Digital Monitor - Torch Fitness Center,1920px x 1080px,Your ad will appear on approved monitors on the installation.,300.0,900.0,1800.0,3000.0,0.0,1,11220,14416,,,,,MasterMilitaryOnBaseList 12.2.25 NS.xlsx
GA-FORTEISE-010,Fort Eisenhower,Fort Gordon,GA,Augusta,30905,Army,Digital,Digital Monitor - Victory Fitness Center,1920px x 1080px,Your ad will appear on approved monitors on the installation.,300.0,900.0,1800.0,3000.0,0.0,1,11220,14416,,,,,MasterMilitaryOnBaseList 12.2.25 NS.xlsx
GA-FORTEISE-011,Fort Eisenhower,Fort Gordon,GA,Augusta,30905,Army,Digital,Digital Monitor - Visitors Control Center,1920px x 1080px,Your ad will appear on approved monitors on the installation.,400.0,1200.0,2400.0,4500.0,0.0,1,11220,14416,,,,,MasterMilitaryOnBaseList 12.2.25 NS.xlsx
GA-FORTEISE-012,Fort Eisenhower,Fort Gordon,GA,Augusta,30905,Army,Digital,Digital Monitor - Warrior Restaurants,1920px x 1080px,Your ad will appear on approved monitors on the installation.,400.0,1200.0,2400.0,4500.0,0.0,1,11220,14416,,,,,MasterMilitaryOnBaseList 12.2.25 NS.xlsx
GA-FORTEISE-013,Fort Eisenhower,Fort Gordon,GA,Augusta,30905,Army,Digital,Digital Monitor - Woodworth Library,1920px x 1080px,Your ad will appear on approved monitors on the installation.,300.0,900.0,1800.0,2500.0,0.0,1,11220,14416,,,,,MasterMilitaryOnBaseList 12.2.25 NS.xlsx
GA-FORTEISE-014,Fort Eisenhower,Fort Gordon,GA,Augusta,30905,Army,Digital,Sports Complex Scoreboards,TBD,Your ad will appear on the Sports Complex scoreboards (4 vertical signs).,,,,2000.0,,12,11220,14416,,,,,MasterMilitaryOnBaseList 12.2.25 NS.xlsx
GA-FORTEISE-015,Fort Eisenhower,Fort Gordon,GA,Augusta,30905,Army,Standard Media,Banner,8' x 4',Your ad will appear on the 25th Street Fenceline,,,2500.0,4000.0,200.0,6,11220,14416,,,,,MasterMilitaryOnBaseList 12.2.25 NS.xlsx
GA-FORTEISE-016,Fort Eisenhower,Fort Gordon,GA,Augusta,30905,Army,Standard Media,Banner Structure Sign,8' x 4',Your ad will appear in approved facilities on the installation.,,,,2500.0,200.0,12,11220,14416,,,,,MasterMilitaryOnBaseList 12.2.25 NS.xlsx
GA-FORTEISE-017,Fort Eisenhower,Fort Gordon,GA,Augusta,30905,Army,Standard Media,Dog Park Banner,TBD,Your ad will appear in the Dog Park on the installation.,,,2250.0,3750.0,200.0,6,11220,14416,,,,,MasterMilitaryOnBaseList 12.2.25 NS.xlsx
GA-FORTEISE-018,Fort Eisenhower,Fort Gordon,GA,Augusta,30905,Army,Standard Media,Golf Club Cart Sign,"7"" x 5""",Your ad will appear on a golf cart sign.,300.0,800.0,1600.0,3200.0,0.0,1,11220,14416,,,,,MasterMilitaryOnBaseList 12.2.25 NS.xlsx
GA-FORTEISE-019,Fort Eisenhower,Fort Gordon,GA,Augusta,30905,Army,Standard Media,Golf Club Hole Sign,"12"" x 12""",Your ad will appear at an approved golf club hole on the installation.,,,,1000.0,0.0,12,11220,14416,,,,,MasterMilitaryOnBaseList 12.2.25 NS.xlsx
GA-FORTEISE-020,Fort Eisenhower,Fort Gordon,GA,Augusta,30905,Army,Large Format,Fenceline Banner,TBD,Your ad will appear on the TSS Warehouse Fenceline.,,,2500.0,4000.0,200.0,6,11220,14416,,,,,MasterMilitaryOnBaseList 12.2.25 NS.xlsx
GA-FORTEISE-021,Fort Eisenhower,Fort Gordon,GA,Augusta,30905,Army,Large Format,Large Banner Structure Sign,8' x 8',Your ad will appear in approved facilities on the installation.,,,,4000.0,200.0,12,11220,14416,,,,,MasterMilitaryOnBaseList 12.2.25 NS.xlsx
GA-FORTEISE-022,Fort Eisenhower,Fort Gordon,GA,Augusta,30905,Army,Web & Email,E-Newsletter Ad - 1 Ad,600px x 600px (JPG),Your ad will appear in the weekly e-newsletter. [$100/ad],,,,,,,11220,14416,,,,No price on file - inquire,MasterMilitaryOnBaseList 12.2.25 NS.xlsx
GA-FORTEISE-023,Fort Eisenhower,Fort Gordon,GA,Augusta,30905,Army,Web & Email,E-Newsletter Ad - 12 ads,600px x 600px (JPG),"Your ad will appear in the weekly e-newsletter. [$1,000/12 ads]",,,,,,,11220,14416,,,,No price on file - inquire,MasterMilitaryOnBaseList 12.2.25 NS.xlsx
GA-FORTEISE-024,Fort Eisenhower,Fort Gordon,GA,Augusta,30905,Army,Web & Email,E-Newsletter Ad - 4 ads,600px x 600px (JPG),Your ad will appear in the weekly e-newsletter. [$350/4 ads],,,,,,,11220,14416,,,,No price on file - inquire,MasterMilitaryOnBaseList 12.2.25 NS.xlsx
GA-FORTEISE-025,Fort Eisenhower,Fort Gordon,GA,Augusta,30905,Army,Web & Email,Social Media 12 Posts,TBD,"Your ad will appear on the Fort Eisenhower MWR's social media pages (Facebook and Instagram) [$2,400/12 posts]",,,,,,,11220,14416,,,,No price on file - inquire,MasterMilitaryOnBaseList 12.2.25 NS.xlsx
GA-FORTEISE-026,Fort Eisenhower,Fort Gordon,GA,Augusta,30905,Army,Web & Email,Social Media 4 Posts,TBD,Your ad will appear on the Fort Eisenhower MWR's social media pages (Facebook and Instagram) [$800/4 posts],,,,,,,11220,14416,,,,No price on file - inquire,MasterMilitaryOnBaseList 12.2.25 NS.xlsx
GA-FORTEISE-027,Fort Eisenhower,Fort Gordon,GA,Augusta,30905,Army,Web & Email,Social Media 8 Posts,TBD,"Your ad will appear on the Fort Eisenhower MWR's social media pages (Facebook and Instagram) [$1,575/8 posts]",,,,,,,11220,14416,,,,No price on file - inquire,MasterMilitaryOnBaseList 12.2.25 NS.xlsx
GA-FORTEISE-028,Fort Eisenhower,Fort Gordon,GA,Augusta,30905,Army,Web & Email,Social Media Single Post,TBD,Your ad will appear on the Fort Eisenhower MWR's social media pages (Facebook and Instagram) [$225/post],,,,,,,11220,14416,,,,No price on file - inquire,MasterMilitaryOnBaseList 12.2.25 NS.xlsx
GA-FORTSTEW-001,Fort Stewart / Hunter Army Airfield,Fort Stewart,GA,Savannah,31314,Army,Digital,Bowling Advertising,1366px x 768px,Your ad will appear on screens in the bowling alley on the installation.,,,,2000.0,0.0,12,19476,25826,,,,,MasterMilitaryOnBaseList 12.2.25 NS.xlsx
GA-FORTSTEW-002,Fort Stewart / Hunter Army Airfield,Fort Stewart,GA,Savannah,31314,Army,Digital,Indoor Digital Monitors,1366px x 768px,Your ad will appear on approved monitors on the installation.,,,5541.0,,0.0,6,19476,25826,,,,,MasterMilitaryOnBaseList 12.2.25 NS.xlsx
GA-FORTSTEW-003,Fort Stewart / Hunter Army Airfield,Fort Stewart,GA,Savannah,31314,Army,Digital,Outdoor Digital Billboards 94 sided),"1144px x 343px, 288px x 144px",Your ad will appear on an approved billboard on the installation.,,,5250.0,,0.0,6,19476,25826,,,,,MasterMilitaryOnBaseList 12.2.25 NS.xlsx
GA-FORTSTEW-004,Fort Stewart / Hunter Army Airfield,Fort Stewart,GA,Savannah,31314,Army,Standard Media,Auto Skills Banner,10' x 4',Your ad will appear in the Libby Auto Skills Center,,,,1500.0,200.0,12,19476,25826,,,,,MasterMilitaryOnBaseList 12.2.25 NS.xlsx
GA-FORTSTEW-005,Fort Stewart / Hunter Army Airfield,Fort Stewart,GA,Savannah,31314,Army,Standard Media,HAAF ACS Banner,10' x 4',Your ad will appear in front on the ACS.,,,,2000.0,200.0,12,19476,25826,,,,,MasterMilitaryOnBaseList 12.2.25 NS.xlsx
GA-FORTSTEW-006,Fort Stewart / Hunter Army Airfield,Fort Stewart,GA,Savannah,31314,Army,Large Format,HAAF Youth Sports Field Banner,10' x 4',Your ad will appear in the Youth Sports Field.,,,,1500.0,200.0,12,19476,25826,,,,,MasterMilitaryOnBaseList 12.2.25 NS.xlsx
GA-FORTSTEW-007,Fort Stewart / Hunter Army Airfield,Fort Stewart,GA,Savannah,31314,Army,Large Format,Static Billboards,"36"" x 10'",Your ad will appear on an approved static billboard on the installation.,,,,9600.0,,12,19476,25826,,,,,MasterMilitaryOnBaseList 12.2.25 NS.xlsx
GA-FORTSTEW-008,Fort Stewart / Hunter Army Airfield,Fort Stewart,GA,Savannah,31314,Army,Large Format,Window Wrap,Size Varies,Your ad will appear on approved windows in facilities on the installation.,,,,6220.0,0.0,12,19476,25826,,,,,MasterMilitaryOnBaseList 12.2.25 NS.xlsx
GA-FORTSTEW-009,Fort Stewart / Hunter Army Airfield,Fort Stewart,GA,Savannah,31314,Army,Sponsorship & Other,Sandwich Board,"24"" x 36""",Your ad will appear on a sandwich board placed at high traffic entrances.,,,,,,,19476,25826,,,,No price on file - inquire,MasterMilitaryOnBaseList 12.2.25 NS.xlsx
GA-KINGSBAY-001,Kings Bay NAVSUBBASE,,GA,Jacksonville,31547,Navy,Digital,Bowling Scoring Monitors,1920pxW x 1080pxH,Your ad will appear on 14 bowling scoring monitors.,350.0,1050.0,2100.0,4200.0,0.0,1,2918,3953,,,,,MasterMilitaryOnBaseList 12.2.25 NS.xlsx
GA-KINGSBAY-002,Kings Bay NAVSUBBASE,,GA,Jacksonville,31547,Navy,Digital,Digital Marquee,128pxW x 64pxH,Your ad will appear on the fitness comples marquee.,250.0,750.0,1500.0,3000.0,0.0,1,2918,3953,,,,,MasterMilitaryOnBaseList 12.2.25 NS.xlsx
GA-KINGSBAY-003,Kings Bay NAVSUBBASE,,GA,Jacksonville,31547,Navy,Digital,Digital Monitor Network,1920pxW x 1080pxH,Your ad will appear on 9 digital monitors in approved installation facilities.,840.0,2520.0,5040.0,10080.0,0.0,1,2918,3953,,,,,MasterMilitaryOnBaseList 12.2.25 NS.xlsx
GA-KINGSBAY-004,Kings Bay NAVSUBBASE,,GA,Jacksonville,31547,Navy,Digital,Theatre Commercial,TBD,Your ad will appear before movies.,400.0,1200.0,2400.0,4800.0,0.0,1,2918,3953,,,,,MasterMilitaryOnBaseList 12.2.25 NS.xlsx
GA-KINGSBAY-005,Kings Bay NAVSUBBASE,,GA,Jacksonville,31547,Navy,Digital,Theatre Static,TBD,Your ad will appear before movies.,300.0,900.0,1800.0,3600.0,0.0,1,2918,3953,,,,,MasterMilitaryOnBaseList 12.2.25 NS.xlsx
GA-KINGSBAY-006,Kings Bay NAVSUBBASE,,GA,Jacksonville,31547,Navy,Standard Media,Banner,11'W x 3'H,Your ad will appear at an approved installation facility.,650.0,1950.0,3900.0,7800.0,350.0,1,2918,3953,,,,,MasterMilitaryOnBaseList 12.2.25 NS.xlsx
GA-KINGSBAY-007,Kings Bay NAVSUBBASE,,GA,Jacksonville,31547,Navy,Standard Media,Bench Ad,6'W x 2'H,Your ad will appear at an approved installation facility.,200.0,600.0,1200.0,2400.0,200.0,1,2918,3953,,,,,MasterMilitaryOnBaseList 12.2.25 NS.xlsx
GA-KINGSBAY-008,Kings Bay NAVSUBBASE,,GA,Jacksonville,31547,Navy,Standard Media,Framed Banner,8'W x 4'H,Your ad will appear at an approved installation facility.,500.0,1500.0,3000.0,6000.0,250.0,1,2918,3953,,,,,MasterMilitaryOnBaseList 12.2.25 NS.xlsx
GA-KINGSBAY-009,Kings Bay NAVSUBBASE,,GA,Jacksonville,31547,Navy,Standard Media,Golf Cart Signage,"5.5""W x 8.5""H",Your ad will appear on approved golf carts.,200.0,600.0,1200.0,2400.0,,1,2918,3953,,,,,MasterMilitaryOnBaseList 12.2.25 NS.xlsx
GA-KINGSBAY-010,Kings Bay NAVSUBBASE,,GA,Jacksonville,31547,Navy,Standard Media,Poster,"22""W x 28""H",Your ad will appear at an approved installation facility.,250.0,750.0,1500.0,3000.0,100.0,1,2918,3953,,,,,MasterMilitaryOnBaseList 12.2.25 NS.xlsx
GA-KINGSBAY-011,Kings Bay NAVSUBBASE,,GA,Jacksonville,31547,Navy,Standard Media,Table Tents,"4""W x 6""H",Your ad will appear at approved installation tables.,150.0,450.0,900.0,1800.0,,1,2918,3953,,,,,MasterMilitaryOnBaseList 12.2.25 NS.xlsx
GA-KINGSBAY-012,Kings Bay NAVSUBBASE,,GA,Jacksonville,31547,Navy,Large Format,Counter Wrap,"60""W x 37""H",Your ad will appear at an approved installation facility.,750.0,2250.0,4500.0,9000.0,,1,2918,3953,,,,,MasterMilitaryOnBaseList 12.2.25 NS.xlsx
GA-KINGSBAY-013,Kings Bay NAVSUBBASE,,GA,Jacksonville,31547,Navy,Print & Publications,Brochures / Flyers,"8.5""W x 11""H",Your ad will appear at 15 approved installation facilities.,844.0,2532.0,5064.0,10128.0,,1,2918,3953,,,,,MasterMilitaryOnBaseList 12.2.25 NS.xlsx
GA-MOODYAFB-001,Moody AFB,,GA,Tallahassee-Thomasville,31699,Air Force,Digital,Bowling Monitors,TBD,Your ad will appear on the bowling alley system monitors,,750.0,1200.0,2100.0,,3,4562,5322,,,,,MasterMilitaryOnBaseList 12.2.25 NS.xlsx
GA-MOODYAFB-002,Moody AFB,,GA,Tallahassee-Thomasville,31699,Air Force,Digital,"Digital Monitors - GA Pines Dining Facility, Fitness Center",TBD,Your ad will appear on approved monitors on the installation.,,,1500.0,,,6,4562,5322,,,,,MasterMilitaryOnBaseList 12.2.25 NS.xlsx
GA-MOODYAFB-003,Moody AFB,,GA,Tallahassee-Thomasville,31699,Air Force,Digital,Digital Monitors - Golf Course Pro Shop and Café,TBD,Your ad will appear on approved monitors on the installation.,,,750.0,,,6,4562,5322,,,,,MasterMilitaryOnBaseList 12.2.25 NS.xlsx
GA-MOODYAFB-004,Moody AFB,,GA,Tallahassee-Thomasville,31699,Air Force,Digital,Digital Monitors - ITT/Community,TBD,Your ad will appear on approved monitors on the installation.,,,750.0,,,6,4562,5322,,,,,MasterMilitaryOnBaseList 12.2.25 NS.xlsx
GA-MOODYAFB-005,Moody AFB,,GA,Tallahassee-Thomasville,31699,Air Force,Digital,Digital Monitors - Lucy's Corner (in Parker Green Wing Building),TBD,Your ad will appear on approved monitors on the installation.,,,750.0,,,6,4562,5322,,,,,MasterMilitaryOnBaseList 12.2.25 NS.xlsx
GA-MOODYAFB-006,Moody AFB,,GA,Tallahassee-Thomasville,31699,Air Force,Digital,Digital Monitors - Moody Field Club,TBD,Your ad will appear on approved monitors on the installation.,,,1050.0,,,6,4562,5322,,,,,MasterMilitaryOnBaseList 12.2.25 NS.xlsx
GA-MOODYAFB-007,Moody AFB,,GA,Tallahassee-Thomasville,31699,Air Force,Standard Media,1/4 Page of Potty Poster Ad,TBD,Your ad will appear on a Potty Poster (Graphic Design fee included),,1200.0,2100.0,3600.0,100.0,3,4562,5322,,,,,MasterMilitaryOnBaseList 12.2.25 NS.xlsx
GA-MOODYAFB-008,Moody AFB,,GA,Tallahassee-Thomasville,31699,Air Force,Standard Media,Banner,TBD,Your ad will appear in an approved area on the installation.,,1350.0,2400.0,4200.0,200.0,3,4562,5322,,,,,MasterMilitaryOnBaseList 12.2.25 NS.xlsx
GA-MOODYAFB-009,Moody AFB,,GA,Tallahassee-Thomasville,31699,Air Force,Standard Media,Banner - Fitness Center,No larger than 8' x 3',Your ad will appear in the Moody Fitness Center,,1350.0,2400.0,4200.0,200.0,3,4562,5322,,,,,MasterMilitaryOnBaseList 12.2.25 NS.xlsx
GA-MOODYAFB-010,Moody AFB,,GA,Tallahassee-Thomasville,31699,Air Force,Web & Email,E-Newsletter Footer Ad,TBD,Your ad will appear in the Plug into Moody e-newsletter.,,750.0,1200.0,,,3,4562,5322,,,,,MasterMilitaryOnBaseList 12.2.25 NS.xlsx
GA-MOODYAFB-011,Moody AFB,,GA,Tallahassee-Thomasville,31699,Air Force,Web & Email,E-Newsletter Header Ad,TBD,Your ad will appear in the Plug into Moody e-newsletter.,500.0,1050.0,1800.0,,,1,4562,5322,,,,,MasterMilitaryOnBaseList 12.2.25 NS.xlsx
GA-ROBINSAF-001,Robins AFB,,GA,Macon,31098,Air Force,Digital,Digital Monitors,TBD,Your ad will appear on approved monitors on the installation.,,900.0,1800.0,3000.0,,3,3313,4707,,,,,MasterMilitaryOnBaseList 12.2.25 NS.xlsx
GA-ROBINSAF-002,Robins AFB,,GA,Macon,31098,Air Force,Standard Media,Banner,TBD,Your ad will appear in an approved area on the installation.,,,1200.0,1500.0,200.0,6,3313,4707,,,,,MasterMilitaryOnBaseList 12.2.25 NS.xlsx
GA-ROBINSAF-003,Robins AFB,,GA,Macon,31098,Air Force,Standard Media,Golf Course Tee Box Marker,"12"" x 12""",Your ad will appear at a hole on the installation golf course.,125.0,375.0,750.0,1200.0,,1,3313,4707,,,,,MasterMilitaryOnBaseList 12.2.25 NS.xlsx
GA-ROBINSAF-004,Robins AFB,,GA,Macon,31098,Air Force,Print & Publications,Golf Course Score Cards,,"Your ad will appear on the golf course scorecards. [$900 for 20,000 scorecards]",,,,,,,3313,4707,,,,No price on file - inquire,MasterMilitaryOnBaseList 12.2.25 NS.xlsx
HI-HICKAMAF-001,Hickam AFB,JB Pearl Harbor-Hickam,HI,Honolulu,96860,Air Force,Digital,Digital Kiosk Network,TBD,Your ad will appear on 22 approved digital kiosks on the installation.,1200.0,3600.0,7200.0,14400.0,0.0,1,5561,7473,,,,,MasterMilitaryOnBaseList 12.2.25 NS.xlsx
HI-HICKAMAF-002,Hickam AFB,JB Pearl Harbor-Hickam,HI,Honolulu,96860,Air Force,Digital,Movie Theater Ad,TBD,Your ad will appear on the Shakey Theater movie screen on the installation.,1000.0,3000.0,6000.0,12000.0,0.0,1,5561,7473,,,,,MasterMilitaryOnBaseList 12.2.25 NS.xlsx
HI-HICKAMAF-003,Hickam AFB,JB Pearl Harbor-Hickam,HI,Honolulu,96860,Air Force,Standard Media,Banner,TBD,Your ad will appear in the Pearl Harbor Fitness Center on the installation.,1200.0,3600.0,7200.0,14400.0,200.0,1,5561,7473,,,,,MasterMilitaryOnBaseList 12.2.25 NS.xlsx
HI-HICKAMAF-004,Hickam AFB,JB Pearl Harbor-Hickam,HI,Honolulu,96860,Air Force,Large Format,XL Banner,10'x10',Your ad will appear in an approved location on the installation.,1200.0,3600.0,7200.0,14400.0,200.0,1,5561,7473,,,,,MasterMilitaryOnBaseList 12.2.25 NS.xlsx
HI-HICKAMAF-005,Hickam AFB,JB Pearl Harbor-Hickam,HI,Honolulu,96860,Air Force,Sponsorship & Other,E-Blast Ad,TBD,"Your ad will appear in the Bi-Monthly E-Blast (25,000 opt-in weekly)",500.0,1500.0,3000.0,6000.0,0.0,1,5561,7473,,,,,MasterMilitaryOnBaseList 12.2.25 NS.xlsx
HI-MCBHAWAI-001,MCB Hawaii,Kaneohe Bay,HI,Honolulu,96861,Marine Corps,Digital,Digital Marquees,TBD,Your ad will appear on 3 digital marquees.,1200.0,4800.0,7200.0,9000.0,0.0,1,9157,7201,,,,,MasterMilitaryOnBaseList 12.2.25 NS.xlsx
HI-MCBHAWAI-002,MCB Hawaii,Kaneohe Bay,HI,Honolulu,96861,Marine Corps,Digital,Digital Monitor Network,1920pxW x 1080pxH,Your ad will appear on 8 digital monitors in 4 approved installation facilities.,,,2500.0,4300.0,0.0,6,9157,7201,,,,Source formula errors,MasterMilitaryOnBaseList 12.2.25 NS.xlsx
HI-MCBHAWAI-003,MCB Hawaii,Kaneohe Bay,HI,Honolulu,96861,Marine Corps,Digital,Digital Monitors,TBD,Your ad will appear on approved monitors on the installation.,500.0,1500.0,2500.0,4300.0,,1,9157,7201,,,,,MasterMilitaryOnBaseList 12.2.25 NS.xlsx
HI-MCBHAWAI-004,MCB Hawaii,Kaneohe Bay,HI,Honolulu,96861,Marine Corps,Digital,Electronic Marquee,TBD,Your ad will appear in an approved area on the installation.,1200.0,3600.0,7200.0,9000.0,,1,9157,7201,,,,,MasterMilitaryOnBaseList 12.2.25 NS.xlsx
HI-MCBHAWAI-005,MCB Hawaii,Kaneohe Bay,HI,Honolulu,96861,Marine Corps,Standard Media,Banner,3' x 10',Your ad will appear in an approved area on the installation.,,6000.0,,7000.0,200.0,3,9157,7201,,,,,MasterMilitaryOnBaseList 12.2.25 NS.xlsx
HI-MCBHAWAI-006,MCB Hawaii,Kaneohe Bay,HI,Honolulu,96861,Marine Corps,Standard Media,Banner,10'W x 3'H,Your ad will appear at an approved installation facility.,,6000.0,12000.0,7000.0,,3,9157,7201,,,,Source formula errors,MasterMilitaryOnBaseList 12.2.25 NS.xlsx
HI-MCBHAWAI-007,MCB Hawaii,Kaneohe Bay,HI,Honolulu,96861,Marine Corps,Standard Media,Outdoor Framed Banner,"96"" x 54""",Your ad will appear in an approved outdoor area on the installation.,2000.0,,,8000.0,200.0,1,9157,7201,,,,,MasterMilitaryOnBaseList 12.2.25 NS.xlsx
HI-MCBHAWAI-008,MCB Hawaii,Kaneohe Bay,HI,Honolulu,96861,Marine Corps,Large Format,Large Format Banner,TBD,Your ad will appear in an approved area on the installation. Prices vary on sizing/location of banner.,,,,,,,9157,7201,,,,No price on file - inquire,MasterMilitaryOnBaseList 12.2.25 NS.xlsx
HI-MCBHAWAI-009,MCB Hawaii,Kaneohe Bay,HI,Honolulu,96861,Marine Corps,Web & Email,Facebook Advertising,TBD,Your ad will appear on MCCS Hawaii's Facebook page. (3 posts/month),,,600.0,1000.0,,6,9157,7201,,,,,MasterMilitaryOnBaseList 12.2.25 NS.xlsx
HI-PACIFICM-001,Pacific Missile Range Facilty (Barking Sands),,HI,Honolulu,96725,Navy,Digital,Digital Kiosk Network,1080pxW x 1920pxH,Your ad will appear on 5 digital kiosks in approved installation facilities.,400.0,1200.0,2400.0,4800.0,0.0,1,,,,,,,MasterMilitaryOnBaseList 12.2.25 NS.xlsx
HI-PEARLHAR-001,Pearl Harbor NS,JB Pearl Harbor-Hickam,HI,Honolulu,96860,Navy,Digital,Digital Kiosk Network,TBD,Your ad will appear on 22 approved digital kiosks on the installation.,1200.0,3600.0,7200.0,14400.0,0.0,1,5561,7473,,,,,MasterMilitaryOnBaseList 12.2.25 NS.xlsx
HI-PEARLHAR-002,Pearl Harbor NS,JB Pearl Harbor-Hickam,HI,Honolulu,96860,Navy,Digital,Digital Kiosk Network,1080pxW x 1920pxH,Your ad will appear on 5 digital kiosks in approved installation facilities.,400.0,1200.0,2400.0,4800.0,0.0,1,5561,7473,,,,,MasterMilitaryOnBaseList 12.2.25 NS.xlsx
HI-PEARLHAR-003,Pearl Harbor NS,JB Pearl Harbor-Hickam,HI,Honolulu,96860,Navy,Digital,Movie Theater Ad,TBD,Your ad will appear on the Shakey Theater movie screen on the installation.,1000.0,3000.0,6000.0,12000.0,0.0,1,5561,7473,,,,,MasterMilitaryOnBaseList 12.2.25 NS.xlsx
HI-PEARLHAR-004,Pearl Harbor NS,JB Pearl Harbor-Hickam,HI,Honolulu,96860,Navy,Standard Media,Banner,TBD,Your ad will appear in the Pearl Harbor Fitness Center on the installation.,1200.0,3600.0,7200.0,14400.0,200.0,1,5561,7473,,,,,MasterMilitaryOnBaseList 12.2.25 NS.xlsx
HI-PEARLHAR-005,Pearl Harbor NS,JB Pearl Harbor-Hickam,HI,Honolulu,96860,Navy,Large Format,XL Banner,10'x10',Your ad will appear in an approved location on the installation.,1200.0,3600.0,7200.0,14400.0,200.0,1,5561,7473,,,,,MasterMilitaryOnBaseList 12.2.25 NS.xlsx
HI-PEARLHAR-006,Pearl Harbor NS,JB Pearl Harbor-Hickam,HI,Honolulu,96860,Navy,Sponsorship & Other,E-Blast Ad,TBD,"Your ad will appear in the Bi-Monthly E-Blast (25,000 opt-in weekly)",500.0,1500.0,3000.0,6000.0,0.0,1,5561,7473,,,,,MasterMilitaryOnBaseList 12.2.25 NS.xlsx
HI-USAGHAWA-001,USAG Hawaii,Schofield Barracks / Fort Shafter / Wheeler AAF,HI,Honolulu,96815,Army,Digital,Digital Monitors - Bowling Center,,Your ad will appear on 42 digital kiosks in approved installation facilities.,800.0,3200.0,4320.0,8160.0,,1,15057,18965,,,,,MasterMilitaryOnBaseList 12.2.25 NS.xlsx
HI-USAGHAWA-002,USAG Hawaii,Schofield Barracks / Fort Shafter / Wheeler AAF,HI,Honolulu,96815,Army,Digital,Digital Monitors - Bowling Center,,Your ad will appear on 22 digital kiosks in approved installation facilities.,400.0,1200.0,2160.0,4080.0,,1,15057,18965,,,,,MasterMilitaryOnBaseList 12.2.25 NS.xlsx
HI-USAGHAWA-003,USAG Hawaii,Schofield Barracks / Fort Shafter / Wheeler AAF,HI,Honolulu,96815,Army,Digital,Indoor Digital Monitor Network,,Your ad will appear on 20 digital kiosks in approved installation facilities.,1200.0,3420.0,6480.0,12240.0,,1,15057,18965,,,,,MasterMilitaryOnBaseList 12.2.25 NS.xlsx
HI-USAGHAWA-004,USAG Hawaii,Schofield Barracks / Fort Shafter / Wheeler AAF,HI,Honolulu,96815,Army,Digital,Outdoor Marquee Network,1080pxW x 1920pxH,Your ad will appear on 2 or more digital kiosks in approved installation facilities.,1350.0,4050.0,7290.0,13770.0,0.0,1,15057,18965,,,,,MasterMilitaryOnBaseList 12.2.25 NS.xlsx
HI-USAGHAWA-005,USAG Hawaii,Schofield Barracks / Fort Shafter / Wheeler AAF,HI,Honolulu,96815,Army,Digital,Premium Banner - Fort Shafter Bowling Center,8'W x 6'H,Your ad will appear in the Fort Shafter Bowling Center. [Minimum of 3 months],,1500.0,3000.0,6000.0,200.0,3,15057,18965,,,,,MasterMilitaryOnBaseList 12.2.25 NS.xlsx
HI-USAGHAWA-006,USAG Hawaii,Schofield Barracks / Fort Shafter / Wheeler AAF,HI,Honolulu,96815,Army,Digital,Single Outdoor Marquee Network,1080pxW x 1920pxH,Your ad will appear on a digital kiosk in an approved installation facility.,1500.0,4500.0,8100.0,15300.0,,1,15057,18965,,,,,MasterMilitaryOnBaseList 12.2.25 NS.xlsx
HI-USAGHAWA-007,USAG Hawaii,Schofield Barracks / Fort Shafter / Wheeler AAF,HI,Honolulu,96815,Army,Digital,Theatre Static,TBD,Your ad will appear before movies.,1000.0,3000.0,6000.0,6000.0,0.0,1,15057,18965,,,,,MasterMilitaryOnBaseList 12.2.25 NS.xlsx
HI-USAGHAWA-008,USAG Hawaii,Schofield Barracks / Fort Shafter / Wheeler AAF,HI,Honolulu,96815,Army,Standard Media,Banner,TBD,Your ad will appear in the fitness center.,1200.0,3600.0,7200.0,14400.0,,1,15057,18965,,,,,MasterMilitaryOnBaseList 12.2.25 NS.xlsx
HI-USAGHAWA-009,USAG Hawaii,Schofield Barracks / Fort Shafter / Wheeler AAF,HI,Honolulu,96815,Army,Standard Media,Banners (Desktop Stands),4',Your ad will appear in an approved area on the installation.,160.0,480.0,960.0,1632.0,200.0,1,15057,18965,,,,,MasterMilitaryOnBaseList 12.2.25 NS.xlsx
HI-USAGHAWA-010,USAG Hawaii,Schofield Barracks / Fort Shafter / Wheeler AAF,HI,Honolulu,96815,Army,Standard Media,Banners (Oversize Size),8' x 3',Your ad will appear in an approved area on the installation.,320.0,960.0,1920.0,3264.0,200.0,1,15057,18965,,,,,MasterMilitaryOnBaseList 12.2.25 NS.xlsx
HI-USAGHAWA-011,USAG Hawaii,Schofield Barracks / Fort Shafter / Wheeler AAF,HI,Honolulu,96815,Army,Standard Media,Banners (Oversize Size),10' x 3',Your ad will appear in an approved area on the installation.,400.0,1200.0,2400.0,4080.0,200.0,1,15057,18965,,,,,MasterMilitaryOnBaseList 12.2.25 NS.xlsx
HI-USAGHAWA-012,USAG Hawaii,Schofield Barracks / Fort Shafter / Wheeler AAF,HI,Honolulu,96815,Army,Standard Media,Banners (Oversize Size),12' x 3',Your ad will appear in an approved area on the installation.,480.0,1140.0,2880.0,4896.0,200.0,1,15057,18965,,,,,MasterMilitaryOnBaseList 12.2.25 NS.xlsx
HI-USAGHAWA-013,USAG Hawaii,Schofield Barracks / Fort Shafter / Wheeler AAF,HI,Honolulu,96815,Army,Standard Media,Banners (Standard Size),6' x 3,Your ad will appear in an approved area on the installation.,240.0,720.0,1440.0,2448.0,200.0,1,15057,18965,,,,,MasterMilitaryOnBaseList 12.2.25 NS.xlsx
HI-USAGHAWA-014,USAG Hawaii,Schofield Barracks / Fort Shafter / Wheeler AAF,HI,Honolulu,96815,Army,Standard Media,Premium Banner - CYS Parental Central Services,8'W x 3'H,Your ad will appear in the CYS Parent Central Services Center. [Minimum of 3 months],,1500.0,3000.0,6000.0,200.0,3,15057,18965,,,,,MasterMilitaryOnBaseList 12.2.25 NS.xlsx
HI-USAGHAWA-015,USAG Hawaii,Schofield Barracks / Fort Shafter / Wheeler AAF,HI,Honolulu,96815,Army,Standard Media,Premium Banner - Hangar Entertainment Center,8'W x 6'H,Your ad will appear in the Hangar Entertainment Center. [Minimum of 3 months],,1500.0,3000.0,6000.0,200.0,3,15057,18965,,,,,MasterMilitaryOnBaseList 12.2.25 NS.xlsx
HI-USAGHAWA-016,USAG Hawaii,Schofield Barracks / Fort Shafter / Wheeler AAF,HI,Honolulu,96815,Army,Standard Media,Premium Banner - Health Fitness Center,8'W x 6'H,Your ad will appear in the Health Fitness Center. [Minimum of 3 months],,1500.0,3000.0,6000.0,200.0,3,15057,18965,,,,,MasterMilitaryOnBaseList 12.2.25 NS.xlsx
HI-USAGHAWA-017,USAG Hawaii,Schofield Barracks / Fort Shafter / Wheeler AAF,HI,Honolulu,96815,Army,Standard Media,Premium Banner - Physical Fitness Center,8'W x 6'H,Your ad will appear in the Physical Fitness Center. [Minimum of 3 months],,1800.0,3600.0,7200.0,200.0,3,15057,18965,,,,,MasterMilitaryOnBaseList 12.2.25 NS.xlsx
HI-USAGHAWA-018,USAG Hawaii,Schofield Barracks / Fort Shafter / Wheeler AAF,HI,Honolulu,96815,Army,Standard Media,Premium Banner - Travel Services,8'W x 6'H,Your ad will appear in the Leisure Travel Services Center. [Minimum of 3 months],,2400.0,4800.0,9600.0,200.0,3,15057,18965,,,,,MasterMilitaryOnBaseList 12.2.25 NS.xlsx
HI-USAGHAWA-019,USAG Hawaii,Schofield Barracks / Fort Shafter / Wheeler AAF,HI,Honolulu,96815,Army,Standard Media,Premium Banner - Tropics Recreation Center,8'W x 6'H,Your ad will appear in the Tropic Recreation Center. [Minimum of 3 months],,1500.0,3000.0,6000.0,200.0,3,15057,18965,,,,,MasterMilitaryOnBaseList 12.2.25 NS.xlsx
HI-USAGHAWA-020,USAG Hawaii,Schofield Barracks / Fort Shafter / Wheeler AAF,HI,Honolulu,96815,Army,Print & Publications,Guidebook Ad - Back Cover,"6.25"" x 6.25"", 0.25"" bleed all around 9JPG format)","Your ad will appear in the Family and MWR Guidebook. [Price is per issue - come out every 3-4 months, 10K copies of each issue]",,6000.0,12000.0,24000.0,,3,15057,18965,,,,,MasterMilitaryOnBaseList 12.2.25 NS.xlsx
HI-USAGHAWA-021,USAG Hawaii,Schofield Barracks / Fort Shafter / Wheeler AAF,HI,Honolulu,96815,Army,Print & Publications,Guidebook Ad - Inside Back Cover,"6.25"" x 6.25"", 0.25"" bleed all around 9JPG format)","Your ad will appear in the Family and MWR Guidebook. [Price is per issue - come out every 3-4 months, 10K copies of each issue]",,5000.0,10000.0,20000.0,,3,15057,18965,,,,,MasterMilitaryOnBaseList 12.2.25 NS.xlsx
HI-USAGHAWA-022,USAG Hawaii,Schofield Barracks / Fort Shafter / Wheeler AAF,HI,Honolulu,96815,Army,Print & Publications,Guidebook Ad - Inside Front Cover,"6.25"" x 6.25"", 0.25"" bleed all around 9JPG format)","Your ad will appear in the Family and MWR Guidebook. [Price is per issue - come out every 3-4 months, 10K copies of each issue]",,5000.0,10000.0,20000.0,,3,15057,18965,,,,,MasterMilitaryOnBaseList 12.2.25 NS.xlsx
HI-USAGHAWA-023,USAG Hawaii,Schofield Barracks / Fort Shafter / Wheeler AAF,HI,Honolulu,96815,Army,Print & Publications,Guidebook Ad -Back side of second page,"6.25"" x 6.25"", 0.25"" bleed all around 9JPG format)","Your ad will appear in the Family and MWR Guidebook. [Price is per issue - come out every 3-4 months, 10K copies of each issue]",,4000.0,8000.0,16000.0,,3,15057,18965,,,,,MasterMilitaryOnBaseList 12.2.25 NS.xlsx
HI-USAGHAWA-024,USAG Hawaii,Schofield Barracks / Fort Shafter / Wheeler AAF,HI,Honolulu,96815,Army,Print & Publications,Publication Display,TBD,Your ad will appear in 15 approved locations on the installation.,,2250.0,4050.0,7656.0,,3,15057,18965,,,,,MasterMilitaryOnBaseList 12.2.25 NS.xlsx
HI-USAGHAWA-025,USAG Hawaii,Schofield Barracks / Fort Shafter / Wheeler AAF,HI,Honolulu,96815,Army,Web & Email,Facebook Advertising,,"Your ad will appear on the US Army Garrison Hawaii Family and MWR's Facebook page [Pricing is per post, 3 posts/month MAX]",,500.0,450.0,400.0,,3,15057,18965,,,,,MasterMilitaryOnBaseList 12.2.25 NS.xlsx
ID-MOUNTAIN-001,Mountain Home AFB,,ID,Boise,83648,Air Force,Digital,Bowling Lane Rake,TBD,Your ad will appear at the bowling center.,,150.0,250.0,450.0,,3,3387,3784,,,,Source formula errors,MasterMilitaryOnBaseList 12.2.25 NS.xlsx
ID-MOUNTAIN-002,Mountain Home AFB,,ID,Boise,83648,Air Force,Digital,Bowling Scoring Monitors,TBD,Your ad will appear on the digital bowling scoring monitors.,100.0,275.0,550.0,1100.0,0.0,1,3387,3784,,,,,MasterMilitaryOnBaseList 12.2.25 NS.xlsx
ID-MOUNTAIN-003,Mountain Home AFB,,ID,Boise,83648,Air Force,Digital,Digital Media,TBD,Your ad will appear in approved digital media.,150.0,400.0,700.0,1300.0,0.0,1,3387,3784,,,,,MasterMilitaryOnBaseList 12.2.25 NS.xlsx
ID-MOUNTAIN-004,Mountain Home AFB,,ID,Boise,83648,Air Force,Digital,Digital Monitor Network,TBD,Your ad will appear on digital monitors in approved installation facilities.,100.0,275.0,550.0,1100.0,0.0,1,3387,3784,,,,,MasterMilitaryOnBaseList 12.2.25 NS.xlsx
ID-MOUNTAIN-005,Mountain Home AFB,,ID,Boise,83648,Air Force,Digital,Digital Monitor Network,TBD,Your ad will appear on digital monitors in approved installation facilities.,150.0,400.0,700.0,1300.0,0.0,1,3387,3784,,,,,MasterMilitaryOnBaseList 12.2.25 NS.xlsx
ID-MOUNTAIN-006,Mountain Home AFB,,ID,Boise,83648,Air Force,Digital,Inn or Bowling Monitors,TBD,Your ad will appear on approved monitors in the Inn or Bowling Alley.,100.0,275.0,550.0,1100.0,,1,3387,3784,,,,,MasterMilitaryOnBaseList 12.2.25 NS.xlsx
ID-MOUNTAIN-007,Mountain Home AFB,,ID,Boise,83648,Air Force,Digital,Lane Rake,TBD,Your ad will appear in approved locations on the installation.,,,150.0,300.0,0.0,6,3387,3784,,,,,MasterMilitaryOnBaseList 12.2.25 NS.xlsx
ID-MOUNTAIN-008,Mountain Home AFB,,ID,Boise,83648,Air Force,Standard Media,Banner,TBD,Your ad will appear in approved locations on the installation.,,500.0,1000.0,2000.0,200.0,3,3387,3784,,,,,MasterMilitaryOnBaseList 12.2.25 NS.xlsx
ID-MOUNTAIN-009,Mountain Home AFB,,ID,Boise,83648,Air Force,Standard Media,Banner,6'W x 3'H,Your ad will appear in an approved installation facility.,100.0,250.0,500.0,1000.0,200.0,1,3387,3784,,,,,MasterMilitaryOnBaseList 12.2.25 NS.xlsx
ID-MOUNTAIN-010,Mountain Home AFB,,ID,Boise,83648,Air Force,Standard Media,Golf Flag Signage,TBD,Your ad will appear on one golf course flag stick.,,,100.0,,,6,3387,3784,,,,Source formula errors,MasterMilitaryOnBaseList 12.2.25 NS.xlsx
ID-MOUNTAIN-011,Mountain Home AFB,,ID,Boise,83648,Air Force,Standard Media,Poster,"22""W x 28""H",Your ad will appear in an approved installation facility.,100.0,250.0,500.0,1000.0,100.0,1,3387,3784,,,,,MasterMilitaryOnBaseList 12.2.25 NS.xlsx
ID-MOUNTAIN-012,Mountain Home AFB,,ID,Boise,83648,Air Force,Standard Media,Table Tents,TBD,Your ad will appear on approved tables.,150.0,400.0,700.0,1300.0,,1,3387,3784,,,,,MasterMilitaryOnBaseList 12.2.25 NS.xlsx
ID-MOUNTAIN-013,Mountain Home AFB,,ID,Boise,83648,Air Force,Print & Publications,1/2 Page Magazine Ad,TBD,Your 1/2 page ad will appear in The Force Source magazine.,175.0,525.0,1050.0,2100.0,0.0,1,3387,3784,,,,,MasterMilitaryOnBaseList 12.2.25 NS.xlsx
ID-MOUNTAIN-014,Mountain Home AFB,,ID,Boise,83648,Air Force,Print & Publications,1/2 Page Newcomer's Guide Ad,TBD,Your 1/2 page ad will appear in the Mountain Home Newcomer's Guide.,,,,1750.0,,12,3387,3784,,,,,MasterMilitaryOnBaseList 12.2.25 NS.xlsx
ID-MOUNTAIN-015,Mountain Home AFB,,ID,Boise,83648,Air Force,Print & Publications,Full Page Magazine Ad,TBD,Your full page ad will appear in The Force Source magazine.,275.0,825.0,1650.0,3300.0,0.0,1,3387,3784,,,,,MasterMilitaryOnBaseList 12.2.25 NS.xlsx
ID-MOUNTAIN-016,Mountain Home AFB,,ID,Boise,83648,Air Force,Print & Publications,Full Page Newcomer's Guide Ad,TBD,Your full page ad will appear in the Mountain Home Newcomer's Guide.,,,,2250.0,,12,3387,3784,,,,,MasterMilitaryOnBaseList 12.2.25 NS.xlsx
ID-MOUNTAIN-017,Mountain Home AFB,,ID,Boise,83648,Air Force,Print & Publications,Golf Scorecard,TBD,Your ad will appear on the golf course score card.,,,,1500.0,0.0,12,3387,3784,,,,Source formula errors,MasterMilitaryOnBaseList 12.2.25 NS.xlsx
ID-MOUNTAIN-018,Mountain Home AFB,,ID,Boise,83648,Air Force,Print & Publications,Golf Scorecards,TBD,Your ad will appear on golf scorecards on the installation golf course.,,,,1500.0,,12,3387,3784,,,,,MasterMilitaryOnBaseList 12.2.25 NS.xlsx
ID-MOUNTAIN-019,Mountain Home AFB,,ID,Boise,83648,Air Force,Print & Publications,Hot Spot Magazine Ad,TBD,Your hot spot ad will appear in The Force Source magazine.,325.0,975.0,1950.0,3900.0,0.0,1,3387,3784,,,,,MasterMilitaryOnBaseList 12.2.25 NS.xlsx
ID-MOUNTAIN-020,Mountain Home AFB,,ID,Boise,83648,Air Force,Print & Publications,Hot Spot Newcomer's Guide Ad,TBD,Your hot spot ad will appear in the Mountain Home Newcomer's Guide.,,,,2500.0,,12,3387,3784,,,,,MasterMilitaryOnBaseList 12.2.25 NS.xlsx
ID-MOUNTAIN-021,Mountain Home AFB,,ID,Boise,83648,Air Force,Sponsorship & Other,Dorm Mailer,TBD,Your ad will appear on Dorm Mailers.,200.0,500.0,,,,1,3387,3784,,,,,MasterMilitaryOnBaseList 12.2.25 NS.xlsx
ID-MOUNTAIN-022,Mountain Home AFB,,ID,Boise,83648,Air Force,Sponsorship & Other,Fridge Magnet,TBD,Your ad will appear in approved locations on the installation. (Price is per magnet),,,,3.0,0.0,12,3387,3784,,,,,MasterMilitaryOnBaseList 12.2.25 NS.xlsx
ID-MOUNTAIN-023,Mountain Home AFB,,ID,Boise,83648,Air Force,Sponsorship & Other,Golf Flag,TBD,Your ad will appear on a golf flag on the installation golf course. (Price per flag),,,100.0,,,6,3387,3784,,,,,MasterMilitaryOnBaseList 12.2.25 NS.xlsx
ID-MOUNTAIN-024,Mountain Home AFB,,ID,Boise,83648,Air Force,Sponsorship & Other,Golf Pencils,TBD,Your ad will appear on golf pencils on the installation golf course.,,,500.0,,,6,3387,3784,,,,,MasterMilitaryOnBaseList 12.2.25 NS.xlsx
ID-MOUNTAIN-025,Mountain Home AFB,,ID,Boise,83648,Air Force,Sponsorship & Other,Golf Scoring Pencils,TBD,Your ad will appear on the golf course pencils.,,,500.0,,0.0,6,3387,3784,,,,Source formula errors,MasterMilitaryOnBaseList 12.2.25 NS.xlsx
ID-MOUNTAIN-026,Mountain Home AFB,,ID,Boise,83648,Air Force,Sponsorship & Other,Housing Mailer,TBD,Your ad will appear on Housing Mailers.,300.0,800.0,,,,1,3387,3784,,,,,MasterMilitaryOnBaseList 12.2.25 NS.xlsx
ID-MOUNTAIN-027,Mountain Home AFB,,ID,Boise,83648,Air Force,Sponsorship & Other,Notepads,TBD,Your ad will appear on notepads given out on the installation.,,,,500.0,0.0,12,3387,3784,,,,,MasterMilitaryOnBaseList 12.2.25 NS.xlsx
ID-MOUNTAIN-028,Mountain Home AFB,,ID,Boise,83648,Air Force,Sponsorship & Other,Pens,TBD,Your ad will appear will appear on pens given out on the intallation.,,,,500.0,0.0,12,3387,3784,,,,,MasterMilitaryOnBaseList 12.2.25 NS.xlsx
IL-SCOTTAFB-001,Scott AFB,,IL,St. Louis,62225,Air Force,Digital,Bowling Sweep,TBD,Your ad will appear on the pin sweep at the bowling alley on the installation.,,,,150.0,0.0,12,4610,7686,,,,,MasterMilitaryOnBaseList 12.2.25 NS.xlsx
IL-SCOTTAFB-002,Scott AFB,,IL,St. Louis,62225,Air Force,Digital,Digital Monitor,"2400px x 1575px (Landscape, JPG)",Your ad will appear on screens in approved installation facilities.,,300.0,600.0,1200.0,,3,4610,7686,,,,,MasterMilitaryOnBaseList 12.2.25 NS.xlsx
IL-SCOTTAFB-003,Scott AFB,,IL,St. Louis,62225,Air Force,Digital,Full Page Bowling Center Magazine Ad,,Your full page ad will appear in the annual Bowling Center magazine.,,,,500.0,,12,4610,7686,,,,,MasterMilitaryOnBaseList 12.2.25 NS.xlsx
IL-SCOTTAFB-004,Scott AFB,,IL,St. Louis,62225,Air Force,Standard Media,Banner,4' x 6',Your ad will appear in an approved area on the installation.,,300.0,600.0,1200.0,200.0,3,4610,7686,,,,,MasterMilitaryOnBaseList 12.2.25 NS.xlsx
IL-SCOTTAFB-005,Scott AFB,,IL,St. Louis,62225,Air Force,Standard Media,Banner (Pool),3' x 8',Your ad will appear at the pool on the installation.,,300.0,600.0,1200.0,200.0,3,4610,7686,,,,,MasterMilitaryOnBaseList 12.2.25 NS.xlsx
IL-SCOTTAFB-006,Scott AFB,,IL,St. Louis,62225,Air Force,Standard Media,Poster,"22"" x 28""",Your ad will appear in an approved location on the installation.,100.0,300.0,600.0,1200.0,100.0,1,4610,7686,,,,,MasterMilitaryOnBaseList 12.2.25 NS.xlsx
IL-SCOTTAFB-007,Scott AFB,,IL,St. Louis,62225,Air Force,Large Format,Counter Wrap,TBD,Your ad will appear on approved counters in the installation.,,,,5000.0,,12,4610,7686,,,,,MasterMilitaryOnBaseList 12.2.25 NS.xlsx
IL-SCOTTAFB-008,Scott AFB,,IL,St. Louis,62225,Air Force,Print & Publications,1/2 Page Golf Course Magazine Ad,,Your 1/2 page ad will appear in the Scott AFB Golf Course Magazine.,,,,250.0,,12,4610,7686,,,,,MasterMilitaryOnBaseList 12.2.25 NS.xlsx
IL-SCOTTAFB-009,Scott AFB,,IL,St. Louis,62225,Air Force,Print & Publications,1/4 Page Golf Course Magazine Ad,,Your 1/4 page ad will appear in the Scott AFB Golf Course Magazine.,,,,150.0,,12,4610,7686,,,,,MasterMilitaryOnBaseList 12.2.25 NS.xlsx
IL-SCOTTAFB-010,Scott AFB,,IL,St. Louis,62225,Air Force,Print & Publications,Full Page Golf Course Magazine Ad,,Your full page ad will appear in the annual Scott AFB Golf Course Magazine.,,,,500.0,,12,4610,7686,,,,,MasterMilitaryOnBaseList 12.2.25 NS.xlsx
IL-SCOTTAFB-011,Scott AFB,,IL,St. Louis,62225,Air Force,Sponsorship & Other,Golf Cart Advertisement,TBD,Your ad will appear on golf carts on the installation.,,,,1000.0,0.0,12,4610,7686,,,,,MasterMilitaryOnBaseList 12.2.25 NS.xlsx
IN-CRANENAV-001,Crane Naval Support Activity,,IN,Terre Haute,47522,Navy,Digital,Outdoor LED Banner (Main Road),6' x 3',Your ad will appear on the Main Road of the installation.,800.0,2400.0,4800.0,9600.0,200.0,1,3600,,,,,,MasterMilitaryOnBaseList 12.2.25 NS.xlsx
IN-CRANENAV-002,Crane Naval Support Activity,,IN,Terre Haute,47522,Navy,Standard Media,Banner (Cafeteria),6' x 3',Your ad will appear in the Cafeteria building on the installation.,500.0,1500.0,3000.0,6000.0,200.0,1,3600,,,,,,MasterMilitaryOnBaseList 12.2.25 NS.xlsx
IN-CRANENAV-003,Crane Naval Support Activity,,IN,Terre Haute,47522,Navy,Standard Media,Banner (Fitness Center),6' x 3',Your ad will appear in the Fitness Center on the installation.,250.0,750.0,1500.0,3000.0,200.0,1,3600,,,,,,MasterMilitaryOnBaseList 12.2.25 NS.xlsx
IN-CRANENAV-004,Crane Naval Support Activity,,IN,Terre Haute,47522,Navy,Standard Media,Banner (Lakeview Catering + Conference Center),6' x 3',Your ad will appear in the Lakeview Catering + Conference Center on the installation.,250.0,750.0,1500.0,3000.0,200.0,1,3600,,,,,,MasterMilitaryOnBaseList 12.2.25 NS.xlsx
IN-CRANENAV-005,Crane Naval Support Activity,,IN,Terre Haute,47522,Navy,Standard Media,Banner (Marina/Navy Getaways),6' x 3',Your ad will appear in the Marina/Navy Getaway on the installation.,150.0,450.0,900.0,1800.0,200.0,1,3600,,,,,,MasterMilitaryOnBaseList 12.2.25 NS.xlsx
IN-CRANENAV-006,Crane Naval Support Activity,,IN,Terre Haute,47522,Navy,Standard Media,Banner (Outdoor Pool),6' x 3',Your ad will appear at the Outdoor Pool on the installation.,100.0,300.0,600.0,1200.0,200.0,1,3600,,,,,,MasterMilitaryOnBaseList 12.2.25 NS.xlsx
IN-CRANENAV-007,Crane Naval Support Activity,,IN,Terre Haute,47522,Navy,Large Format,Banner (Ballfield),6' x 3',Your ad will appear on the Ballfield on the installation.,250.0,750.0,1500.0,3000.0,200.0,1,3600,,,,,,MasterMilitaryOnBaseList 12.2.25 NS.xlsx
KS-FORTLEAV-001,Fort Leavenworth,,KS,Kansas City,66027,Army,Digital,Digital Monitors (30-second commercial),1920px x 1080px,Your ad will appear in the Post Theater on the installation.,,500.0,1000.0,1500.0,,3,3438,7470,,,,,MasterMilitaryOnBaseList 12.2.25 NS.xlsx
KS-FORTLEAV-002,Fort Leavenworth,,KS,Kansas City,66027,Army,Digital,Digital Monitors (Static Ad),1360px x 768px,Your ad will appear in four approved locations on the installation.,,900.0,1800.0,3600.0,0.0,3,3438,7470,,,,,MasterMilitaryOnBaseList 12.2.25 NS.xlsx
KS-FORTLEAV-003,Fort Leavenworth,,KS,Kansas City,66027,Army,Digital,Golf Scoreboard Sign,"12"" x 12""",Your ad will appear on the golf course scoreboard sign on the installation.,,,,600.0,,12,3438,7470,,,,,MasterMilitaryOnBaseList 12.2.25 NS.xlsx
KS-FORTLEAV-004,Fort Leavenworth,,KS,Kansas City,66027,Army,Digital,Grant Marquee,TBD,Your ad will appear in two approved locations on grant marquees.,,1250.0,2500.0,5000.0,,3,3438,7470,,,,,MasterMilitaryOnBaseList 12.2.25 NS.xlsx
KS-FORTLEAV-005,Fort Leavenworth,,KS,Kansas City,66027,Army,Standard Media,Banner,3' x 6',Your ad will appear in an approved location on the installation.,,450.0,900.0,1800.0,200.0,3,3438,7470,,,,,MasterMilitaryOnBaseList 12.2.25 NS.xlsx
KS-FORTLEAV-006,Fort Leavenworth,,KS,Kansas City,66027,Army,Standard Media,Driving Range Golf Tees,,"Your ad will appear on golf tees on the driving range on the installation. ($1,200/4,000 tees)",,,,,,,3438,7470,,,,No price on file - inquire,MasterMilitaryOnBaseList 12.2.25 NS.xlsx
KS-FORTLEAV-007,Fort Leavenworth,,KS,Kansas City,66027,Army,Standard Media,Golf Range Yardage Sign,,Your ad will appear on a golf course yardage sign on the installation.,,,,750.0,,12,3438,7470,,,,,MasterMilitaryOnBaseList 12.2.25 NS.xlsx
KS-FORTLEAV-008,Fort Leavenworth,,KS,Kansas City,66027,Army,Large Format,Business Card Ad in Fort Leavenworth Lamp Publication,558px x 315px,Your ad will appear in the Fort Leavenworth Lamp publication. (Pricing per publication) - $75,75.0,,,,,1,3438,7470,,,,,MasterMilitaryOnBaseList 12.2.25 NS.xlsx
KS-FORTLEAV-009,Fort Leavenworth,,KS,Kansas City,66027,Army,Large Format,Large Banner,4' x 8',Your ad will appear in an approved location on the installation.,,500.0,1000.0,1500.0,200.0,3,3438,7470,,,,,MasterMilitaryOnBaseList 12.2.25 NS.xlsx
KS-FORTLEAV-010,Fort Leavenworth,,KS,Kansas City,66027,Army,Print & Publications,1/2 Page Ad (Annual Welcome Guide),7.25” x 4.75”,Your 1/2 ad will appear in the Fort Leavenworth Welcome Guide.,,,,500.0,,12,3438,7470,,,,,MasterMilitaryOnBaseList 12.2.25 NS.xlsx
KS-FORTLEAV-011,Fort Leavenworth,,KS,Kansas City,66027,Army,Print & Publications,1/2 Page Ad in Fort Leavenworth Lamp Publication,558px x 760px,Your ad will appear in the Fort Leavenworth Lamp publication. (Pricing per publication) - $150,,,,,,,3438,7470,,,,No price on file - inquire,MasterMilitaryOnBaseList 12.2.25 NS.xlsx
KS-FORTLEAV-012,Fort Leavenworth,,KS,Kansas City,66027,Army,Print & Publications,1/4 Page Ad (Annual Welcome Guide),3.5” x 4.75”,Your 1/4 page ad will appear in the Fort Leavenworth Welcome Guide.,,,,350.0,,12,3438,7470,,,,,MasterMilitaryOnBaseList 12.2.25 NS.xlsx
KS-FORTLEAV-013,Fort Leavenworth,,KS,Kansas City,66027,Army,Print & Publications,Inside Back Cover Ad (Annual Welcome Guide),8” x 10.875” with .125” bleed),Your ad will appear on the inside back cover of the Fort Leavenworth Welcome Guide.,,,,1250.0,,12,3438,7470,,,,,MasterMilitaryOnBaseList 12.2.25 NS.xlsx
KS-FORTLEAV-014,Fort Leavenworth,,KS,Kansas City,66027,Army,Print & Publications,Inside Front Cover Ad (Annual Welcome Guide),8” x 10.875” with .125” bleed),Your ad will appear on the inside cover of the Fort Leavenworth Welcome Guide.,,,,1250.0,,12,3438,7470,,,,,MasterMilitaryOnBaseList 12.2.25 NS.xlsx
KS-FORTLEAV-015,Fort Leavenworth,,KS,Kansas City,66027,Army,Print & Publications,Interior Full Page Ad (Annual Welcome Guide),8” x 10.875” with .125” bleed),Your full page ad will appear in the Fort Leavenworth Welcome Guide.,,,,750.0,,12,3438,7470,,,,,MasterMilitaryOnBaseList 12.2.25 NS.xlsx
KS-FORTLEAV-016,Fort Leavenworth,,KS,Kansas City,66027,Army,Web & Email,Facebook Posts,1200px x 630px,"Your ad will appear on the Fort Leavenworth Facebook page in a post. ($125/single post, $200/four posts)",,,,,,,3438,7470,,,,No price on file - inquire,MasterMilitaryOnBaseList 12.2.25 NS.xlsx
KS-FORTLEAV-017,Fort Leavenworth,,KS,Kansas City,66027,Army,Sponsorship & Other,Driving Range Balls,,"Your ad will appear on golf balls on the driving range on the installation. ($2,000/500 balls)",,,,,,,3438,7470,,,,No price on file - inquire,MasterMilitaryOnBaseList 12.2.25 NS.xlsx
KS-FORTLEAV-018,Fort Leavenworth,,KS,Kansas City,66027,Army,Sponsorship & Other,Golf Hole Flags,,Your ad will appear on a golf hole flag on the golf course on the installation.,,,,1200.0,,12,3438,7470,,,,,MasterMilitaryOnBaseList 12.2.25 NS.xlsx
KS-FORTLEAV-019,Fort Leavenworth,,KS,Kansas City,66027,Army,Sponsorship & Other,Golf Hole Sponsor,,Your ad will appear at a golf hole on the golf course on the installation.,,,,1500.0,,12,3438,7470,,,,,MasterMilitaryOnBaseList 12.2.25 NS.xlsx
KS-FORTLEAV-020,Fort Leavenworth,,KS,Kansas City,66027,Army,Sponsorship & Other,T-Shirt Logo Placement (Bronze),TBD,Your ad will appear on the back of a-shirt handed out at Fort Leavenworth events.,,,,50.0,,12,3438,7470,,,,,MasterMilitaryOnBaseList 12.2.25 NS.xlsx
KS-FORTLEAV-021,Fort Leavenworth,,KS,Kansas City,66027,Army,Sponsorship & Other,T-Shirt Logo Placement (Gold),TBD,Your ad will appear on the back of a-shirt handed out at Fort Leavenworth events.,,,,200.0,,12,3438,7470,,,,,MasterMilitaryOnBaseList 12.2.25 NS.xlsx
KS-FORTLEAV-022,Fort Leavenworth,,KS,Kansas City,66027,Army,Sponsorship & Other,T-Shirt Logo Placement (Platinum),TBD,Your ad will appear on the back of a-shirt handed out at Fort Leavenworth events.,,,,750.0,,12,3438,7470,,,,,MasterMilitaryOnBaseList 12.2.25 NS.xlsx
KS-FORTLEAV-023,Fort Leavenworth,,KS,Kansas City,66027,Army,Sponsorship & Other,T-Shirt Logo Placement (Silver),TBD,Your ad will appear on the back of a-shirt handed out at Fort Leavenworth events.,,,,100.0,,12,3438,7470,,,,,MasterMilitaryOnBaseList 12.2.25 NS.xlsx
KS-FORTRILE-001,Fort Riley,,KS,Topeka,66442,Army,Digital,Digital Monitor Network,1500px x 844px,Your ad will appear on 18 monitors in approved locations on the installation.,550.0,1500.0,2700.0,5000.0,,1,15214,18081,,,,,MasterMilitaryOnBaseList 12.2.25 NS.xlsx
KS-FORTRILE-002,Fort Riley,,KS,Topeka,66442,Army,Digital,Digital Scoring Screens - SpareTime Interactive Entertainment,1280px x 720px,Your ad will appear in SpareTime.,150.0,400.0,750.0,1200.0,,1,15214,18081,,,,,MasterMilitaryOnBaseList 12.2.25 NS.xlsx
KS-FORTRILE-003,Fort Riley,,KS,Topeka,66442,Army,Digital,Digital Screen - Warrior Zone Entrance,TBD,Your ad will appear at the entrance of the Warrior Zone.,,1350.0,2600.0,5000.0,,3,15214,18081,,,,,MasterMilitaryOnBaseList 12.2.25 NS.xlsx
KS-FORTRILE-004,Fort Riley,,KS,Topeka,66442,Army,Digital,Gaming PC Screen Saver,TBD,Your ad will appear on 40 approved gaming computers.,,650.0,1200.0,2200.0,,3,15214,18081,,,,,MasterMilitaryOnBaseList 12.2.25 NS.xlsx
KS-FORTRILE-005,Fort Riley,,KS,Topeka,66442,Army,Digital,Outdoor Digital Billboard - Warrior Zone,1500px x 844px,Your ad will appear in an approved location on the installation.,,650.0,1200.0,2200.0,,3,15214,18081,,,,,MasterMilitaryOnBaseList 12.2.25 NS.xlsx
KS-FORTRILE-006,Fort Riley,,KS,Topeka,66442,Army,Digital,PC Work Station Ads,TBD,Your ad will appear on landing screens of each work station computer.,,400.0,750.0,1400.0,,3,15214,18081,,,,,MasterMilitaryOnBaseList 12.2.25 NS.xlsx
KS-FORTRILE-007,Fort Riley,,KS,Topeka,66442,Army,Digital,"Warrior Zone Bundle (Outdoor Digital Billboard, Gaming PC Screen Savers, and PC Work Station Ads)",TBD,"Your ad will appear on a digital billboard, 40 approved gaming computers, and work station computers.",,1500.0,2750.0,5200.0,,3,15214,18081,,,,,MasterMilitaryOnBaseList 12.2.25 NS.xlsx
KS-FORTRILE-008,Fort Riley,,KS,Topeka,66442,Army,Standard Media,Banner - Auto Skills Center,"36"" x 96""",Your ad will appear at Auto Skills Center on the installation.,125.0,275.0,525.0,950.0,200.0,1,15214,18081,,,,,MasterMilitaryOnBaseList 12.2.25 NS.xlsx
KS-FORTRILE-009,Fort Riley,,KS,Topeka,66442,Army,Standard Media,Banner - Craig Fitness Center,"36"" x 96""",Your ad will appear at the Craig Fitness Center on the installation.,150.0,375.0,725.0,1300.0,200.0,1,15214,18081,,,,,MasterMilitaryOnBaseList 12.2.25 NS.xlsx
KS-FORTRILE-010,Fort Riley,,KS,Topeka,66442,Army,Standard Media,Banner - Custer Hill Aquatic Complex,"36"" x 96""",Your ad will appear at the King Field House on the installation.,75.0,150.0,275.0,500.0,200.0,1,15214,18081,,,,,MasterMilitaryOnBaseList 12.2.25 NS.xlsx
KS-FORTRILE-011,Fort Riley,,KS,Topeka,66442,Army,Standard Media,Banner - Eyster Indoor Pool,"36"" x 96""",Your ad will appear at the King Field House on the installation.,75.0,150.0,275.0,500.0,200.0,1,15214,18081,,,,,MasterMilitaryOnBaseList 12.2.25 NS.xlsx
KS-FORTRILE-012,Fort Riley,,KS,Topeka,66442,Army,Standard Media,Banner - Fort Riley Post Library,"36"" x 96""",Your ad will appear at Fort Riley Post Library on the installation.,75.0,150.0,275.0,500.0,200.0,1,15214,18081,,,,,MasterMilitaryOnBaseList 12.2.25 NS.xlsx
KS-FORTRILE-013,Fort Riley,,KS,Topeka,66442,Army,Standard Media,Banner - Hobby Studio,"36"" x 96""",Your ad will appear at the King Field House on the installation.,75.0,150.0,275.0,500.0,200.0,1,15214,18081,,,,,MasterMilitaryOnBaseList 12.2.25 NS.xlsx
KS-FORTRILE-014,Fort Riley,,KS,Topeka,66442,Army,Standard Media,Banner - Leonard Fitness Center,"36"" x 96""",Your ad will appear at Leonard Fitness Center on the installation.,125.0,275.0,525.0,950.0,200.0,1,15214,18081,,,,,MasterMilitaryOnBaseList 12.2.25 NS.xlsx
KS-FORTRILE-015,Fort Riley,,KS,Topeka,66442,Army,Standard Media,Banner - Long Fitness Center,"36"" x 96""",Your ad will appear at Long Fitness Center on the installation.,125.0,275.0,525.0,950.0,200.0,1,15214,18081,,,,,MasterMilitaryOnBaseList 12.2.25 NS.xlsx
KS-FORTRILE-016,Fort Riley,,KS,Topeka,66442,Army,Standard Media,Banner - Outdoor Adventure Park,"36"" x 96""",Your ad will appear at the King Field House on the installation.,125.0,275.0,525.0,950.0,200.0,1,15214,18081,,,,,MasterMilitaryOnBaseList 12.2.25 NS.xlsx
KS-FORTRILE-017,Fort Riley,,KS,Topeka,66442,Army,Standard Media,Banner - Riley Community Center Hallway,"36"" x 96""",Your ad will appear at the King Field House on the installation.,100.0,225.0,400.0,750.0,200.0,1,15214,18081,,,,,MasterMilitaryOnBaseList 12.2.25 NS.xlsx
KS-FORTRILE-018,Fort Riley,,KS,Topeka,66442,Army,Standard Media,Banner - Robinson Fitness Center,"36"" x 96""",Your ad will appear at Robinson Fitness Center on the installation.,125.0,275.0,525.0,950.0,200.0,1,15214,18081,,,,,MasterMilitaryOnBaseList 12.2.25 NS.xlsx
KS-FORTRILE-019,Fort Riley,,KS,Topeka,66442,Army,Standard Media,Banner - SpareTime Interactive Entertainment,"36"" x 96""",Your ad will appear at the King Field House on the installation.,150.0,375.0,725.0,1300.0,200.0,1,15214,18081,,,,,MasterMilitaryOnBaseList 12.2.25 NS.xlsx
KS-FORTRILE-020,Fort Riley,,KS,Topeka,66442,Army,Standard Media,Banner - Warrior Zon,"36"" x 96""",Your ad will appear at the King Field House on the installation.,150.0,375.0,725.0,1300.0,200.0,1,15214,18081,,,,,MasterMilitaryOnBaseList 12.2.25 NS.xlsx
KS-FORTRILE-021,Fort Riley,,KS,Topeka,66442,Army,Standard Media,Banner - Whitside Fitness Rooms,"36"" x 96""",Your ad will appear in the Whitside Fitness Rooms on the installation.,100.0,225.0,400.0,750.0,200.0,1,15214,18081,,,,,MasterMilitaryOnBaseList 12.2.25 NS.xlsx
KS-FORTRILE-022,Fort Riley,,KS,Topeka,66442,Army,Standard Media,Banner - Withitside Fitness Center,"36"" x 96""",Your ad will appear in the Withitside Fitness Center on the installation.,150.0,375.0,725.0,1300.0,200.0,1,15214,18081,,,,,MasterMilitaryOnBaseList 12.2.25 NS.xlsx
KS-FORTRILE-023,Fort Riley,,KS,Topeka,66442,Army,Standard Media,Indoor Banner Sports Package,"36"" x 96""",Your ad will appear in 6 fitness centers on the installation.,,1560.0,3000.0,5550.0,200.0,3,15214,18081,,,,,MasterMilitaryOnBaseList 12.2.25 NS.xlsx
KS-FORTRILE-024,Fort Riley,,KS,Topeka,66442,Army,Standard Media,Indoor Posters,"24""W x 36""H",Your ad will appear in approved facilities on the installation.,150.0,300.0,450.0,750.0,100.0,1,15214,18081,,,,,MasterMilitaryOnBaseList 12.2.25 NS.xlsx
KS-FORTRILE-025,Fort Riley,,KS,Topeka,66442,Army,Large Format,Banner - Any Sports Complex Fence,"36"" x 96""",Your ad will appear at the King Field House on the installation.,100.0,225.0,400.0,750.0,200.0,1,15214,18081,,,,,MasterMilitaryOnBaseList 12.2.25 NS.xlsx
KS-FORTRILE-026,Fort Riley,,KS,Topeka,66442,Army,Large Format,Banner - King Field House,"36"" x 96""",Your ad will appear at the King Field House on the installation.,150.0,375.0,725.0,1300.0,200.0,1,15214,18081,,,,,MasterMilitaryOnBaseList 12.2.25 NS.xlsx
KS-FORTRILE-027,Fort Riley,,KS,Topeka,66442,Army,Large Format,Banner - Trooper Drive Fence,"36"" x 96""",Your ad will appear at the King Field House on the installation.,125.0,275.0,525.0,950.0,200.0,1,15214,18081,,,,,MasterMilitaryOnBaseList 12.2.25 NS.xlsx
KS-FORTRILE-028,Fort Riley,,KS,Topeka,66442,Army,Large Format,Banners - All locations (Both sports and business locations),"36"" x 96""",Your ad will appear in all locations from the indoor sports and business banner packages.,,3150.0,5930.0,10780.0,200.0,3,15214,18081,,,,,MasterMilitaryOnBaseList 12.2.25 NS.xlsx
KS-FORTRILE-029,Fort Riley,,KS,Topeka,66442,Army,Large Format,Business Banner Package,"36"" x 96""",Your ad will appear in five approved locations on the installation).,,1580.0,2980.0,5400.0,200.0,3,15214,18081,,,,,MasterMilitaryOnBaseList 12.2.25 NS.xlsx
KS-FORTRILE-030,Fort Riley,,KS,Topeka,66442,Army,Large Format,Counter Wrap - Adventure Park Snack Bar,"36"" x 108""",Your ad will appear on a counter in the Adventure Park Snack Bar on the installation.,,,,3250.0,,12,15214,18081,,,,,MasterMilitaryOnBaseList 12.2.25 NS.xlsx
KS-FORTRILE-031,Fort Riley,,KS,Topeka,66442,Army,Large Format,Counter Wrap - Auto Skills Center,"28.5"" x 223""",Your ad will appear on a counter in the Auto Skills Center on the installation.,,,,1500.0,,12,15214,18081,,,,,MasterMilitaryOnBaseList 12.2.25 NS.xlsx
KS-FORTRILE-032,Fort Riley,,KS,Topeka,66442,Army,Large Format,Counter Wrap - Child Development Centers,Varies,Your ad will appear on a counter in the Child Development Centers on the installation.,,,,2500.0,,12,15214,18081,,,,,MasterMilitaryOnBaseList 12.2.25 NS.xlsx
KS-FORTRILE-033,Fort Riley,,KS,Topeka,66442,Army,Large Format,Counter Wrap - Craig Fitness Center,"30"" x 144""",Your ad will appear on a counter in the Craig Fitness Center on the installation.,,,,3250.0,,12,15214,18081,,,,,MasterMilitaryOnBaseList 12.2.25 NS.xlsx
KS-FORTRILE-034,Fort Riley,,KS,Topeka,66442,Army,Large Format,Counter Wrap - Fort Riley Post Library,"143"" x 29""",Your ad will appear on a counter in the Fort Riley Post Library on the installation.,,,,2500.0,,12,15214,18081,,,,,MasterMilitaryOnBaseList 12.2.25 NS.xlsx
KS-FORTRILE-035,Fort Riley,,KS,Topeka,66442,Army,Large Format,Counter Wrap - Hobby Studio,"36"" x 72""",Your ad will appear on a counter in the Hobby Studio on the installation.,,,,1500.0,,12,15214,18081,,,,,MasterMilitaryOnBaseList 12.2.25 NS.xlsx
KS-FORTRILE-036,Fort Riley,,KS,Topeka,66442,Army,Large Format,Counter Wrap - King Field House,"36"" x 120""",Your ad will appear on a counter in the King Field House on the installation.,,,,3250.0,,12,15214,18081,,,,,MasterMilitaryOnBaseList 12.2.25 NS.xlsx
KS-FORTRILE-037,Fort Riley,,KS,Topeka,66442,Army,Large Format,Counter Wrap - Leonard Fitness Center,"36"" x 108""",Your ad will appear on a counter in the Leonard Fitness Center on the installation.,,,,3250.0,,12,15214,18081,,,,,MasterMilitaryOnBaseList 12.2.25 NS.xlsx
KS-FORTRILE-038,Fort Riley,,KS,Topeka,66442,Army,Large Format,Counter Wrap - Long Fitness Center,"42"" x 114""",Your ad will appear on a counter in the Long Fitness Center on the installation.,,,,3250.0,,12,15214,18081,,,,,MasterMilitaryOnBaseList 12.2.25 NS.xlsx
KS-FORTRILE-039,Fort Riley,,KS,Topeka,66442,Army,Large Format,Counter Wrap - Parent Central,"36"" x 108""",Your ad will appear on a counter in Parent Central on the installation.,,,,2500.0,,12,15214,18081,,,,,MasterMilitaryOnBaseList 12.2.25 NS.xlsx
KS-FORTRILE-040,Fort Riley,,KS,Topeka,66442,Army,Large Format,Counter Wrap - Robinson Fitness Center,"12"" x 132""",Your ad will appear on a counter in the Robinson Fitness Center on the installation.,,,,3250.0,,12,15214,18081,,,,,MasterMilitaryOnBaseList 12.2.25 NS.xlsx
KS-FORTRILE-041,Fort Riley,,KS,Topeka,66442,Army,Large Format,Counter Wrap - Warrior Zone,"143"" x 29""",Your ad will appear on a counter in the Warrior Zone on the installation.,,,,5000.0,,12,15214,18081,,,,,MasterMilitaryOnBaseList 12.2.25 NS.xlsx
KS-FORTRILE-042,Fort Riley,,KS,Topeka,66442,Army,Large Format,Counter Wrap - Withitside Fitness Center,"36"" x 108""",Your ad will appear on a counter in the Withitside Fitness Center on the installation.,,,,5000.0,,12,15214,18081,,,,,MasterMilitaryOnBaseList 12.2.25 NS.xlsx
KS-FORTRILE-043,Fort Riley,,KS,Topeka,66442,Army,Large Format,Golf Simulator Wall Wrap,"60"" x 125""",Your ad will appear on the Golf Simulator wall in SpareTime.,,,,2000.0,,12,15214,18081,,,,,MasterMilitaryOnBaseList 12.2.25 NS.xlsx
KS-FORTRILE-044,Fort Riley,,KS,Topeka,66442,Army,Large Format,Outdoor Wall Banner - (Whitside Fitness Center (Front Entrance),20' x 10',Your ad will appear outside of the Whitside Fitness Center (Front Entrance) on the installation.,,,,6000.0,,12,15214,18081,,,,,MasterMilitaryOnBaseList 12.2.25 NS.xlsx
KS-FORTRILE-045,Fort Riley,,KS,Topeka,66442,Army,Large Format,Outdoor Wall Banner - (Whitside Fitness Center (Huebner Rd.),20' x 10',Your ad will appear outside of the Whitside Fitness Center (Huebner Road) on the installation.,,,,9000.0,,12,15214,18081,,,,,MasterMilitaryOnBaseList 12.2.25 NS.xlsx
KS-FORTRILE-046,Fort Riley,,KS,Topeka,66442,Army,Large Format,Outdoor Wall Banner - Craig Fitness Center,20' x 10',Your ad will appear outside of the Craig Fitness Center on the installation.,,,,9000.0,,12,15214,18081,,,,,MasterMilitaryOnBaseList 12.2.25 NS.xlsx
KS-FORTRILE-047,Fort Riley,,KS,Topeka,66442,Army,Large Format,Outdoor Wall Banner - Fort Riley Post Library,20' x 10',Your ad will appear outside of the Fort Riley Post Library on the installation.,,,,9000.0,,12,15214,18081,,,,,MasterMilitaryOnBaseList 12.2.25 NS.xlsx
KS-FORTRILE-048,Fort Riley,,KS,Topeka,66442,Army,Large Format,Outdoor Wall Banner - Golf Driving Range,16' x 8',Your ad will appear outside of the Golf Driving Range on the installation.,,,,3000.0,,12,15214,18081,,,,,MasterMilitaryOnBaseList 12.2.25 NS.xlsx
KS-FORTRILE-049,Fort Riley,,KS,Topeka,66442,Army,Large Format,Outdoor Wall Banner - Long Fitness Center,20' x 10',Your ad will appear outside of the Long Fitness Center on the installation.,,,,9000.0,,12,15214,18081,,,,,MasterMilitaryOnBaseList 12.2.25 NS.xlsx
KS-FORTRILE-050,Fort Riley,,KS,Topeka,66442,Army,Large Format,Outdoor Wall Banner - SpareTime (Normandy Dr.),20' x 10',Your ad will appear outside of SpareTime on Normandy Drive on the installation.,,,,6000.0,,12,15214,18081,,,,,MasterMilitaryOnBaseList 12.2.25 NS.xlsx
KS-FORTRILE-051,Fort Riley,,KS,Topeka,66442,Army,Large Format,Outdoor Wall Banner - SpareTime (Parker Rd.),20' x 10',Your ad will appear outside of SpareTime on Parker Road on the installation.,,,,3000.0,,12,15214,18081,,,,,MasterMilitaryOnBaseList 12.2.25 NS.xlsx
KS-FORTRILE-052,Fort Riley,,KS,Topeka,66442,Army,Large Format,Outdoor Wall Banner - Warrior Zone,20' x 10',Your ad will appear outside of the Warrior Zone on the installation.,,,,9000.0,,12,15214,18081,,,,,MasterMilitaryOnBaseList 12.2.25 NS.xlsx
KS-FORTRILE-053,Fort Riley,,KS,Topeka,66442,Army,Large Format,Window Decal - Craig Fitness Center,TBD,Your ad will appear on a window in Craig Fitness Center.,,650.0,1200.0,2100.0,,3,15214,18081,,,,,MasterMilitaryOnBaseList 12.2.25 NS.xlsx
KS-FORTRILE-054,Fort Riley,,KS,Topeka,66442,Army,Large Format,Window Decal - Hobby Studio,TBD,Your ad will appear on a window in Hobby Studio.,,400.0,750.0,1400.0,,3,15214,18081,,,,,MasterMilitaryOnBaseList 12.2.25 NS.xlsx
KS-FORTRILE-055,Fort Riley,,KS,Topeka,66442,Army,Large Format,Window Decal - Leonard Fitness Center,TBD,Your ad will appear on a window in Leonard Fitness Center.,,400.0,750.0,1400.0,,3,15214,18081,,,,,MasterMilitaryOnBaseList 12.2.25 NS.xlsx
KS-FORTRILE-056,Fort Riley,,KS,Topeka,66442,Army,Large Format,Window Decal - Long Fitness Center,TBD,Your ad will appear on a window in Long Fitness Center.,,400.0,750.0,1400.0,,3,15214,18081,,,,,MasterMilitaryOnBaseList 12.2.25 NS.xlsx
KS-FORTRILE-057,Fort Riley,,KS,Topeka,66442,Army,Large Format,Window Decal - Robinson Fitness Center,TBD,Your ad will appear on a window in Robinson Fitness Center.,,400.0,750.0,1400.0,,3,15214,18081,,,,,MasterMilitaryOnBaseList 12.2.25 NS.xlsx
KS-FORTRILE-058,Fort Riley,,KS,Topeka,66442,Army,Large Format,Window Decal - SpareTime Interactive Entertainment,TBD,Your ad will appear on a window in SpareTime.,,1350.0,2600.0,5000.0,,3,15214,18081,,,,,MasterMilitaryOnBaseList 12.2.25 NS.xlsx
KS-FORTRILE-059,Fort Riley,,KS,Topeka,66442,Army,Large Format,Window Decal - Warrior Zone,TBD,Your ad will appear on a window in the Warrior Zone.,,1350.0,2600.0,5000.0,,3,15214,18081,,,,,MasterMilitaryOnBaseList 12.2.25 NS.xlsx
KS-FORTRILE-060,Fort Riley,,KS,Topeka,66442,Army,Large Format,Window Decal - Whitside Fitness Center,TBD,Your ad will appear on a window in Whitside Fitness Center.,,650.0,1200.0,2100.0,,3,15214,18081,,,,,MasterMilitaryOnBaseList 12.2.25 NS.xlsx
KS-FORTRILE-061,Fort Riley,,KS,Topeka,66442,Army,Print & Publications,Quarterly Guide Ad - 1/2 Page,"8.25"" x 5""",Your 1/2 page ad will appear in the Fort Riley quarterly guide.,,700.0,1400.0,2800.0,,3,15214,18081,,,,,MasterMilitaryOnBaseList 12.2.25 NS.xlsx
KS-FORTRILE-062,Fort Riley,,KS,Topeka,66442,Army,Print & Publications,Quarterly Guide Ad - 1/4 Page,"3.75"" x 5""",Your 1/4 page ad will appear in the Fort Riley quarterly guide.,,400.0,800.0,1600.0,,3,15214,18081,,,,,MasterMilitaryOnBaseList 12.2.25 NS.xlsx
KS-FORTRILE-063,Fort Riley,,KS,Topeka,66442,Army,Print & Publications,Quarterly Guide Ad - Full Page,"8.25"" x 10.5""",Your full page ad will appear in the Fort Riley quarterly guide.,,1200.0,2400.0,4800.0,,3,15214,18081,,,,,MasterMilitaryOnBaseList 12.2.25 NS.xlsx
KS-FORTRILE-064,Fort Riley,,KS,Topeka,66442,Army,Web & Email,Facebook Posts,1080px x 1080px,Your ad will appear on the Fort Riley Facebook page. ($250/post),,,,,,,15214,18081,,,,No price on file - inquire,MasterMilitaryOnBaseList 12.2.25 NS.xlsx
KS-FORTRILE-065,Fort Riley,,KS,Topeka,66442,Army,Sponsorship & Other,Cornhole Boards,"24"" x 36""",Your ad will appear on one set of cornhole boards in SpareTime.,,,,1000.0,,12,15214,18081,,,,,MasterMilitaryOnBaseList 12.2.25 NS.xlsx
KS-MCCONNEL-001,McConnell AFB,,KS,Wichita-Hutchinson Plus,67221,Air Force,Digital,Bowling Alley Screens,1920px x 1080px,Your ad will appear on 18 screens in the bowling center on the installation.,150.0,450.0,900.0,1800.0,,1,2899,3577,,,,,MasterMilitaryOnBaseList 12.2.25 NS.xlsx
KS-MCCONNEL-002,McConnell AFB,,KS,Wichita-Hutchinson Plus,67221,Air Force,Digital,Digital Monitor Network,1920px x 1080px,Your ad will apear on 12 screens in approved locations on the installation.,150.0,450.0,900.0,1800.0,,1,2899,3577,,,,,MasterMilitaryOnBaseList 12.2.25 NS.xlsx
KS-MCCONNEL-003,McConnell AFB,,KS,Wichita-Hutchinson Plus,67221,Air Force,Standard Media,Banners,TBD based on location.,Your ad will appear in approved locations on the installtion.,150.0,450.0,900.0,1800.0,200.0,1,2899,3577,,,,,MasterMilitaryOnBaseList 12.2.25 NS.xlsx
KS-MCCONNEL-004,McConnell AFB,,KS,Wichita-Hutchinson Plus,67221,Air Force,Standard Media,Posters,"11"" x 17"", 22"" x 28"", or 30"" x 40""",Your ad will appear in approved locations on the installtion.,100.0,300.0,600.0,1200.0,100.0,1,2899,3577,,,,,MasterMilitaryOnBaseList 12.2.25 NS.xlsx
KS-MCCONNEL-005,McConnell AFB,,KS,Wichita-Hutchinson Plus,67221,Air Force,Print & Publications,Event Guide Ad,"3.27"" x 0.86""",Your ad will appear in the monthly McConnell Event Guide.,100.0,300.0,600.0,1200.0,100.0,1,2899,3577,,,,,MasterMilitaryOnBaseList 12.2.25 NS.xlsx
KY-FORTKNOX-001,Fort Knox,,KY,Louisville,40121,Army,Digital,Bowling Center Banner,TBD,Your ad will appear at the bowling center.,,,,1500.0,,12,4842,7088,,,,Source formula errors,MasterMilitaryOnBaseList 12.2.25 NS.xlsx
KY-FORTKNOX-002,Fort Knox,,KY,Louisville,40121,Army,Digital,Bowling Center Lane Banner,TBD,Your ad will appear in the Houston Bowling Center on the installation.,,,,1500.0,200.0,12,4842,7088,,,,,MasterMilitaryOnBaseList 12.2.25 NS.xlsx
KY-FORTKNOX-003,Fort Knox,,KY,Louisville,40121,Army,Digital,Bowling Center Lane Rake,TBD,Your ad will appear in the Houston Bowling Center on the installation.,,,,1200.0,,12,4842,7088,,,,,MasterMilitaryOnBaseList 12.2.25 NS.xlsx
KY-FORTKNOX-004,Fort Knox,,KY,Louisville,40121,Army,Digital,Bowling Center Lane Rake,TBD,Your ad will appear on 8 lanes.,,,,1200.0,,12,4842,7088,,,,Source formula errors,MasterMilitaryOnBaseList 12.2.25 NS.xlsx
KY-FORTKNOX-005,Fort Knox,,KY,Louisville,40121,Army,Digital,Digital Monitor - Bowling Center - Static Ads,TBD,Your ad will appear on a network of 32 monitors in approved locations on the installation.,,,,1500.0,,12,4842,7088,,,,,MasterMilitaryOnBaseList 12.2.25 NS.xlsx
KY-FORTKNOX-006,Fort Knox,,KY,Louisville,40121,Army,Digital,Digital Monitor Network - Static Ads,TBD,Your ad will appear on 47 digital monitors in approved locations on the installation.,,,,3500.0,0.0,12,4842,7088,,,,,MasterMilitaryOnBaseList 12.2.25 NS.xlsx
KY-FORTKNOX-007,Fort Knox,,KY,Louisville,40121,Army,Digital,Digital Monitor Static Ads Package,TBD,Your ad will appear on a network of 72 monitors in approved locations on the installation.,,,,6000.0,0.0,12,4842,7088,,,,,MasterMilitaryOnBaseList 12.2.25 NS.xlsx
KY-FORTKNOX-008,Fort Knox,,KY,Louisville,40121,Army,Digital,JumboTron - Static Ads,TBD,Your ad will appear on the big screen LED monitors located at approved locations on the installation.,,,,3500.0,0.0,12,4842,7088,,,,,MasterMilitaryOnBaseList 12.2.25 NS.xlsx
KY-FORTKNOX-009,Fort Knox,,KY,Louisville,40121,Army,Digital,Scoreboard Ad - Caruso Youth Sports Complex,32' x 18',Your ad will appear on the Caruso Youth Sports Complex Scoreboard.,,,,2500.0,200.0,12,4842,7088,,,,,MasterMilitaryOnBaseList 12.2.25 NS.xlsx
KY-FORTKNOX-010,Fort Knox,,KY,Louisville,40121,Army,Standard Media,Banner,TBD,Your ad will appear in all 4 fitness centers.,,,,3000.0,,12,4842,7088,,,,Source formula errors,MasterMilitaryOnBaseList 12.2.25 NS.xlsx
KY-FORTKNOX-011,Fort Knox,,KY,Louisville,40121,Army,Standard Media,Banner - Caruso Youth Sports Complex,TBD,Your ad will appear on the Caruso Youth Sports Complex.,,,,500.0,200.0,12,4842,7088,,,,,MasterMilitaryOnBaseList 12.2.25 NS.xlsx
KY-FORTKNOX-012,Fort Knox,,KY,Louisville,40121,Army,Standard Media,Banner - Gammon Fitness Center,TBD,Your ad will appear in the Gammon Fitness Center.,,,,1500.0,200.0,12,4842,7088,,,,,MasterMilitaryOnBaseList 12.2.25 NS.xlsx
KY-FORTKNOX-013,Fort Knox,,KY,Louisville,40121,Army,Standard Media,Banner - Natcher Fitness Center,TBD,Your ad will appear in the Natcher Fitness Center.,,,,1000.0,200.0,12,4842,7088,,,,,MasterMilitaryOnBaseList 12.2.25 NS.xlsx
KY-FORTKNOX-014,Fort Knox,,KY,Louisville,40121,Army,Standard Media,Banner - Otto Fitness Center,TBD,Your ad will appear in the Otto Fitness Center.,,,,500.0,200.0,12,4842,7088,,,,,MasterMilitaryOnBaseList 12.2.25 NS.xlsx
KY-FORTKNOX-015,Fort Knox,,KY,Louisville,40121,Army,Standard Media,Banner - Smith Fitness Center,TBD,Your ad will apear in the Smith Fitness Center.,,,,500.0,200.0,12,4842,7088,,,,,MasterMilitaryOnBaseList 12.2.25 NS.xlsx
KY-FORTKNOX-016,Fort Knox,,KY,Louisville,40121,Army,Standard Media,Facility Signage,TBD,Your ad will appear at an approved installation outdoor facility.,,,,1000.0,,12,4842,7088,,,,Source formula errors,MasterMilitaryOnBaseList 12.2.25 NS.xlsx
KY-FORTKNOX-017,Fort Knox,,KY,Louisville,40121,Army,Standard Media,Fitness Center Banner Package,TBD,Your ad will appear in all of the above Fitness Centers.,,,,3000.0,200.0,12,4842,7088,,,,,MasterMilitaryOnBaseList 12.2.25 NS.xlsx
KY-FORTKNOX-018,Fort Knox,,KY,Louisville,40121,Army,Standard Media,Golf Course Drive Range Banner,4' x 8',Your ad will appear at an approved location on the driving range on the installation.,,,,750.0,200.0,12,4842,7088,,,,,MasterMilitaryOnBaseList 12.2.25 NS.xlsx
KY-FORTKNOX-019,Fort Knox,,KY,Louisville,40121,Army,Standard Media,Golf Course Score Board Signage,TBD,Your ad will appear on the scoreboard at the Lindsey Golf Course on the installation.,,,,1000.0,,12,4842,7088,,,,,MasterMilitaryOnBaseList 12.2.25 NS.xlsx
KY-FORTKNOX-020,Fort Knox,,KY,Louisville,40121,Army,Standard Media,Pull Up Banner,TBD,Your ad will appear in approved high traffic MWR facilities.,,,,2000.0,200.0,12,4842,7088,,,,,MasterMilitaryOnBaseList 12.2.25 NS.xlsx
KY-FORTKNOX-021,Fort Knox,,KY,Louisville,40121,Army,Standard Media,Vertical Banner,TBD,Your ad will appear in 3 locations.,,,,2000.0,,12,4842,7088,,,,Source formula errors,MasterMilitaryOnBaseList 12.2.25 NS.xlsx
KY-FORTKNOX-022,Fort Knox,,KY,Louisville,40121,Army,Large Format,Banner - Kilianski Intramural Complex,TBD,Your ad will appear on the Kilianski Intramural Sports Complex.,,,,500.0,200.0,12,4842,7088,,,,,MasterMilitaryOnBaseList 12.2.25 NS.xlsx
KY-FORTKNOX-023,Fort Knox,,KY,Louisville,40121,Army,Large Format,Billboard,15.5' H x 45'W,Your ad will appear on an approved billboard.,,,,10000.0,,12,4842,7088,,,,Source formula errors,MasterMilitaryOnBaseList 12.2.25 NS.xlsx
KY-FORTKNOX-024,Fort Knox,,KY,Louisville,40121,Army,Large Format,Golf Course Billboard,15.5' x 45',Your ad will appear on an approved billboard on the Lindsey Golf Course on the installation.,,,,10000.0,,12,4842,7088,,,,,MasterMilitaryOnBaseList 12.2.25 NS.xlsx
KY-FORTKNOX-025,Fort Knox,,KY,Louisville,40121,Army,Large Format,Marketing Van Wrap,TBD,Your ad will appear on an approved van.,,,,10000.0,,12,4842,7088,,,,Source formula errors,MasterMilitaryOnBaseList 12.2.25 NS.xlsx
KY-FORTKNOX-026,Fort Knox,,KY,Louisville,40121,Army,Large Format,Van Wrap,TBD,Your ad will appear on a 16 passenger van driven throughout the installation.,,,,10000.0,,12,4842,7088,,,,,MasterMilitaryOnBaseList 12.2.25 NS.xlsx
KY-FORTKNOX-027,Fort Knox,,KY,Louisville,40121,Army,Large Format,Wall Decal,50 sq ft,Your ad will appear at an approved installation facility.,,,,1000.0,,12,4842,7088,,,,Source formula errors,MasterMilitaryOnBaseList 12.2.25 NS.xlsx
KY-FORTKNOX-028,Fort Knox,,KY,Louisville,40121,Army,Large Format,Wall Vinyl Decal - Big,50 sq. ft.,Your ad will appear in approved high traffic MWR facilities.,,,,1000.0,,12,4842,7088,,,,,MasterMilitaryOnBaseList 12.2.25 NS.xlsx
KY-FORTKNOX-029,Fort Knox,,KY,Louisville,40121,Army,Large Format,Wall Vinyl Decal - Small,25 sq. ft.,Your ad will appear in an approved high traffic MWR facilities.,,,,500.0,,12,4842,7088,,,,,MasterMilitaryOnBaseList 12.2.25 NS.xlsx
KY-FORTKNOX-030,Fort Knox,,KY,Louisville,40121,Army,Web & Email,Social Media Package,TBD,Your ads will appear on the Fort Knox Facebook page. (20 posts/year),,,,2000.0,,12,4842,7088,,,,,MasterMilitaryOnBaseList 12.2.25 NS.xlsx
KY-FORTKNOX-031,Fort Knox,,KY,Louisville,40121,Army,Sponsorship & Other,Golf Cart Advertisement,TBD,"Your ad will appear on approved golf carts on the installation. (Price/Cart - Annually, minimum of 10 carts).",,,,50.0,,12,4842,7088,,,,,MasterMilitaryOnBaseList 12.2.25 NS.xlsx
KY-FORTKNOX-032,Fort Knox,,KY,Louisville,40121,Army,Sponsorship & Other,Golf Course Hole Sponsor,TBD,Your ad will appear at an approved hole on the Lindsey Golf Course on the installation.,,,,500.0,,12,4842,7088,,,,,MasterMilitaryOnBaseList 12.2.25 NS.xlsx
KY/TN-FORTCAMP-001,Fort Campbell,,KY/TN,Nashville,42223,Army,Digital,Bowling Scoring Monitors,1920pxW x 1080pxH,Your ad will appear on the digital bowling scoring monitors.,,2000.0,3500.0,6000.0,0.0,3,26824,36153,,,,Source formula errors,MasterMilitaryOnBaseList 12.2.25 NS.xlsx
KY/TN-FORTCAMP-002,Fort Campbell,,KY/TN,Nashville,42223,Army,Digital,Digital Monitor Network,1920pxW x 1080pxH,Your ad will appear on approved screens on the installation.,1500.0,4000.0,7500.0,15000.0,0.0,1,26824,36153,,,,,MasterMilitaryOnBaseList 12.2.25 NS.xlsx
KY/TN-FORTCAMP-003,Fort Campbell,,KY/TN,Nashville,42223,Army,Digital,Digital Monitors - Bowling Center,TBD,Your ad will appear on screens in the Hooper Bowling Center on the installation.,,2000.0,3500.0,6000.0,,3,26824,36153,,,,,MasterMilitaryOnBaseList 12.2.25 NS.xlsx
KY/TN-FORTCAMP-004,Fort Campbell,,KY/TN,Nashville,42223,Army,Digital,Outdoor LED Marquees,TBD,Your ad will appear in approved high traffic locations on the installation.,2000.0,5000.0,9000.0,18000.0,,1,26824,36153,,,,,MasterMilitaryOnBaseList 12.2.25 NS.xlsx
KY/TN-FORTCAMP-005,Fort Campbell,,KY/TN,Nashville,42223,Army,Digital,Outdoor Marquee,TBD,Your ad will appear on 4 digital marquees.,2000.0,5000.0,9000.0,18000.0,0.0,1,26824,36153,,,,,MasterMilitaryOnBaseList 12.2.25 NS.xlsx
KY/TN-FORTCAMP-006,Fort Campbell,,KY/TN,Nashville,42223,Army,Standard Media,Banner,6'W x 3'H,Your ad will appear in an approved installation facility.,,5000.0,8500.0,16000.0,200.0,3,26824,36153,,,,Source formula errors,MasterMilitaryOnBaseList 12.2.25 NS.xlsx
KY/TN-FORTCAMP-007,Fort Campbell,,KY/TN,Nashville,42223,Army,Standard Media,Indoor Banners - Tier 1,3' x 6',Your ad will appear in approved high traffic locations on the installation.,,5000.0,8500.0,16000.0,200.0,3,26824,36153,,,,,MasterMilitaryOnBaseList 12.2.25 NS.xlsx
KY/TN-FORTCAMP-008,Fort Campbell,,KY/TN,Nashville,42223,Army,Standard Media,Indoor Banners - Tier 1,3' x 6',Your ad will appear in approved high traffic locations on the installation.,,3500.0,6500.0,11500.0,200.0,3,26824,36153,,,,,MasterMilitaryOnBaseList 12.2.25 NS.xlsx
KY/TN-FORTCAMP-009,Fort Campbell,,KY/TN,Nashville,42223,Army,Standard Media,Indoor Banners - Tier 1,3' x 6',Your ad will appear in approved high traffic locations on the installation.,,2000.0,3500.0,6500.0,200.0,3,26824,36153,,,,,MasterMilitaryOnBaseList 12.2.25 NS.xlsx
KY/TN-FORTCAMP-010,Fort Campbell,,KY/TN,Nashville,42223,Army,Standard Media,Mouse Pads,TBD,Your ad will appear on 60 mouse pads.,,,5500.0,10000.0,,6,26824,36153,,,,Source formula errors,MasterMilitaryOnBaseList 12.2.25 NS.xlsx
KY/TN-FORTCAMP-011,Fort Campbell,,KY/TN,Nashville,42223,Army,Standard Media,Mouse pads,TBD,Your ad will appear on mouse pads in approved locations on the installation.,,,5500.0,10000.0,,6,26824,36153,,,,,MasterMilitaryOnBaseList 12.2.25 NS.xlsx
KY/TN-FORTCAMP-012,Fort Campbell,,KY/TN,Nashville,42223,Army,Standard Media,Outdoor Banner,6'W x 3'H,Your ad will appear in an approved installation facility.,,5500.0,9500.0,18000.0,200.0,3,26824,36153,,,,Source formula errors,MasterMilitaryOnBaseList 12.2.25 NS.xlsx
KY/TN-FORTCAMP-013,Fort Campbell,,KY/TN,Nashville,42223,Army,Standard Media,Outdoor Banners,3' x 6',Your ad will appear on approved outdoor fences on the installation.,,5500.0,9500.0,18000.0,,3,26824,36153,,,,,MasterMilitaryOnBaseList 12.2.25 NS.xlsx
KY/TN-FORTCAMP-014,Fort Campbell,,KY/TN,Nashville,42223,Army,Standard Media,Signage - Fryar Stadium,TBD,Your ad will appear in Fryar Stadium on the installation.,,,,11000.0,,12,26824,36153,,,,,MasterMilitaryOnBaseList 12.2.25 NS.xlsx
KY/TN-FORTCAMP-015,Fort Campbell,,KY/TN,Nashville,42223,Army,Standard Media,Signage - Youth Sports Complex,TBD,Your ad will appear in the Youth Sports Complex. - PRICES VARY.,,,,,,,26824,36153,,,,No price on file - inquire,MasterMilitaryOnBaseList 12.2.25 NS.xlsx
KY/TN-FORTCAMP-016,Fort Campbell,,KY/TN,Nashville,42223,Army,Large Format,Counter Wrap,6'W x 3'H,Your ad will appear in an approved installation facility.,,,9500.0,18000.0,200.0,6,26824,36153,,,,Source formula errors,MasterMilitaryOnBaseList 12.2.25 NS.xlsx
KY/TN-FORTCAMP-017,Fort Campbell,,KY/TN,Nashville,42223,Army,Large Format,Indoor Wall/Counter Wrap - Tier 1,3' x 6',Your ad will appear in approved high traffic locations on the installation.,,,9500.0,18000.0,,6,26824,36153,,,,,MasterMilitaryOnBaseList 12.2.25 NS.xlsx
KY/TN-FORTCAMP-018,Fort Campbell,,KY/TN,Nashville,42223,Army,Large Format,Indoor Wall/Counter Wrap - Tier 2,3' x 6',Your ad will appear in approved high traffic locations on the installation.,,,7500.0,14000.0,,6,26824,36153,,,,,MasterMilitaryOnBaseList 12.2.25 NS.xlsx
KY/TN-FORTCAMP-019,Fort Campbell,,KY/TN,Nashville,42223,Army,Large Format,Signage - North Sports Field,TBD (4 Signs),Your ad will appear on the North Sports Field on the installation.,,,,,,,26824,36153,,,,No price on file - inquire,MasterMilitaryOnBaseList 12.2.25 NS.xlsx
KY/TN-FORTCAMP-020,Fort Campbell,,KY/TN,Nashville,42223,Army,Large Format,Signage - South Sports Field,TBD (4 Signs),Your ad will appear on the South Sports Field on the installation.,,,,8000.0,,12,26824,36153,,,,,MasterMilitaryOnBaseList 12.2.25 NS.xlsx
KY/TN-FORTCAMP-021,Fort Campbell,,KY/TN,Nashville,42223,Army,Large Format,Sports Field Signage,TBD,Your ad will appear at an approved sports field.,,,,11000.0,,12,26824,36153,,,,Source formula errors,MasterMilitaryOnBaseList 12.2.25 NS.xlsx
KY/TN-FORTCAMP-022,Fort Campbell,,KY/TN,Nashville,42223,Army,Print & Publications,MWR Monthly Calendar,TBD,Your ad will appear in the monthly MWR calendar.,1500.0,4000.0,7500.0,,,1,26824,36153,,,,,MasterMilitaryOnBaseList 12.2.25 NS.xlsx
KY/TN-FORTCAMP-023,Fort Campbell,,KY/TN,Nashville,42223,Army,Print & Publications,Magnets,TBD,Your ad will appear as an endcap magnet on the library bookshelves on the installation.,,,550.0,1000.0,,6,26824,36153,,,,,MasterMilitaryOnBaseList 12.2.25 NS.xlsx
KY/TN-FORTCAMP-024,Fort Campbell,,KY/TN,Nashville,42223,Army,Web & Email,Social Media Posts,TBD,"Your ad will appear on the Fort Campbell Facebook page. (Each month gets 4 posts, 1/week).",1500.0,4000.0,7500.0,15000.0,,1,26824,36153,,,,,MasterMilitaryOnBaseList 12.2.25 NS.xlsx
KY/TN-FORTCAMP-025,Fort Campbell,,KY/TN,Nashville,42223,Army,Sponsorship & Other,Library Endcap Magnets,TBD,Your ad will appear in the library.,,,550.0,1000.0,,6,26824,36153,,,,Source formula errors,MasterMilitaryOnBaseList 12.2.25 NS.xlsx
LA-FORTJOHN-001,Fort Johnson,Fort Polk,LA,"Alexandria, La",71459,Army,Digital,Digital LCD Advertising,1500px x 900px,Your ad will appear in 35 locations throughout the installation.,,,2000.0,3500.0,,6,7783,9601,,,,,MasterMilitaryOnBaseList 12.2.25 NS.xlsx
LA-FORTJOHN-002,Fort Johnson,Fort Polk,LA,"Alexandria, La",71459,Army,Digital,LED Outdoor Digital Monitors,TBD,Your ad will appear on 3 outdoor digital monitors on the installation.,,,1500.0,2000.0,,6,7783,9601,,,,,MasterMilitaryOnBaseList 12.2.25 NS.xlsx
LA-FORTJOHN-003,Fort Johnson,Fort Polk,LA,"Alexandria, La",71459,Army,Standard Media,Banner - JRTC Functional Fitness Center,3'H x 5'W,Your ad will appear in an approved location on the installation.,500.0,,,,,1,7783,9601,,,,,MasterMilitaryOnBaseList 12.2.25 NS.xlsx
LA-FORTJOHN-004,Fort Johnson,Fort Polk,LA,"Alexandria, La",71459,Army,Standard Media,Banner - Klubs & Karts,3'H x 5'W,Your ad will appear in an approved location on the installation.,700.0,,,,,1,7783,9601,,,,,MasterMilitaryOnBaseList 12.2.25 NS.xlsx
LA-FORTJOHN-005,Fort Johnson,Fort Polk,LA,"Alexandria, La",71459,Army,Standard Media,Banner - Soldiers Athletic Complex,3'H x 5'W,Your ad will appear in an approved location on the installation.,600.0,,,,,1,7783,9601,,,,,MasterMilitaryOnBaseList 12.2.25 NS.xlsx
LA-FORTJOHN-006,Fort Johnson,Fort Polk,LA,"Alexandria, La",71459,Army,Standard Media,Banner - Wheelock Fitness Center,3'H x 5'W,Your ad will appear in an approved location on the installation.,800.0,,,,,1,7783,9601,,,,,MasterMilitaryOnBaseList 12.2.25 NS.xlsx
LA-FORTJOHN-007,Fort Johnson,Fort Polk,LA,"Alexandria, La",71459,Army,Large Format,Banner - Anvil Field,3'H x 5'W,Your ad will appear in an approved location on the installation.,800.0,,,,,1,7783,9601,,,,,MasterMilitaryOnBaseList 12.2.25 NS.xlsx
LA-FORTJOHN-008,Fort Johnson,Fort Polk,LA,"Alexandria, La",71459,Army,Large Format,Banner - Perez Youth Sports Complex Fences,3'H x 5'W,Your ad will appear in an approved location on the installation.,700.0,,,,,1,7783,9601,,,,,MasterMilitaryOnBaseList 12.2.25 NS.xlsx
LA-NEWORLEA-001,New Orleans NAS JRB,,LA,New Orleans,70143,Navy,Digital,Bowling Scoring Monitors,1920pxW x 1080pxH,Your ad will appear on 12 bowling scoring monitors.,300.0,900.0,1800.0,3600.0,0.0,1,463,1132,,,,,MasterMilitaryOnBaseList 12.2.25 NS.xlsx
LA-NEWORLEA-002,New Orleans NAS JRB,,LA,New Orleans,70143,Navy,Digital,Bowling Sweepers,"4'W x 3""H",Your ad will appear on 12 bowling pin sweepers.,200.0,600.0,1200.0,2400.0,,1,463,1132,,,,,MasterMilitaryOnBaseList 12.2.25 NS.xlsx
LA-NEWORLEA-003,New Orleans NAS JRB,,LA,New Orleans,70143,Navy,Digital,Digital Monitor Network,1920pxW x 1080pxH,Your ad will appear on 16 digital monitors in approved installation facilities.,380.0,1140.0,2280.0,4560.0,0.0,1,463,1132,,,,,MasterMilitaryOnBaseList 12.2.25 NS.xlsx
LA-NEWORLEA-004,New Orleans NAS JRB,,LA,New Orleans,70143,Navy,Standard Media,Banner,8'W x 4'H,Your ad will appear at an approved installation facility.,650.0,1950.0,3900.0,7800.0,250.0,1,463,1132,,,,,MasterMilitaryOnBaseList 12.2.25 NS.xlsx
LA-NEWORLEA-005,New Orleans NAS JRB,,LA,New Orleans,70143,Navy,Standard Media,Mouse Pads,TBD,Your ad will appear on facility mouse pads.,50.0,150.0,300.0,600.0,,1,463,1132,,,,,MasterMilitaryOnBaseList 12.2.25 NS.xlsx
LA-NEWORLEA-006,New Orleans NAS JRB,,LA,New Orleans,70143,Navy,Standard Media,Poster,"22""W x 28""H",Your ad will appear at an approved installation facility.,200.0,600.0,1200.0,2400.0,100.0,1,463,1132,,,,,MasterMilitaryOnBaseList 12.2.25 NS.xlsx
LA-NEWORLEA-007,New Orleans NAS JRB,,LA,New Orleans,70143,Navy,Large Format,Counter Wrap,TBD,Your ad will appear at an approved installation facility.,550.0,1650.0,3300.0,6600.0,,1,463,1132,,,,,MasterMilitaryOnBaseList 12.2.25 NS.xlsx
LA-NEWORLEA-008,New Orleans NAS JRB,,LA,New Orleans,70143,Navy,Print & Publications,Newsletter,TBD,Your ad will appear in the monthly newsletter.,150.0,450.0,900.0,1800.0,0.0,1,463,1132,,,,,MasterMilitaryOnBaseList 12.2.25 NS.xlsx
MA-HANSCOMA-001,Hanscom AFB,,MA,Boston (Manchester),1731,Air Force,Digital,Digital Kiosk Network,2250pxW x 4000pxH,Your ad will appear on 14 digital kiosks in approved installation facilities.,,,4000.0,,0.0,6,833,1124,,,,Source formula errors,MasterMilitaryOnBaseList 12.2.25 NS.xlsx
MA-HANSCOMA-002,Hanscom AFB,,MA,Boston (Manchester),1731,Air Force,Digital,Digital Monitor Network,4800pxW x 2700pxH,Your ad will appear on 7 digital monitors in approved installation facilities.,225.0,675.0,1350.0,2700.0,0.0,1,833,1124,,,,,MasterMilitaryOnBaseList 12.2.25 NS.xlsx
MA-HANSCOMA-003,Hanscom AFB,,MA,Boston (Manchester),1731,Air Force,Digital,Horizontal TV Screen,"32""W x 18""H",Your ad will appear in 4 approved locations on the installation.,175.0,525.0,1050.0,2100.0,,1,833,1124,,,,,MasterMilitaryOnBaseList 12.2.25 NS.xlsx
MA-HANSCOMA-004,Hanscom AFB,,MA,Boston (Manchester),1731,Air Force,Standard Media,Banner,6'W x 3'H,Your ad will appear at an approved installation facility.,,800.0,1600.0,3000.0,200.0,3,833,1124,,,,Source formula errors,MasterMilitaryOnBaseList 12.2.25 NS.xlsx
MA-HANSCOMA-005,Hanscom AFB,,MA,Boston (Manchester),1731,Air Force,Standard Media,Poster,"22""W x 28""H",Your ad will appear at an approved installation facility.,,,600.0,,100.0,6,833,1124,,,,Source formula errors,MasterMilitaryOnBaseList 12.2.25 NS.xlsx
MA-HANSCOMA-006,Hanscom AFB,,MA,Boston (Manchester),1731,Air Force,Standard Media,Posters,"22""W x 28""H",Your ad will appear in approved locations on the installation.,150.0,450.0,900.0,1800.0,100.0,1,833,1124,,,,,MasterMilitaryOnBaseList 12.2.25 NS.xlsx
MD-ABERDEEN-001,Aberdeen Proving Ground/ Edgewood Area,APG,MD,Baltimore,21005,Army,Digital,Bowling Pin Sweep - 1 pin sweep,TBD,Your ad will appear on one pin sweep.,,,,300.0,,12,831,1841,2024,,,Rate card older than 2025 - reconfirm,MasterMilitaryOnBaseList 12.2.25 NS.xlsx
MD-ABERDEEN-002,Aberdeen Proving Ground/ Edgewood Area,APG,MD,Baltimore,21005,Army,Digital,Bowling Pin Sweep - 12 pin sweeps,TBD,Your ad will appear on 12 approved pin sweeps.,,,,2600.0,,12,831,1841,2024,,,Rate card older than 2025 - reconfirm,MasterMilitaryOnBaseList 12.2.25 NS.xlsx
MD-ABERDEEN-003,Aberdeen Proving Ground/ Edgewood Area,APG,MD,Baltimore,21005,Army,Standard Media,Golf Cart Signage,TBD,Your ad will appear on installation golf carts.,300.0,500.0,750.0,,,1,831,1841,2024,,,Rate card older than 2025 - reconfirm,MasterMilitaryOnBaseList 12.2.25 NS.xlsx
MD-ABERDEEN-004,Aberdeen Proving Ground/ Edgewood Area,APG,MD,Baltimore,21005,Army,Standard Media,Golf Course Sign,TBD,Your ad will appear in an approved location on the installation golf course.,,,,500.0,,12,831,1841,2024,,,Rate card older than 2025 - reconfirm,MasterMilitaryOnBaseList 12.2.25 NS.xlsx
MD-ABERDEEN-005,Aberdeen Proving Ground/ Edgewood Area,APG,MD,Baltimore,21005,Army,Standard Media,Napkin Holders,TBD,Your ad will appear on napkin holders in approved installation facilities.,300.0,500.0,750.0,,,1,831,1841,2024,,,Rate card older than 2025 - reconfirm,MasterMilitaryOnBaseList 12.2.25 NS.xlsx
MD-ABERDEEN-006,Aberdeen Proving Ground/ Edgewood Area,APG,MD,Baltimore,21005,Army,Standard Media,Outdoor/Indoor Banner,TBD,Your ad will appear in an approved MWR facility on the installation.,300.0,500.0,750.0,1500.0,,1,831,1841,2024,,,Rate card older than 2025 - reconfirm,MasterMilitaryOnBaseList 12.2.25 NS.xlsx
MD-ABERDEEN-007,Aberdeen Proving Ground/ Edgewood Area,APG,MD,Baltimore,21005,Army,Standard Media,Ruggles or Exton Golf Course Sign,TBD,Your ad will appear on the Ruggles or Exton golf courses on the installation.,,,,2600.0,,12,831,1841,2024,,,Rate card older than 2025 - reconfirm,MasterMilitaryOnBaseList 12.2.25 NS.xlsx
MD-ABERDEEN-008,Aberdeen Proving Ground/ Edgewood Area,APG,MD,Baltimore,21005,Army,Large Format,Counter Wraps,TBD,Your ad will appear on a counter in an approved installation facitlity.,600.0,1000.0,2000.0,3600.0,,1,831,1841,2024,,,Rate card older than 2025 - reconfirm,MasterMilitaryOnBaseList 12.2.25 NS.xlsx
MD-ABERDEEN-009,Aberdeen Proving Ground/ Edgewood Area,APG,MD,Baltimore,21005,Army,Large Format,Weekly Newsletter Ad - Business Card,"3.5"" x 2""","Your ad will appear in the ""InDemand"" weekly newsletter. ($150/issue)",600.0,1800.0,3600.0,7200.0,,1,831,1841,2024,,,Rate card older than 2025 - reconfirm,MasterMilitaryOnBaseList 12.2.25 NS.xlsx
MD-ABERDEEN-010,Aberdeen Proving Ground/ Edgewood Area,APG,MD,Baltimore,21005,Army,Large Format,Window Clings,TBD,Your ad will appear on a window in an approved installation facitlity.,,1500.0,3000.0,6000.0,,3,831,1841,2024,,,Rate card older than 2025 - reconfirm,MasterMilitaryOnBaseList 12.2.25 NS.xlsx
MD-ABERDEEN-011,Aberdeen Proving Ground/ Edgewood Area,APG,MD,Baltimore,21005,Army,Print & Publications,Annual Directory Ad - Back Cover,"8.5""W x 11""H",Your ad will appear in the Aberdeen Proving Ground directory.,,,,3500.0,,12,831,1841,2024,,,Rate card older than 2025 - reconfirm,MasterMilitaryOnBaseList 12.2.25 NS.xlsx
MD-ABERDEEN-012,Aberdeen Proving Ground/ Edgewood Area,APG,MD,Baltimore,21005,Army,Print & Publications,Annual Directory Ad - Centerfold,"17""W x 11""H",Your ad will appear in the Aberdeen Proving Ground directory.,,,,3700.0,,12,831,1841,2024,,,Rate card older than 2025 - reconfirm,MasterMilitaryOnBaseList 12.2.25 NS.xlsx
MD-ABERDEEN-013,Aberdeen Proving Ground/ Edgewood Area,APG,MD,Baltimore,21005,Army,Print & Publications,Annual Directory Ad - Full Page,"8.5""W x 11""H",Your ad will appear in the Aberdeen Proving Ground directory.,,,,1500.0,,12,831,1841,2024,,,Rate card older than 2025 - reconfirm,MasterMilitaryOnBaseList 12.2.25 NS.xlsx
MD-ABERDEEN-014,Aberdeen Proving Ground/ Edgewood Area,APG,MD,Baltimore,21005,Army,Print & Publications,Annual Directory Ad - Half Page,"8.5""W x 11""H",Your ad will appear in the Aberdeen Proving Ground directory.,,,,500.0,,12,831,1841,2024,,,Rate card older than 2025 - reconfirm,MasterMilitaryOnBaseList 12.2.25 NS.xlsx
MD-ABERDEEN-015,Aberdeen Proving Ground/ Edgewood Area,APG,MD,Baltimore,21005,Army,Print & Publications,Annual Directory Ad - Inside Back Full Page,"8.5""W x 11""H",Your ad will appear in the Aberdeen Proving Ground directory.,,,,3000.0,,12,831,1841,2024,,,Rate card older than 2025 - reconfirm,MasterMilitaryOnBaseList 12.2.25 NS.xlsx
MD-ABERDEEN-016,Aberdeen Proving Ground/ Edgewood Area,APG,MD,Baltimore,21005,Army,Print & Publications,Annual Directory Ad - Inside Front Full Page,"8.5""W x 11""H",Your ad will appear in the Aberdeen Proving Ground directory.,,,,3000.0,,12,831,1841,2024,,,Rate card older than 2025 - reconfirm,MasterMilitaryOnBaseList 12.2.25 NS.xlsx
MD-ABERDEEN-017,Aberdeen Proving Ground/ Edgewood Area,APG,MD,Baltimore,21005,Army,Print & Publications,Brochure,TBD,Your ad will appear in the Aberdeen Proving Ground brochure.,300.0,500.0,750.0,,,1,831,1841,2024,,,Rate card older than 2025 - reconfirm,MasterMilitaryOnBaseList 12.2.25 NS.xlsx
MD-ABERDEEN-018,Aberdeen Proving Ground/ Edgewood Area,APG,MD,Baltimore,21005,Army,Print & Publications,Flyer,TBD,Your ad will appear on Aberdeen Proving Ground flyers.,300.0,500.0,750.0,,100.0,1,831,1841,2024,,,Rate card older than 2025 - reconfirm,MasterMilitaryOnBaseList 12.2.25 NS.xlsx
MD-ABERDEEN-019,Aberdeen Proving Ground/ Edgewood Area,APG,MD,Baltimore,21005,Army,Print & Publications,Golf Score Card Front/Back Cover,"4.5"" x 3.75""",Your ad will appear on golf scorecards on the installation golf course.,,,,2000.0,,12,831,1841,2024,,,Rate card older than 2025 - reconfirm,MasterMilitaryOnBaseList 12.2.25 NS.xlsx
MD-ABERDEEN-020,Aberdeen Proving Ground/ Edgewood Area,APG,MD,Baltimore,21005,Army,Print & Publications,Golf Score Card Inside Cover,"4"" x 1""",Your ad will appear on golf scorecards on the installation golf course.,,,,1000.0,,12,831,1841,2024,,,Rate card older than 2025 - reconfirm,MasterMilitaryOnBaseList 12.2.25 NS.xlsx
MD-ABERDEEN-021,Aberdeen Proving Ground/ Edgewood Area,APG,MD,Baltimore,21005,Army,Print & Publications,Golf Score Card Watermark,TBD,Your ad will appear on golf scorecards on the installation golf course.,,,,500.0,,12,831,1841,2024,,,Rate card older than 2025 - reconfirm,MasterMilitaryOnBaseList 12.2.25 NS.xlsx
MD-ABERDEEN-022,Aberdeen Proving Ground/ Edgewood Area,APG,MD,Baltimore,21005,Army,Print & Publications,Top of the Bay Brochure - Back Cover,TBD,"Your ad will appear in the ""Top of the Bay"" brochure.",,,,5000.0,,12,831,1841,2024,,,Rate card older than 2025 - reconfirm,MasterMilitaryOnBaseList 12.2.25 NS.xlsx
MD-ABERDEEN-023,Aberdeen Proving Ground/ Edgewood Area,APG,MD,Baltimore,21005,Army,Print & Publications,Top of the Bay Brochure - Inside Cover,TBD,"Your ad will appear in the ""Top of the Bay"" brochure.",,,,1600.0,,12,831,1841,2024,,,Rate card older than 2025 - reconfirm,MasterMilitaryOnBaseList 12.2.25 NS.xlsx
MD-ABERDEEN-024,Aberdeen Proving Ground/ Edgewood Area,APG,MD,Baltimore,21005,Army,Print & Publications,Top of the Bay Brochure - Other Pages,TBD,"Your ad will appear in the ""Top of the Bay"" brochure.",,,,1000.0,,12,831,1841,2024,,,Rate card older than 2025 - reconfirm,MasterMilitaryOnBaseList 12.2.25 NS.xlsx
MD-ABERDEEN-025,Aberdeen Proving Ground/ Edgewood Area,APG,MD,Baltimore,21005,Army,Print & Publications,Weekly Newsletter Ad - Full Page,"7.5"" x 9.75""","Your ad will appear in the ""InDemand"" weekly newsletter. ($500/issue)",2000.0,6000.0,12000.0,24000.0,,1,831,1841,2024,,,Rate card older than 2025 - reconfirm,MasterMilitaryOnBaseList 12.2.25 NS.xlsx
MD-ABERDEEN-026,Aberdeen Proving Ground/ Edgewood Area,APG,MD,Baltimore,21005,Army,Print & Publications,Weekly Newsletter Ad - Half Page,"7.5"" x 3.5""","Your ad will appear in the ""InDemand"" weekly newsletter. ($300/issue)",1200.0,3600.0,7200.0,14400.0,,1,831,1841,2024,,,Rate card older than 2025 - reconfirm,MasterMilitaryOnBaseList 12.2.25 NS.xlsx
MD-ABERDEEN-027,Aberdeen Proving Ground/ Edgewood Area,APG,MD,Baltimore,21005,Army,Sponsorship & Other,Driving Range Balls,TBD,Your logo will appear on golf balls on the driving range on the installation.,,,,3000.0,,12,831,1841,2024,,,Rate card older than 2025 - reconfirm,MasterMilitaryOnBaseList 12.2.25 NS.xlsx
MD-DETROITA-001,Detroit Arsenal,,MD,Detroit,48092,Army,Standard Media,Banners,"25.25""W x 6""H",Your ad will appear the Marina or RV Storage area on the installation.,,,,9600.0,200.0,12,,,,,,,MasterMilitaryOnBaseList 12.2.25 NS.xlsx
MD-DETROITA-002,Detroit Arsenal,,MD,Detroit,48092,Army,Standard Media,Posters,"40"" x 30""",Your ad will appear in an approved location on the installation.,,,1500.0,2250.0,100.0,6,,,,,,,MasterMilitaryOnBaseList 12.2.25 NS.xlsx
MD-DETROITA-003,Detroit Arsenal,,MD,Detroit,48092,Army,Print & Publications,Logo Placement,TBD,Your logo will appear on MWR flyers and workforce Eblasts.,,,,2500.0,,12,,,,,,,MasterMilitaryOnBaseList 12.2.25 NS.xlsx
MD-FORTGEOR-001,Fort George G. Meade,Fort Meade,MD,Baltimore,20755,Army,Digital,Indoor Digital Monitors,TBD,Your ad will appear in 36 approved locations on the installation.,,750.0,1250.0,2000.0,0.0,3,11140,14901,,,,,MasterMilitaryOnBaseList 12.2.25 NS.xlsx
MD-FORTGEOR-002,Fort George G. Meade,Fort Meade,MD,Baltimore,20755,Army,Digital,Outdoor Digital Marquee,TBD,Your ad will appear in an approved location on the installation.,,1200.0,1800.0,3000.0,,3,11140,14901,,,,,MasterMilitaryOnBaseList 12.2.25 NS.xlsx
MD-FORTGEOR-003,Fort George G. Meade,Fort Meade,MD,Baltimore,20755,Army,Standard Media,Chloroplast Sign,,Your ad will appear across from Fort Meade on the installation.,,700.0,1200.0,2000.0,,3,11140,14901,,,,,MasterMilitaryOnBaseList 12.2.25 NS.xlsx
MD-FORTGEOR-004,Fort George G. Meade,Fort Meade,MD,Baltimore,20755,Army,Standard Media,Lamp Post Banner,TBD,Your ad will appear on lamposts outside of the Gaffney Fitness Center on the installation.,,1500.0,2000.0,3000.0,,3,11140,14901,,,,,MasterMilitaryOnBaseList 12.2.25 NS.xlsx
MD-FORTGEOR-005,Fort George G. Meade,Fort Meade,MD,Baltimore,20755,Army,Standard Media,Lighted Static Sign,TBD,Your ad will appear outside of the bowling cetner on the installation.,,,,5000.0,,12,11140,14901,,,,,MasterMilitaryOnBaseList 12.2.25 NS.xlsx
MD-FORTGEOR-006,Fort George G. Meade,Fort Meade,MD,Baltimore,20755,Army,Standard Media,Outdoor Banner,20' x 9',Your ad will appear on the exterior wall of the bowling alley on the installation.,,,,10000.0,200.0,12,11140,14901,,,,,MasterMilitaryOnBaseList 12.2.25 NS.xlsx
MD-FORTGEOR-007,Fort George G. Meade,Fort Meade,MD,Baltimore,20755,Army,Large Format,Counter Wraps,TBD,Your ad will appear on approved counters in facilities on the installation.,,,2000.0,3000.0,0.0,6,11140,14901,,,,,MasterMilitaryOnBaseList 12.2.25 NS.xlsx
MD-FORTGEOR-008,Fort George G. Meade,Fort Meade,MD,Baltimore,20755,Army,Large Format,Fence Line Banner,12' x 4',Your ad will appear on an approved fenceline on the installation.,,2000.0,3000.0,5000.0,200.0,3,11140,14901,,,,,MasterMilitaryOnBaseList 12.2.25 NS.xlsx
MD-FORTGEOR-009,Fort George G. Meade,Fort Meade,MD,Baltimore,20755,Army,Large Format,Front Door Wraps,TBD,Your ad will appear on an approved door in a facility on the installation.,,,2000.0,3000.0,,6,11140,14901,,,,,MasterMilitaryOnBaseList 12.2.25 NS.xlsx
MD-FORTGEOR-010,Fort George G. Meade,Fort Meade,MD,Baltimore,20755,Army,Large Format,Indoor Wall Clings,4' x 6',Your ad will appear on approved walls in facilities on the installation.,,700.0,1000.0,1500.0,0.0,3,11140,14901,,,,,MasterMilitaryOnBaseList 12.2.25 NS.xlsx
MD-PATUXENT-001,Patuxent River NAS,,MD,"Washington, DC (Hagrstwn)",20670,Navy,Digital,Bowling Center Ad,,Your ad will appear in the bowling center on the installation.,385.0,1155.0,2310.0,4620.0,,1,2267,4150,,,,,MasterMilitaryOnBaseList 12.2.25 NS.xlsx
MD-PATUXENT-002,Patuxent River NAS,,MD,"Washington, DC (Hagrstwn)",20670,Navy,Digital,Digital Monitor Network,,Your ad will appear on 7 approved digital monitors on the installation.,550.0,1650.0,3300.0,6600.0,,1,2267,4150,,,,,MasterMilitaryOnBaseList 12.2.25 NS.xlsx
MD-PATUXENT-003,Patuxent River NAS,,MD,"Washington, DC (Hagrstwn)",20670,Navy,Digital,Movie Theater Ad,,Your ad will appear in the movie theater on the installation.,385.0,1155.0,2310.0,4620.0,,1,2267,4150,,,,,MasterMilitaryOnBaseList 12.2.25 NS.xlsx
MD-PATUXENT-004,Patuxent River NAS,,MD,"Washington, DC (Hagrstwn)",20670,Navy,Standard Media,Banner,6' x 3',Your ad will appear in an approved location on the installation.,440.0,1320.0,2640.0,5280.0,200.0,1,2267,4150,,,,,MasterMilitaryOnBaseList 12.2.25 NS.xlsx
MD-PATUXENT-005,Patuxent River NAS,,MD,"Washington, DC (Hagrstwn)",20670,Navy,Standard Media,Golf Cart Sign,,Your ad will appear on 62 golf cart signs on the golf course installation.,400.0,1200.0,2400.0,4800.0,,1,2267,4150,,,,,MasterMilitaryOnBaseList 12.2.25 NS.xlsx
MD-PATUXENT-006,Patuxent River NAS,,MD,"Washington, DC (Hagrstwn)",20670,Navy,Standard Media,Poster,"22"" x 28""",Your ad will appear in an approved location on the installation.,110.0,330.0,660.0,1320.0,100.0,1,2267,4150,,,,,MasterMilitaryOnBaseList 12.2.25 NS.xlsx
MD-PATUXENT-007,Patuxent River NAS,,MD,"Washington, DC (Hagrstwn)",20670,Navy,Large Format,Counter Wrap,TBD,Your ad will appear in an approved location on the installation.,,,1320.0,2640.0,,6,2267,4150,,,,,MasterMilitaryOnBaseList 12.2.25 NS.xlsx
MD-PATUXENT-008,Patuxent River NAS,,MD,"Washington, DC (Hagrstwn)",20670,Navy,Large Format,Wall Cling,TBD,Your ad will appear in an approved location on the installation.,440.0,1320.0,2640.0,5280.0,200.0,1,2267,4150,,,,,MasterMilitaryOnBaseList 12.2.25 NS.xlsx
MD-PATUXENT-009,Patuxent River NAS,,MD,"Washington, DC (Hagrstwn)",20670,Navy,Web & Email,eNewsletter Ad,,Your ad will appear in the Patuxent River's eNewsletter.,275.0,825.0,1650.0,3300.0,,1,2267,4150,,,,,MasterMilitaryOnBaseList 12.2.25 NS.xlsx
MO-FORTLEON-001,Fort Leonard Wood,,MO,"Springfield, Mo",65473,Army,Digital,Indoor Banner - Daugherty Bowling Center,Sizing varies from 6' x 3' - 16' x 8',Your ad will appear in the Daugherty Bowling Center on the installation.,,675.0,1200.0,2100.0,200.0,3,12218,11261,,,,,MasterMilitaryOnBaseList 12.2.25 NS.xlsx
MO-FORTLEON-002,Fort Leonard Wood,,MO,"Springfield, Mo",65473,Army,Digital,Outdoor Banner - Daugherty Bowling Center (WAITLIST AVAILABLE),,Your ad will appear on the Daugherty Bowling Center on the installation.,,1500.0,2550.0,4325.0,200.0,3,12218,11261,,,,,MasterMilitaryOnBaseList 12.2.25 NS.xlsx
MO-FORTLEON-003,Fort Leonard Wood,,MO,"Springfield, Mo",65473,Army,Digital,Poster - Daugherty Bowling Center,"22"" x 28""",Your ad will appear in the Daugherty Bowling Center on the installation.,,425.0,700.0,1150.0,100.0,3,12218,11261,,,,,MasterMilitaryOnBaseList 12.2.25 NS.xlsx
MO-FORTLEON-004,Fort Leonard Wood,,MO,"Springfield, Mo",65473,Army,Standard Media,Indoor Banner - BOSS Corner,Sizing varies from 6' x 3' - 16' x 8',Your ad will appear in the BOSS Corner on the installation.,,600.0,1050.0,1800.0,200.0,3,12218,11261,,,,,MasterMilitaryOnBaseList 12.2.25 NS.xlsx
MO-FORTLEON-005,Fort Leonard Wood,,MO,"Springfield, Mo",65473,Army,Standard Media,Indoor Banner - Davidson Fitness Center,Sizing varies from 6' x 3' - 16' x 8',Your ad will appear in the Davidson Fitness Center on the installation.,,750.0,1350.0,2400.0,200.0,3,12218,11261,,,,,MasterMilitaryOnBaseList 12.2.25 NS.xlsx
MO-FORTLEON-006,Fort Leonard Wood,,MO,"Springfield, Mo",65473,Army,Standard Media,Indoor Banner - Outdoor Adventure Center,Sizing varies from 6' x 3' - 16' x 8',Your ad will appear in the Outdoor Adventure Center on the installation.,,300.0,450.0,725.0,200.0,3,12218,11261,,,,,MasterMilitaryOnBaseList 12.2.25 NS.xlsx
MO-FORTLEON-007,Fort Leonard Wood,,MO,"Springfield, Mo",65473,Army,Standard Media,Indoor Banner - Specker Gym,Sizing varies from 6' x 3' - 16' x 8',Your ad will appear in the Specker Gym on the installation.,,525.0,900.0,1500.0,200.0,3,12218,11261,,,,,MasterMilitaryOnBaseList 12.2.25 NS.xlsx
MO-FORTLEON-008,Fort Leonard Wood,,MO,"Springfield, Mo",65473,Army,Standard Media,Outdoor Banner - Auto Skills Car Wash,10' x 10',Your ad will appear on the Auto Skills Car Wash on the installation.,,800.0,1400.0,2400.0,200.0,3,12218,11261,,,,,MasterMilitaryOnBaseList 12.2.25 NS.xlsx
MO-FORTLEON-009,Fort Leonard Wood,,MO,"Springfield, Mo",65473,Army,Standard Media,Outdoor Banner - BOSS Corner,8' x 8',Your ad will appear in the BOSS Corner on the installation.,,700.0,1200.0,2100.0,200.0,3,12218,11261,,,,,MasterMilitaryOnBaseList 12.2.25 NS.xlsx
MO-FORTLEON-010,Fort Leonard Wood,,MO,"Springfield, Mo",65473,Army,Standard Media,Outdoor Banner - Davidson Fitness Center,16' x 18',Your ad will appear in the Davidson Fitness Center on the installation.,,1500.0,2550.0,4325.0,200.0,3,12218,11261,,,,,MasterMilitaryOnBaseList 12.2.25 NS.xlsx
MO-FORTLEON-011,Fort Leonard Wood,,MO,"Springfield, Mo",65473,Army,Standard Media,Outdoor Banner - Outdoor Adventure Center,6' x 3',Your ad will appear on the Outdoor Adventure Center on the installation.,,375.0,675.0,1175.0,200.0,3,12218,11261,,,,,MasterMilitaryOnBaseList 12.2.25 NS.xlsx
MO-FORTLEON-012,Fort Leonard Wood,,MO,"Springfield, Mo",65473,Army,Standard Media,Outdoor Banner - Paw Park,6' x 3',Your ad will appear in Paw Park on the installation.,,200.0,325.0,600.0,200.0,3,12218,11261,,,,,MasterMilitaryOnBaseList 12.2.25 NS.xlsx
MO-FORTLEON-013,Fort Leonard Wood,,MO,"Springfield, Mo",65473,Army,Standard Media,Outdoor Banner - Piney Valley Golf Course,6' x 3',Your ad will appear on the Piney Valley Golf Course on the installation.,,300.0,500.0,850.0,200.0,3,12218,11261,,,,,MasterMilitaryOnBaseList 12.2.25 NS.xlsx
MO-FORTLEON-014,Fort Leonard Wood,,MO,"Springfield, Mo",65473,Army,Standard Media,Outdoor Banner - Rec Plex,6' x 3',Your ad will appear on the Rec Plex on the installation.,,500.0,875.0,1500.0,200.0,3,12218,11261,,,,,MasterMilitaryOnBaseList 12.2.25 NS.xlsx
MO-FORTLEON-015,Fort Leonard Wood,,MO,"Springfield, Mo",65473,Army,Standard Media,Outdoor Banner - Specker Gym,8' x 8',Your ad will appear on the Specker Gym on the installation.,,700.0,1200.0,1700.0,200.0,3,12218,11261,,,,,MasterMilitaryOnBaseList 12.2.25 NS.xlsx
MO-FORTLEON-016,Fort Leonard Wood,,MO,"Springfield, Mo",65473,Army,Standard Media,Outdoor Banner - Sports Complex,6' x 3',Your ad will appear on the Sports Complex on the installation.,,500.0,900.0,1500.0,200.0,3,12218,11261,,,,,MasterMilitaryOnBaseList 12.2.25 NS.xlsx
MO-FORTLEON-017,Fort Leonard Wood,,MO,"Springfield, Mo",65473,Army,Standard Media,Outdoor Banner - Youth Sports,6' x 3',Your ad will appear on the Youth Sports Fenceline on the installation.,,525.0,900.0,1550.0,200.0,3,12218,11261,,,,,MasterMilitaryOnBaseList 12.2.25 NS.xlsx
MO-FORTLEON-018,Fort Leonard Wood,,MO,"Springfield, Mo",65473,Army,Standard Media,Poster - Auto Skills Center,"22"" x 28""",Your ad will appear in the Auto Skills Center on the installation.,,150.0,275.0,500.0,100.0,3,12218,11261,,,,,MasterMilitaryOnBaseList 12.2.25 NS.xlsx
MO-FORTLEON-019,Fort Leonard Wood,,MO,"Springfield, Mo",65473,Army,Standard Media,Poster - BOSS Corner,"22"" x 28""",Your ad will appear in the BOSS Corner on the installation.,,225.0,375.0,600.0,100.0,3,12218,11261,,,,,MasterMilitaryOnBaseList 12.2.25 NS.xlsx
MO-FORTLEON-020,Fort Leonard Wood,,MO,"Springfield, Mo",65473,Army,Standard Media,Poster - Davidson Fitness Center,"22"" x 28""",Your ad will appear in the Davidson Fitness Center on the installation.,,450.0,750.0,1200.0,100.0,3,12218,11261,,,,,MasterMilitaryOnBaseList 12.2.25 NS.xlsx
MO-FORTLEON-021,Fort Leonard Wood,,MO,"Springfield, Mo",65473,Army,Standard Media,Poster - Leisure Travel Services,"22"" x 28""",Your ad will appear in the Leisure Travel Services on the installation.,,300.0,450.0,725.0,100.0,3,12218,11261,,,,,MasterMilitaryOnBaseList 12.2.25 NS.xlsx
MO-FORTLEON-022,Fort Leonard Wood,,MO,"Springfield, Mo",65473,Army,Standard Media,Poster - Outdoor Adventure Center,"22"" x 28""",Your ad will appear in the Outdoor Adventure Center on the installation.,,375.0,600.0,1080.0,100.0,3,12218,11261,,,,,MasterMilitaryOnBaseList 12.2.25 NS.xlsx
MO-FORTLEON-023,Fort Leonard Wood,,MO,"Springfield, Mo",65473,Army,Standard Media,Poster - Piney Valley Golf Course,"22"" x 28""",Your ad will appear on the Piney Valley Golf Course on the installation.,,225.0,360.0,600.0,100.0,3,12218,11261,,,,,MasterMilitaryOnBaseList 12.2.25 NS.xlsx
MO-FORTLEON-024,Fort Leonard Wood,,MO,"Springfield, Mo",65473,Army,Standard Media,Poster - Specker Gym,"22"" x 28""",Your ad will appear in the Specker Gym on the installation.,,475.0,800.0,1375.0,100.0,3,12218,11261,,,,,MasterMilitaryOnBaseList 12.2.25 NS.xlsx
MO-FORTLEON-025,Fort Leonard Wood,,MO,"Springfield, Mo",65473,Army,Large Format,Outdoor Banner - Auto Skills Fenceline,6' x 3',Your ad will appear on the Auto Skills Fenceline on the installation.,,400.0,700.0,1200.0,200.0,3,12218,11261,,,,,MasterMilitaryOnBaseList 12.2.25 NS.xlsx
MO-FORTLEON-026,Fort Leonard Wood,,MO,"Springfield, Mo",65473,Army,Large Format,Window Clings (Fitness Center) - WAITLIST CURRENTLY,,Your ad will appear on the entrance window to the Davidson Fitness Center on the installation.,,,2000.0,3600.0,,6,12218,11261,,,,,MasterMilitaryOnBaseList 12.2.25 NS.xlsx
MO-FORTLEON-027,Fort Leonard Wood,,MO,"Springfield, Mo",65473,Army,Large Format,Window Clings (Specker Gym) - WAITLIST CURRENTLY,,Your ad will appear on the entrance window to the Specker Gym on the installation.,,,2400.0,4200.0,,6,12218,11261,,,,,MasterMilitaryOnBaseList 12.2.25 NS.xlsx
MO-FORTLEON-028,Fort Leonard Wood,,MO,"Springfield, Mo",65473,Army,Print & Publications,Magazine Ad - Full Center Page,"8"" x 5""","Your ad will appear in ""The Blue Book"" magazine.",,1050.0,1950.0,3600.0,,3,12218,11261,,,,,MasterMilitaryOnBaseList 12.2.25 NS.xlsx
MO-FORTLEON-029,Fort Leonard Wood,,MO,"Springfield, Mo",65473,Army,Print & Publications,Magazine Ad - Full Page,"8"" x 5""","Your ad will appear in ""The Blue Book"" magazine.",,375.0,690.0,1260.0,,3,12218,11261,,,,,MasterMilitaryOnBaseList 12.2.25 NS.xlsx
MO-FORTLEON-030,Fort Leonard Wood,,MO,"Springfield, Mo",65473,Army,Print & Publications,Magazine Ad - Half Page,"4"" x 5""","Your ad will appear in ""The Blue Book"" magazine.",,195.0,360.0,660.0,,3,12218,11261,,,,,MasterMilitaryOnBaseList 12.2.25 NS.xlsx
MO-FORTLEON-031,Fort Leonard Wood,,MO,"Springfield, Mo",65473,Army,Print & Publications,Magazine Ad - Quarter Page,"2"" x 2.5""","Your ad will appear in ""The Blue Book"" magazine.",,150.0,275.0,495.0,,3,12218,11261,,,,,MasterMilitaryOnBaseList 12.2.25 NS.xlsx
MO-FORTLEON-032,Fort Leonard Wood,,MO,"Springfield, Mo",65473,Army,Web & Email,Social Media (1 Post),,Your ad will appear in three social media posts on Fort Leonard Wood's Facebook and Instagram pages. (PRICE FOR 1 POST: $200),,,,,,,12218,11261,,,,No price on file - inquire,MasterMilitaryOnBaseList 12.2.25 NS.xlsx
MO-FORTLEON-033,Fort Leonard Wood,,MO,"Springfield, Mo",65473,Army,Web & Email,Social Media (12 Posts),,"Your ad will appear in twelve social media posts on Fort Leonard Wood's Facebook and Instagram pages. (PRICE FOR 12 POSTS: $1,500)",,,,,,,12218,11261,,,,No price on file - inquire,MasterMilitaryOnBaseList 12.2.25 NS.xlsx
MO-FORTLEON-034,Fort Leonard Wood,,MO,"Springfield, Mo",65473,Army,Web & Email,Social Media (3 Posts),,Your ad will appear in three social media posts on Fort Leonard Wood's Facebook and Instagram pages. (PRICE FOR 3 POSTS: $450),,,,,,,12218,11261,,,,No price on file - inquire,MasterMilitaryOnBaseList 12.2.25 NS.xlsx
MO-FORTLEON-035,Fort Leonard Wood,,MO,"Springfield, Mo",65473,Army,Web & Email,Social Media (6 Posts),,Your ad will appear in six social media posts on Fort Leonard Wood's Facebook and Instagram pages. (PRICE FOR 6 POSTS: $800),,,,,,,12218,11261,,,,No price on file - inquire,MasterMilitaryOnBaseList 12.2.25 NS.xlsx
MO-WHITEMAN-001,Whiteman AFB,,MO,Kansas City,65305,Air Force,Digital,Digital Monitors,,Your ad will appear in four FSS locations on the installation.,50.0,,,,,1,3831,4381,,,,,MasterMilitaryOnBaseList 12.2.25 NS.xlsx
MO-WHITEMAN-002,Whiteman AFB,,MO,Kansas City,65305,Air Force,Digital,Marquee (Fitness Center),,Your ad will appear on an approved marquee on the installation.,60.0,175.0,345.0,675.0,,1,3831,4381,,,,,MasterMilitaryOnBaseList 12.2.25 NS.xlsx
MO-WHITEMAN-003,Whiteman AFB,,MO,Kansas City,65305,Air Force,Digital,Mission's End Marquee,,Your ad will appear on an approved marquee on the installation.,100.0,295.0,575.0,1000.0,,1,3831,4381,,,,,MasterMilitaryOnBaseList 12.2.25 NS.xlsx
MO-WHITEMAN-004,Whiteman AFB,,MO,Kansas City,65305,Air Force,Digital,Overhead Monitors - Bowling Center,,Your ad will appear in the Stars & Strikes Bowling Center on the installation.,125.0,360.0,725.0,1300.0,,1,3831,4381,,,,,MasterMilitaryOnBaseList 12.2.25 NS.xlsx
MO-WHITEMAN-005,Whiteman AFB,,MO,Kansas City,65305,Air Force,Digital,Poster (Bowling Center),,Your ad will appear in the Stars & Strikes Bowling Center on the installation.,75.0,,,,,1,3831,4381,,,,,MasterMilitaryOnBaseList 12.2.25 NS.xlsx
MO-WHITEMAN-006,Whiteman AFB,,MO,Kansas City,65305,Air Force,Digital,Spirit Avenue Marquee,,Your ad will appear on an approved marquee on the installation.,60.0,175.0,345.0,675.0,,1,3831,4381,,,,,MasterMilitaryOnBaseList 12.2.25 NS.xlsx
MO-WHITEMAN-007,Whiteman AFB,,MO,Kansas City,65305,Air Force,Digital,Table Top Napkin Holders (Bowling Center),,Your ad will appear on approved napkin holders in the Stars & Strikes Bowling Center on the installation.,50.0,140.0,250.0,425.0,,1,3831,4381,,,,,MasterMilitaryOnBaseList 12.2.25 NS.xlsx
MO-WHITEMAN-008,Whiteman AFB,,MO,Kansas City,65305,Air Force,Standard Media,Bench Ads,,Your ad will appear on approved beched on Royal Oaks Golf Course on the installation.,50.0,,,,,1,3831,4381,,,,,MasterMilitaryOnBaseList 12.2.25 NS.xlsx
MO-WHITEMAN-009,Whiteman AFB,,MO,Kansas City,65305,Air Force,Standard Media,Mission's End Poster,,Your ad will appear in Missions's End on the installation.,75.0,,,,100.0,1,3831,4381,,,,,MasterMilitaryOnBaseList 12.2.25 NS.xlsx
MO-WHITEMAN-010,Whiteman AFB,,MO,Kansas City,65305,Air Force,Standard Media,Mission's End Table Top Napkin Holders,,Your ad will appear on napkin holders in Mission's End on the installation.,50.0,140.0,250.0,425.0,,1,3831,4381,,,,,MasterMilitaryOnBaseList 12.2.25 NS.xlsx
MO-WHITEMAN-011,Whiteman AFB,,MO,Kansas City,65305,Air Force,Standard Media,Poster (Dining Facility),,Your ad will appear in the Ozark Dining Facility on the installation.,75.0,,,,,1,3831,4381,,,,,MasterMilitaryOnBaseList 12.2.25 NS.xlsx
MO-WHITEMAN-012,Whiteman AFB,,MO,Kansas City,65305,Air Force,Standard Media,Poster (Fitness Center),,Your ad will appear in the fitness center on the installation.,75.0,,,,,1,3831,4381,,,,,MasterMilitaryOnBaseList 12.2.25 NS.xlsx
MO-WHITEMAN-013,Whiteman AFB,,MO,Kansas City,65305,Air Force,Standard Media,Table Top Napkin Holders (Dining Facility),,Your ad will appear on napkin holders in the Ozark Dining Facility on the installation.,50.0,140.0,250.0,425.0,,1,3831,4381,,,,,MasterMilitaryOnBaseList 12.2.25 NS.xlsx
MO-WHITEMAN-014,Whiteman AFB,,MO,Kansas City,65305,Air Force,Standard Media,Tee Box/Hole Sponsor,,Your ad will appear mo the Check-in Wall on the mostallation. ($25/hole),,,,,,,3831,4381,,,,No price on file - inquire,MasterMilitaryOnBaseList 12.2.25 NS.xlsx
MO-WHITEMAN-015,Whiteman AFB,,MO,Kansas City,65305,Air Force,Large Format,Golf Cart Clings,,Your ad will appear on approved golf carts on Royal Oaks Golf Course on the installation. ($500/tournament),,,,,,,3831,4381,,,,No price on file - inquire,MasterMilitaryOnBaseList 12.2.25 NS.xlsx
MO-WHITEMAN-016,Whiteman AFB,,MO,Kansas City,65305,Air Force,Large Format,Wall Clings (Fitness Center),,Your ad will appear on an approved wall in the fitness center on the installation.,150.0,425.0,800.0,1400.0,,1,3831,4381,,,,,MasterMilitaryOnBaseList 12.2.25 NS.xlsx
MO-WHITEMAN-017,Whiteman AFB,,MO,Kansas City,65305,Air Force,Print & Publications,Hotel Guest Brochure Ad,,Your ad will appear in the hotel guest brochure.,50.0,,,500.0,,1,3831,4381,,,,,MasterMilitaryOnBaseList 12.2.25 NS.xlsx
MS-GULFPORT-001,Gulfport NCBC,,MS,Biloxi-Gulfport,39501,Navy,Digital,Digital Monitor Network,1920pxW x 1080pxH,Your ad will appear on 14 digital monitors in approved installation facilities.,790.0,2370.0,4740.0,9480.0,0.0,1,2906,3970,,,,,MasterMilitaryOnBaseList 12.2.25 NS.xlsx
MS-GULFPORT-002,Gulfport NCBC,,MS,Biloxi-Gulfport,39501,Navy,Digital,Theatre Commercial,TBD,Your ad will run before movies.,400.0,1200.0,2400.0,4800.0,0.0,1,2906,3970,,,,,MasterMilitaryOnBaseList 12.2.25 NS.xlsx
MS-GULFPORT-003,Gulfport NCBC,,MS,Biloxi-Gulfport,39501,Navy,Digital,Theatre Static,TBD,Your ad will run before movies.,300.0,900.0,1800.0,3600.0,0.0,1,2906,3970,,,,,MasterMilitaryOnBaseList 12.2.25 NS.xlsx
MS-GULFPORT-004,Gulfport NCBC,,MS,Biloxi-Gulfport,39501,Navy,Standard Media,Banner,5'W x 4'H,Your ad will appear at an approved installation facility.,350.0,1050.0,2100.0,4200.0,250.0,1,2906,3970,,,,,MasterMilitaryOnBaseList 12.2.25 NS.xlsx
MS-GULFPORT-005,Gulfport NCBC,,MS,Biloxi-Gulfport,39501,Navy,Standard Media,Poster,"22""W x 28""H",Your ad will appear at an approved installation facility.,250.0,750.0,1500.0,3000.0,100.0,1,2906,3970,,,,,MasterMilitaryOnBaseList 12.2.25 NS.xlsx
MS-GULFPORT-006,Gulfport NCBC,,MS,Biloxi-Gulfport,39501,Navy,Large Format,Counter Wrap,Varies,Your ad will appear at an approved installation facility.,750.0,2250.0,4500.0,9000.0,,1,2906,3970,,,,,MasterMilitaryOnBaseList 12.2.25 NS.xlsx
MS-GULFPORT-007,Gulfport NCBC,,MS,Biloxi-Gulfport,39501,Navy,Large Format,Poster Large,"22""W x 56""H",Your ad will appear at an approved installation facility.,500.0,1500.0,3000.0,6000.0,200.0,1,2906,3970,,,,,MasterMilitaryOnBaseList 12.2.25 NS.xlsx
MS-GULFPORT-008,Gulfport NCBC,,MS,Biloxi-Gulfport,39501,Navy,Large Format,Wall Cling,Varies,Your ad will appear at an approved installation facility.,500.0,1500.0,3000.0,6000.0,,1,2906,3970,,,,,MasterMilitaryOnBaseList 12.2.25 NS.xlsx
MS-GULFPORT-009,Gulfport NCBC,,MS,Biloxi-Gulfport,39501,Navy,Print & Publications,Brochures / Flyers,"8.5""W x 11""H",Your ad will appear in 7 approved installation facilities.,394.0,1182.0,2364.0,4728.0,,1,2906,3970,,,,,MasterMilitaryOnBaseList 12.2.25 NS.xlsx
MS-KEESLERA-001,Keesler AFB,,MS,Biloxi-Gulfport,39534,Air Force,Digital,Bowling Lane Screens,,Your ad will appear on approved screens in the bowling center on the installation.,200.0,600.0,1200.0,2400.0,,1,5162,4425,,,,,MasterMilitaryOnBaseList 12.2.25 NS.xlsx
MS-KEESLERA-002,Keesler AFB,,MS,Biloxi-Gulfport,39534,Air Force,Digital,Digital Monitors,,Your ad will appear on approved monitors on the installation.,400.0,1200.0,2400.0,4800.0,,1,5162,4425,,,,,MasterMilitaryOnBaseList 12.2.25 NS.xlsx
MS-KEESLERA-003,Keesler AFB,,MS,Biloxi-Gulfport,39534,Air Force,Digital,Lane Sweepers,,Your ad will in the bowling center on the installation.,,,1200.0,2400.0,,6,5162,4425,,,,,MasterMilitaryOnBaseList 12.2.25 NS.xlsx
MS-KEESLERA-004,Keesler AFB,,MS,Biloxi-Gulfport,39534,Air Force,Standard Media,Outdoor Sign,3' x 6',Your ad will appear in an approved outdoor area on the installation.,,,1500.0,3000.0,,6,5162,4425,,,,,MasterMilitaryOnBaseList 12.2.25 NS.xlsx
MS-KEESLERA-005,Keesler AFB,,MS,Biloxi-Gulfport,39534,Air Force,Standard Media,Poster,,Your ad will appear in an approved location on the installation.,100.0,300.0,600.0,1200.0,,1,5162,4425,,,,,MasterMilitaryOnBaseList 12.2.25 NS.xlsx
MS-KEESLERA-006,Keesler AFB,,MS,Biloxi-Gulfport,39534,Air Force,Large Format,E-Newsletter Ad - Large,600px x 600px,Your ad will appear in the base-wide e-newsletter.,240.0,720.0,1440.0,2880.0,,1,5162,4425,,,,,MasterMilitaryOnBaseList 12.2.25 NS.xlsx
MS-KEESLERA-007,Keesler AFB,,MS,Biloxi-Gulfport,39534,Air Force,Large Format,Marina Cooler Cling - Full Door,"27"" x 69""",Your ad will appear on the Marina cooler on the installation.,,,3000.0,6000.0,,6,5162,4425,,,,,MasterMilitaryOnBaseList 12.2.25 NS.xlsx
MS-KEESLERA-008,Keesler AFB,,MS,Biloxi-Gulfport,39534,Air Force,Large Format,Marina Cooler Cling - Medium,"16"" x 20""",Your ad will appear on the Marina cooler on the installation.,150.0,450.0,450.0,1800.0,,1,5162,4425,,,,,MasterMilitaryOnBaseList 12.2.25 NS.xlsx
MS-KEESLERA-009,Keesler AFB,,MS,Biloxi-Gulfport,39534,Air Force,Large Format,Marina Cooler Cling - Small,"8"" x 8""",Your ad will appear on the Marina cooler on the installation.,100.0,300.0,900.0,1200.0,,1,5162,4425,,,,,MasterMilitaryOnBaseList 12.2.25 NS.xlsx
MS-KEESLERA-010,Keesler AFB,,MS,Biloxi-Gulfport,39534,Air Force,Print & Publications,Golf Score Cards - Half Page,,Your ad will appear in the score cards on the golf course on the installation.,,,1200.0,2400.0,,6,5162,4425,,,,,MasterMilitaryOnBaseList 12.2.25 NS.xlsx
MS-KEESLERA-011,Keesler AFB,,MS,Biloxi-Gulfport,39534,Air Force,Print & Publications,Golf Score Cards - Quarter Page,,Your ad will appear in the score cards on the golf course on the installation.,,,600.0,1200.0,,6,5162,4425,,,,,MasterMilitaryOnBaseList 12.2.25 NS.xlsx
MS-KEESLERA-012,Keesler AFB,,MS,Biloxi-Gulfport,39534,Air Force,Print & Publications,Magazine Ad - 1/2 Page,,Your ad will appear in the Discover Keesler Magazine.,800.0,2400.0,4800.0,9600.0,,1,5162,4425,,,,,MasterMilitaryOnBaseList 12.2.25 NS.xlsx
MS-KEESLERA-013,Keesler AFB,,MS,Biloxi-Gulfport,39534,Air Force,Print & Publications,Magazine Ad - 1/4 Page,,Your ad will appear in the Discover Keesler Magazine.,500.0,1500.0,3000.0,6000.0,,1,5162,4425,,,,,MasterMilitaryOnBaseList 12.2.25 NS.xlsx
MS-KEESLERA-014,Keesler AFB,,MS,Biloxi-Gulfport,39534,Air Force,Print & Publications,Magazine Ad - Back Cover,,Your ad will appear in the Discover Keesler Magazine.,1500.0,4500.0,9000.0,18000.0,,1,5162,4425,,,,,MasterMilitaryOnBaseList 12.2.25 NS.xlsx
MS-KEESLERA-015,Keesler AFB,,MS,Biloxi-Gulfport,39534,Air Force,Print & Publications,Magazine Ad - Full Page,,Your ad will appear in the Discover Keesler Magazine.,1200.0,3600.0,7200.0,14400.0,,1,5162,4425,,,,,MasterMilitaryOnBaseList 12.2.25 NS.xlsx
MS-KEESLERA-016,Keesler AFB,,MS,Biloxi-Gulfport,39534,Air Force,Print & Publications,Magazine Ad - Inside Back Cover,,Your ad will appear in the Discover Keesler Magazine.,1350.0,4050.0,8100.0,16200.0,,1,5162,4425,,,,,MasterMilitaryOnBaseList 12.2.25 NS.xlsx
MS-KEESLERA-017,Keesler AFB,,MS,Biloxi-Gulfport,39534,Air Force,Print & Publications,Magazine Ad - Inside Front Cover,,Your ad will appear in the Discover Keesler Magazine.,1200.0,3600.0,7200.0,14400.0,,1,5162,4425,,,,,MasterMilitaryOnBaseList 12.2.25 NS.xlsx
MS-KEESLERA-018,Keesler AFB,,MS,Biloxi-Gulfport,39534,Air Force,Web & Email,E-Newsletter Ad - Small,600px x 300px,Your ad will appear in the base-wide e-newsletter.,120.0,360.0,720.0,1440.0,,1,5162,4425,,,,,MasterMilitaryOnBaseList 12.2.25 NS.xlsx
MS-KEESLERA-019,Keesler AFB,,MS,Biloxi-Gulfport,39534,Air Force,Web & Email,Training Student E-Newsletter Ad,,Your ad will appear in the training student e-newsletter.,50.0,150.0,300.0,600.0,,1,5162,4425,,,,,MasterMilitaryOnBaseList 12.2.25 NS.xlsx
MS-KEESLERA-020,Keesler AFB,,MS,Biloxi-Gulfport,39534,Air Force,Sponsorship & Other,Golf Cart - 30 Carts,,Your ad will appear on 30 approved golf carts on the installation.,100.0,300.0,600.0,1200.0,,1,5162,4425,,,,,MasterMilitaryOnBaseList 12.2.25 NS.xlsx
MS-MERIDIAN-001,Meridian NAS,,MS,Meridian,39309,Navy,Digital,Bowling Scoring Monitors,1920pxW x 1080pxH,Your ad will be seen on 8 bowling scoring monitors.,300.0,900.0,1800.0,3600.0,0.0,1,1126,680,,,,,MasterMilitaryOnBaseList 12.2.25 NS.xlsx
MS-MERIDIAN-002,Meridian NAS,,MS,Meridian,39309,Navy,Digital,Digital Monitor Network,1920pxW x 1080pxH,Your ad will be seen on 13 digital monitors in approved installation facilities.,390.0,1170.0,2340.0,4680.0,0.0,1,1126,680,,,,,MasterMilitaryOnBaseList 12.2.25 NS.xlsx
MS-MERIDIAN-003,Meridian NAS,,MS,Meridian,39309,Navy,Standard Media,Banner,8'W x 4'H,Your ad will be seen at an approved installation facility.,200.0,600.0,1200.0,2400.0,250.0,1,1126,680,,,,,MasterMilitaryOnBaseList 12.2.25 NS.xlsx
MS-MERIDIAN-004,Meridian NAS,,MS,Meridian,39309,Navy,Standard Media,Poster,"22""W x 28""H",Your ad will appear at an approved installation facility.,150.0,450.0,900.0,1800.0,100.0,1,1126,680,,,,,MasterMilitaryOnBaseList 12.2.25 NS.xlsx
MS-MERIDIAN-005,Meridian NAS,,MS,Meridian,39309,Navy,Large Format,Counter Wrap,Varies,Your ad will be seen at an approved installation facility.,450.0,1350.0,2700.0,5400.0,,1,1126,680,,,,,MasterMilitaryOnBaseList 12.2.25 NS.xlsx
MS-MERIDIAN-006,Meridian NAS,,MS,Meridian,39309,Navy,Large Format,Poster Large,"22""W x 56""H",Your ad will appear at an approved installation facility.,350.0,1050.0,2100.0,4200.0,200.0,1,1126,680,,,,,MasterMilitaryOnBaseList 12.2.25 NS.xlsx
MS-MERIDIAN-007,Meridian NAS,,MS,Meridian,39309,Navy,Large Format,Wall / Window Cling,Varies,Your ad will appear at an approved installation facility.,250.0,750.0,1500.0,3000.0,,1,1126,680,,,,,MasterMilitaryOnBaseList 12.2.25 NS.xlsx
MS-MERIDIAN-008,Meridian NAS,,MS,Meridian,39309,Navy,Print & Publications,Brochures / Flyers,"8.5""W x 11""H",Your ad will be seen at 6 approved installation facilities.,338.0,1014.0,2028.0,4056.0,,1,1126,680,,,,,MasterMilitaryOnBaseList 12.2.25 NS.xlsx
MS-MERIDIAN-009,Meridian NAS,,MS,Meridian,39309,Navy,Print & Publications,Newsletter,"8.5W x 11""H",Your ad will be seen in the monthly newsletter.,150.0,450.0,900.0,1800.0,0.0,1,1126,680,,,,,MasterMilitaryOnBaseList 12.2.25 NS.xlsx
MS-MERIDIAN-010,Meridian NAS,,MS,Meridian,39309,Navy,Sponsorship & Other,Table Tens,TBD,Your ad will appear at 24 tables inside Rudders Pub.,125.0,375.0,750.0,1500.0,,1,1126,680,,,,,MasterMilitaryOnBaseList 12.2.25 NS.xlsx
MT-MALMSTRO-001,Malmstrom AFB,,MT,Great Falls,59402,Air Force,Digital,Rotating Digital Screens,1920 px x 1080px,Your ad will appear in 11 approved installation facilities.,200.0,600.0,900.0,1200.0,,1,,,,,,,MasterMilitaryOnBaseList 12.2.25 NS.xlsx
MT-MALMSTRO-002,Malmstrom AFB,,MT,Great Falls,59402,Air Force,Standard Media,Banner - Fitness Center,3' x 5',Your ad will appear in the fitness center on the installation.,75.0,225.0,400.0,650.0,,1,,,,,,,MasterMilitaryOnBaseList 12.2.25 NS.xlsx
MT-MALMSTRO-003,Malmstrom AFB,,MT,Great Falls,59402,Air Force,Standard Media,Banner - ODR Campground,3' x 5',Your ad will appear on the ODR campground on the installation. ($250 for 7 months),50.0,150.0,250.0,,,1,,,,,,,MasterMilitaryOnBaseList 12.2.25 NS.xlsx
MT-MALMSTRO-004,Malmstrom AFB,,MT,Great Falls,59402,Air Force,Standard Media,Coffee Cup Sleeves,,Your ad will appear on coffee cup sleeves used in the Malmstrom Inns. ($40/year),,,,,,,,,,,,No price on file - inquire,MasterMilitaryOnBaseList 12.2.25 NS.xlsx
MT-MALMSTRO-005,Malmstrom AFB,,MT,Great Falls,59402,Air Force,Large Format,Counter Wrap - Fitness Center,,Your ad will appear on an approved counter in the fitness center.,,,,1200.0,,12,,,,,,,MasterMilitaryOnBaseList 12.2.25 NS.xlsx
MT-MALMSTRO-006,Malmstrom AFB,,MT,Great Falls,59402,Air Force,Large Format,Counter top promotion,,"Your ad will appear as a business card, brochure, or other small takeaway item on the main front desk of an approved facility.",50.0,,260.0,480.0,,1,,,,,,,MasterMilitaryOnBaseList 12.2.25 NS.xlsx
MT-MALMSTRO-007,Malmstrom AFB,,MT,Great Falls,59402,Air Force,Print & Publications,"""Bathroom Breeze"" Calendar",3.875' x 2.5',Your ad will appear in the monthly calendar posted in over 200 bathrooms on the installation.,150.0,450.0,900.0,1800.0,,1,,,,,,,MasterMilitaryOnBaseList 12.2.25 NS.xlsx
MT-MALMSTRO-008,Malmstrom AFB,,MT,Great Falls,59402,Air Force,Print & Publications,Posters/Flyers,"8.5"" x 11"" or 11"" x 17""","Your ad will appear in the Grizzly Bend, Fitness Center, or Outdoor Recreation. (Price is per facility)",20.0,50.0,100.0,150.0,100.0,1,,,,,,,MasterMilitaryOnBaseList 12.2.25 NS.xlsx
NC-CHERRYPO-001,Cherry Point MCAS,,NC,Greenville-N.Bern-Washngtn,28533,Marine Corps,Digital,Digital Monitors,,Your ad will appear in approved locations on the installation.,300.0,800.0,1600.0,3000.0,,1,5973,6547,,,,,MasterMilitaryOnBaseList 12.2.25 NS.xlsx
NC-CHERRYPO-002,Cherry Point MCAS,,NC,Greenville-N.Bern-Washngtn,28533,Marine Corps,Standard Media,Banners,3' x 12',Your ad will appear in one of three approved locations on the installation.,200.0,500.0,,,200.0,1,5973,6547,,,,,MasterMilitaryOnBaseList 12.2.25 NS.xlsx
NC-CHERRYPO-003,Cherry Point MCAS,,NC,Greenville-N.Bern-Washngtn,28533,Marine Corps,Standard Media,Gas Pump Sign,"19"" x 11"" with 1/2"" frame",Your ad will appear at the Marine Mart Convenience Store and Main Exchange Convenience Store on the installation.,150.0,350.0,,,,1,5973,6547,,,,,MasterMilitaryOnBaseList 12.2.25 NS.xlsx
NC-CHERRYPO-004,Cherry Point MCAS,,NC,Greenville-N.Bern-Washngtn,28533,Marine Corps,Standard Media,Posters,,Your ad will appear in two approved locations on the installation.,120.0,360.0,720.0,1440.0,100.0,1,5973,6547,,,,,MasterMilitaryOnBaseList 12.2.25 NS.xlsx
NC-CHERRYPO-005,Cherry Point MCAS,,NC,Greenville-N.Bern-Washngtn,28533,Marine Corps,Standard Media,Table top display,,Your table will be set up at the Troop Store or Roadhouse. ($125/location).,,,,,,,5973,6547,,,,No price on file - inquire,MasterMilitaryOnBaseList 12.2.25 NS.xlsx
NC-FORTLIBE-001,Fort Liberty,Fort Bragg,NC,Raleigh-Durham (Fayetvlle),28307,Army,Digital,Digital Monitors,1500px x 844px,Your ad will appear on approved monitors on the installation.,650.0,1800.0,3300.0,5950.0,,1,45055,64046,,,,,MasterMilitaryOnBaseList 12.2.25 NS.xlsx
NC-FORTLIBE-002,Fort Liberty,Fort Bragg,NC,Raleigh-Durham (Fayetvlle),28307,Army,Digital,Golf Scoreboard,4' x 1',Your ad will appear on the golf scoreboard on the Fort Libert Golf Course on the installation.,,,,1000.0,,12,45055,64046,,,,,MasterMilitaryOnBaseList 12.2.25 NS.xlsx
NC-FORTLIBE-003,Fort Liberty,Fort Bragg,NC,Raleigh-Durham (Fayetvlle),28307,Army,Digital,Lane Sweeps,"50"" W x 4"" H",Your ad will appear on lane sweeps at the Fort Liberty Bowling Centers on the installation.,,,750.0,1350.0,,6,45055,64046,,,,,MasterMilitaryOnBaseList 12.2.25 NS.xlsx
NC-FORTLIBE-004,Fort Liberty,Fort Bragg,NC,Raleigh-Durham (Fayetvlle),28307,Army,Standard Media,Banner - Tier 1,5' x 3',Your ad will appear in an approved location on the installation.,600.0,1625.0,3000.0,5050.0,200.0,1,45055,64046,,,,,MasterMilitaryOnBaseList 12.2.25 NS.xlsx
NC-FORTLIBE-005,Fort Liberty,Fort Bragg,NC,Raleigh-Durham (Fayetvlle),28307,Army,Standard Media,Banner - Tier 2,5' x 3',Your ad will appear in an approved location on the installation.,550.0,1475.0,2650.0,4600.0,200.0,1,45055,64046,,,,,MasterMilitaryOnBaseList 12.2.25 NS.xlsx
NC-FORTLIBE-006,Fort Liberty,Fort Bragg,NC,Raleigh-Durham (Fayetvlle),28307,Army,Standard Media,Banner - Tier 3,5' x 3',Your ad will appear in an approved location on the installation.,500.0,1350.0,2400.0,4200.0,200.0,1,45055,64046,,,,,MasterMilitaryOnBaseList 12.2.25 NS.xlsx
NC-FORTLIBE-007,Fort Liberty,Fort Bragg,NC,Raleigh-Durham (Fayetvlle),28307,Army,Standard Media,Poster - Tier 1,"22"" x 28""",Your ad will appear in approved locations on the installation.,300.0,700.0,1250.0,2100.0,100.0,1,45055,64046,,,,,MasterMilitaryOnBaseList 12.2.25 NS.xlsx
NC-FORTLIBE-008,Fort Liberty,Fort Bragg,NC,Raleigh-Durham (Fayetvlle),28307,Army,Standard Media,Poster - Tier 2,"22"" x 28""",Your ad will appear in approved locations on the installation.,275.0,650.0,1150.0,1950.0,100.0,1,45055,64046,,,,,MasterMilitaryOnBaseList 12.2.25 NS.xlsx
NC-FORTLIBE-009,Fort Liberty,Fort Bragg,NC,Raleigh-Durham (Fayetvlle),28307,Army,Standard Media,Poster - Tier 3,"22"" x 28""",Your ad will appear in approved locations on the installation.,250.0,600.0,1050.0,1800.0,100.0,1,45055,64046,,,,,MasterMilitaryOnBaseList 12.2.25 NS.xlsx
NC-FORTLIBE-010,Fort Liberty,Fort Bragg,NC,Raleigh-Durham (Fayetvlle),28307,Army,Large Format,Counter Wrap - Tier 1,TBD,Your ad will appear on an approved counter on the installation.,,,4700.0,8650.0,,6,45055,64046,,,,,MasterMilitaryOnBaseList 12.2.25 NS.xlsx
NC-FORTLIBE-011,Fort Liberty,Fort Bragg,NC,Raleigh-Durham (Fayetvlle),28307,Army,Large Format,Counter Wrap - Tier 2,TBD,Your ad will appear on an approved counter on the installation.,,,4300.0,7900.0,,6,45055,64046,,,,,MasterMilitaryOnBaseList 12.2.25 NS.xlsx
NC-FORTLIBE-012,Fort Liberty,Fort Bragg,NC,Raleigh-Durham (Fayetvlle),28307,Army,Large Format,Counter Wrap - Tier 3,TBD,Your ad will appear on an approved counter on the installation.,,,3900.0,7200.0,,6,45055,64046,,,,,MasterMilitaryOnBaseList 12.2.25 NS.xlsx
NC-FORTLIBE-013,Fort Liberty,Fort Bragg,NC,Raleigh-Durham (Fayetvlle),28307,Army,Large Format,Fence Banner - Tier 1,8' x 3',Your ad will appear on an approved fence on the installation.,900.0,2500.0,4700.0,8650.0,,1,45055,64046,,,,,MasterMilitaryOnBaseList 12.2.25 NS.xlsx
NC-FORTLIBE-014,Fort Liberty,Fort Bragg,NC,Raleigh-Durham (Fayetvlle),28307,Army,Large Format,Fence Banner - Tier 2,8' x 3',Your ad will appear on an approved fence on the installation.,825.0,2300.0,4300.0,7900.0,,1,45055,64046,,,,,MasterMilitaryOnBaseList 12.2.25 NS.xlsx
NC-FORTLIBE-015,Fort Liberty,Fort Bragg,NC,Raleigh-Durham (Fayetvlle),28307,Army,Large Format,Fence Banner - Tier 3,8' x 3',Your ad will appear on an approved fence on the installation.,750.0,2100.0,3900.0,7200.0,,1,45055,64046,,,,,MasterMilitaryOnBaseList 12.2.25 NS.xlsx
NC-FORTLIBE-016,Fort Liberty,Fort Bragg,NC,Raleigh-Durham (Fayetvlle),28307,Army,Large Format,Floor Decal - Tier 1,4' x 3',Your ad will appear on the floor in an approved location on the installation.,400.0,900.0,1440.0,2100.0,,1,45055,64046,,,,,MasterMilitaryOnBaseList 12.2.25 NS.xlsx
NC-FORTLIBE-017,Fort Liberty,Fort Bragg,NC,Raleigh-Durham (Fayetvlle),28307,Army,Large Format,Floor Decal - Tier 2,4' x 3',Your ad will appear on the floor in an approved location on the installation.,350.0,825.0,1320.0,1950.0,,1,45055,64046,,,,,MasterMilitaryOnBaseList 12.2.25 NS.xlsx
NC-FORTLIBE-018,Fort Liberty,Fort Bragg,NC,Raleigh-Durham (Fayetvlle),28307,Army,Large Format,Floor Decal - Tier 3,4' x 3',Your ad will appear on the floor in an approved location on the installation.,300.0,750.0,1200.0,1800.0,,1,45055,64046,,,,,MasterMilitaryOnBaseList 12.2.25 NS.xlsx
NC-FORTLIBE-019,Fort Liberty,Fort Bragg,NC,Raleigh-Durham (Fayetvlle),28307,Army,Large Format,Large Fence Banner - Tier 1,Larger 8' x 3',Your ad will appear on an approved fence on the installation.,1200.0,3200.0,5575.0,10000.0,200.0,1,45055,64046,,,,,MasterMilitaryOnBaseList 12.2.25 NS.xlsx
NC-FORTLIBE-020,Fort Liberty,Fort Bragg,NC,Raleigh-Durham (Fayetvlle),28307,Army,Large Format,Large Fence Banner - Tier 2,Larger 8' x 3',Your ad will appear on an approved fence on the installation.,1100.0,2950.0,5300.0,9250.0,200.0,1,45055,64046,,,,,MasterMilitaryOnBaseList 12.2.25 NS.xlsx
NC-FORTLIBE-021,Fort Liberty,Fort Bragg,NC,Raleigh-Durham (Fayetvlle),28307,Army,Large Format,Large Fence Banner - Tier 3,Larger 8' x 3',Your ad will appear on an approved fence on the installation.,1000.0,2700.0,4800.0,8400.0,200.0,1,45055,64046,,,,,MasterMilitaryOnBaseList 12.2.25 NS.xlsx
NC-FORTLIBE-022,Fort Liberty,Fort Bragg,NC,Raleigh-Durham (Fayetvlle),28307,Army,Large Format,Large Format Banner - Tier 1,Larger than 5' x 3',Your ad will appear in an approved location on the installation.,900.0,2500.0,4700.0,8650.0,200.0,1,45055,64046,,,,,MasterMilitaryOnBaseList 12.2.25 NS.xlsx
NC-FORTLIBE-023,Fort Liberty,Fort Bragg,NC,Raleigh-Durham (Fayetvlle),28307,Army,Large Format,Large Format Banner - Tier 2,Larger than 5' x 3',Your ad will appear in an approved location on the installation.,825.0,2300.0,4300.0,7900.0,200.0,1,45055,64046,,,,,MasterMilitaryOnBaseList 12.2.25 NS.xlsx
NC-FORTLIBE-024,Fort Liberty,Fort Bragg,NC,Raleigh-Durham (Fayetvlle),28307,Army,Large Format,Large Format Banner - Tier 3,Larger than 5' x 3',Your ad will appear in an approved location on the installation.,750.0,2100.0,3900.0,7200.0,200.0,1,45055,64046,,,,,MasterMilitaryOnBaseList 12.2.25 NS.xlsx
NC-FORTLIBE-025,Fort Liberty,Fort Bragg,NC,Raleigh-Durham (Fayetvlle),28307,Army,Large Format,Large Format Wall Decal - Hercules PFC,Larger than 8' x 3',Your ad will appear on an approved wall on the installation.,1100.0,2950.0,5300.0,9250.0,,1,45055,64046,,,,,MasterMilitaryOnBaseList 12.2.25 NS.xlsx
NC-FORTLIBE-026,Fort Liberty,Fort Bragg,NC,Raleigh-Durham (Fayetvlle),28307,Army,Large Format,Large Format Wall Decal - Other available facilities,Larger than 8' x 3',Your ad will appear on an approved wall on the installation.,1000.0,2700.0,4800.0,8400.0,,1,45055,64046,,,,,MasterMilitaryOnBaseList 12.2.25 NS.xlsx
NC-FORTLIBE-027,Fort Liberty,Fort Bragg,NC,Raleigh-Durham (Fayetvlle),28307,Army,Large Format,Large Format Wall Decal - Ritz-Epps PFC,Larger than 8' x 3',Your ad will appear on an approved wall on the installation.,1200.0,3200.0,5575.0,10000.0,,1,45055,64046,,,,,MasterMilitaryOnBaseList 12.2.25 NS.xlsx
NC-FORTLIBE-028,Fort Liberty,Fort Bragg,NC,Raleigh-Durham (Fayetvlle),28307,Army,Large Format,Wall Decal - Hercules PFC,8' x 3',Your ad will appear on an approved wall on the installation.,825.0,2300.0,4300.0,7900.0,,1,45055,64046,,,,,MasterMilitaryOnBaseList 12.2.25 NS.xlsx
NC-FORTLIBE-029,Fort Liberty,Fort Bragg,NC,Raleigh-Durham (Fayetvlle),28307,Army,Large Format,Wall Decal - Other available facilities,8' x 3',Your ad will appear on an approved wall on the installation.,750.0,2100.0,3900.0,7200.0,,1,45055,64046,,,,,MasterMilitaryOnBaseList 12.2.25 NS.xlsx
NC-FORTLIBE-030,Fort Liberty,Fort Bragg,NC,Raleigh-Durham (Fayetvlle),28307,Army,Large Format,Wall Decal - Ritz-Epps PFC,8' x 3',Your ad will appear on an approved wall on the installation.,900.0,2500.0,4700.0,8650.0,,1,45055,64046,,,,,MasterMilitaryOnBaseList 12.2.25 NS.xlsx
NC-FORTLIBE-031,Fort Liberty,Fort Bragg,NC,Raleigh-Durham (Fayetvlle),28307,Army,Print & Publications,Newsletter,600px x 90px,Your ad will appear in the monthly Fort Libert e-newsletter.,275.0,650.0,,,,1,45055,64046,,,,,MasterMilitaryOnBaseList 12.2.25 NS.xlsx
NC-FORTLIBE-032,Fort Liberty,Fort Bragg,NC,Raleigh-Durham (Fayetvlle),28307,Army,Web & Email,Social Media Posts,1200px 628px,Your ad will appear on the Fort Liberty Family and MWR Facebook page.,400.0,750.0,,,,1,45055,64046,,,,,MasterMilitaryOnBaseList 12.2.25 NS.xlsx
NC-FORTLIBE-033,Fort Liberty,Fort Bragg,NC,Raleigh-Durham (Fayetvlle),28307,Army,Sponsorship & Other,Dasherboard,5' x 3',Your ad will appear on a dasherboard at the Cleland Ice Rink on the installation.,,,3000.0,5500.0,,6,45055,64046,,,,,MasterMilitaryOnBaseList 12.2.25 NS.xlsx
NC-NEWRIVER-001,New River MCAS,,NC,Greenville-N.Bern-Washngtn,28545,Marine Corps,Digital,Digital Monitors - Education Center,,Your ad will appear in the Education Center on the installation.,,,,,,,,,,,,No price on file - inquire,MasterMilitaryOnBaseList 12.2.25 NS.xlsx
NC-NEWRIVER-002,New River MCAS,,NC,Greenville-N.Bern-Washngtn,28545,Marine Corps,Digital,Digital Monitors - Main Exchange,,Your ad will appear in the Main Exchange on the installation.,,,,,,,,,,,,No price on file - inquire,MasterMilitaryOnBaseList 12.2.25 NS.xlsx
NC-NEWRIVER-003,New River MCAS,,NC,Greenville-N.Bern-Washngtn,28545,Marine Corps,Digital,Digital Monitors - Marine Marts,,Your ad will appear in the Marine Mart on the installation.,,,,,,,,,,,,No price on file - inquire,MasterMilitaryOnBaseList 12.2.25 NS.xlsx
NC-NEWRIVER-004,New River MCAS,,NC,Greenville-N.Bern-Washngtn,28545,Marine Corps,Digital,Digital Monitors - Movie Theater,,Your ad will appear in the Movie Theater on the installation.,,,,,,,,,,,,No price on file - inquire,MasterMilitaryOnBaseList 12.2.25 NS.xlsx
NC-NEWRIVER-005,New River MCAS,,NC,Greenville-N.Bern-Washngtn,28545,Marine Corps,Digital,Digital Monitors - New River Bowling Centers,,Your ad will appear in the New River Bowling Center on the installation.,400.0,1140.0,2160.0,4080.0,,1,,,,,,,MasterMilitaryOnBaseList 12.2.25 NS.xlsx
NC-NEWRIVER-006,New River MCAS,,NC,Greenville-N.Bern-Washngtn,28545,Marine Corps,Digital,Digital Monitors - SMP Recreation Centers,,Your ad will appear in approved SMP Recreation Centers on the installation.,375.0,1070.0,2025.0,3825.0,,1,,,,,,,MasterMilitaryOnBaseList 12.2.25 NS.xlsx
NC-NEWRIVER-007,New River MCAS,,NC,Greenville-N.Bern-Washngtn,28545,Marine Corps,Digital,Digital Monitors - Tarawa Terrace Community Center,,Your ad will appear in the Tarawa Terrace Community Center on the installation.,100.0,285.0,540.0,960.0,,1,,,,,,,MasterMilitaryOnBaseList 12.2.25 NS.xlsx
NC-NEWRIVER-008,New River MCAS,,NC,Greenville-N.Bern-Washngtn,28545,Marine Corps,Digital,Digital Monitors - Wallace Creek Fitness Center,,Your ad will appear in the Wallace Creek Fitness Center on the installation.,150.0,425.0,810.0,1440.0,,1,,,,,,,MasterMilitaryOnBaseList 12.2.25 NS.xlsx
NC-NEWRIVER-009,New River MCAS,,NC,Greenville-N.Bern-Washngtn,28545,Marine Corps,Digital,Digital Outdoor Marquees,,Your ad will appear on approved outdoor digital outdoor marquees on the installation.,1250.0,3560.0,6750.0,12750.0,,1,,,,,,,MasterMilitaryOnBaseList 12.2.25 NS.xlsx
NC-NEWRIVER-010,New River MCAS,,NC,Greenville-N.Bern-Washngtn,28545,Marine Corps,Standard Media,Banners (12 Locations),,Your ad will appear in twelve approved locations on the installation.,,,,,,,,,,,,No price on file - inquire,MasterMilitaryOnBaseList 12.2.25 NS.xlsx
NC-NEWRIVER-011,New River MCAS,,NC,Greenville-N.Bern-Washngtn,28545,Marine Corps,Standard Media,Banners (3 Locations),,Your ad will appear in three approved locations on the installation.,,,,,,,,,,,,No price on file - inquire,MasterMilitaryOnBaseList 12.2.25 NS.xlsx
NC-NEWRIVER-012,New River MCAS,,NC,Greenville-N.Bern-Washngtn,28545,Marine Corps,Standard Media,Banners (6 Locations),,Your ad will appear in six approved locations on the installation.,,,,,,,,,,,,No price on file - inquire,MasterMilitaryOnBaseList 12.2.25 NS.xlsx
NC-NEWRIVER-013,New River MCAS,,NC,Greenville-N.Bern-Washngtn,28545,Marine Corps,Standard Media,Base Wide Literature Display,,Your ad will appear in up to 10 approved locations on the installation.,,,,,,,,,,,,No price on file - inquire,MasterMilitaryOnBaseList 12.2.25 NS.xlsx
NC-NEWRIVER-014,New River MCAS,,NC,Greenville-N.Bern-Washngtn,28545,Marine Corps,Standard Media,Gas Pump Advertisement,,Your ad will appear on an approved gas pump on the installation.,,,,,,,,,,,,No price on file - inquire,MasterMilitaryOnBaseList 12.2.25 NS.xlsx
NC-NEWRIVER-015,New River MCAS,,NC,Greenville-N.Bern-Washngtn,28545,Marine Corps,Standard Media,Outdoor Banner - Onslow Beach,,Your ad will appear on Onslow Beach on the installation.,,,,,,,,,,,,No price on file - inquire,MasterMilitaryOnBaseList 12.2.25 NS.xlsx
NC-NEWRIVER-016,New River MCAS,,NC,Greenville-N.Bern-Washngtn,28545,Marine Corps,Standard Media,Outdoor Banner - Paradise Point Golf Course,,Your ad will appear Paradise Point Golf Course on the installation.,,,,,,,,,,,,No price on file - inquire,MasterMilitaryOnBaseList 12.2.25 NS.xlsx
NC-NEWRIVER-017,New River MCAS,,NC,Greenville-N.Bern-Washngtn,28545,Marine Corps,Standard Media,Posters (12 Locations),,Your ad will appear in twelve approved locations on the installation.,,,,,,,,,,,,No price on file - inquire,MasterMilitaryOnBaseList 12.2.25 NS.xlsx
NC-NEWRIVER-018,New River MCAS,,NC,Greenville-N.Bern-Washngtn,28545,Marine Corps,Standard Media,Posters (3 Locations),,Your ad will appear in three approved locations on the installation.,,,,,,,,,,,,No price on file - inquire,MasterMilitaryOnBaseList 12.2.25 NS.xlsx
NC-NEWRIVER-019,New River MCAS,,NC,Greenville-N.Bern-Washngtn,28545,Marine Corps,Standard Media,Posters (6 Locations),,Your ad will appear in six approved locations on the installation.,,,,,,,,,,,,No price on file - inquire,MasterMilitaryOnBaseList 12.2.25 NS.xlsx
NC-NEWRIVER-020,New River MCAS,,NC,Greenville-N.Bern-Washngtn,28545,Marine Corps,Large Format,Mobile Billboard,,Your ad will appear on an approved location on the installation.,,,,,,,,,,,,No price on file - inquire,MasterMilitaryOnBaseList 12.2.25 NS.xlsx
NC-NEWRIVER-021,New River MCAS,,NC,Greenville-N.Bern-Washngtn,28545,Marine Corps,Large Format,Outdoor Banner - Intramural/Adult Sports Fields,,Your ad will appear on the Intramural/Adult Sports Fields on the installation.,,,,,,,,,,,,No price on file - inquire,MasterMilitaryOnBaseList 12.2.25 NS.xlsx
NC-NEWRIVER-022,New River MCAS,,NC,Greenville-N.Bern-Washngtn,28545,Marine Corps,Large Format,Outdoor Banner - Youth Sports Fields,,Your ad will appear on the Youth Sport Fields on the installation.,,,,,,,,,,,,No price on file - inquire,MasterMilitaryOnBaseList 12.2.25 NS.xlsx
NC-NEWRIVER-023,New River MCAS,,NC,Greenville-N.Bern-Washngtn,28545,Marine Corps,Web & Email,E-Newsletter Ad,,Your ad will appear in the monthly New River e-Newsletter.,,,,,,,,,,,,No price on file - inquire,MasterMilitaryOnBaseList 12.2.25 NS.xlsx
NC-NEWRIVER-024,New River MCAS,,NC,Greenville-N.Bern-Washngtn,28545,Marine Corps,Web & Email,Social Media Post,,Your ad will appear on the New River Facebook Page,,,,,,,,,,,,No price on file - inquire,MasterMilitaryOnBaseList 12.2.25 NS.xlsx
NC-NEWRIVER-025,New River MCAS,,NC,Greenville-N.Bern-Washngtn,28545,Marine Corps,Sponsorship & Other,Bathroom Stall Ads,,Your ad will appear in bathroom stalls on the installation.,,,,,,,,,,,,No price on file - inquire,MasterMilitaryOnBaseList 12.2.25 NS.xlsx
NC-NEWRIVER-026,New River MCAS,,NC,Greenville-N.Bern-Washngtn,28545,Marine Corps,Sponsorship & Other,Tabling Event,,Your table will be set up on the installation for 1 day for 4 hours.,,,,,,,,,,,,No price on file - inquire,MasterMilitaryOnBaseList 12.2.25 NS.xlsx
OK-ALTUSAFB-001,Altus AFB,,OK,Wichita Falls & Lawton,73523,Air Force,Digital,Digital Monitor Network,1920pxw x 1080pxh,Your ad will appear on 17 digital monitors in approved installation facilities.,100.0,300.0,600.0,1200.0,,1,,,2024,,,Rate card older than 2025 - reconfirm,MasterMilitaryOnBaseList 12.2.25 NS.xlsx
OK-ALTUSAFB-002,Altus AFB,,OK,Wichita Falls & Lawton,73523,Air Force,Standard Media,Indoor Banner,TBD,Your ad will appear in an approved installation facility.,130.0,390.0,780.0,1560.0,,1,,,2024,,,Rate card older than 2025 - reconfirm,MasterMilitaryOnBaseList 12.2.25 NS.xlsx
OK-TINKERAF-001,Tinker AFB,,OK,Oklahoma City,73145,Air Force,Digital,Bowling Scoring Monitors,512pxW x 286pxH,Your ad will appear on 22 digital bowling scoring monitors.,200.0,550.0,1100.0,2000.0,0.0,1,30000,,,,,,MasterMilitaryOnBaseList 12.2.25 NS.xlsx
OK-TINKERAF-002,Tinker AFB,,OK,Oklahoma City,73145,Air Force,Standard Media,Banner,6'W x 3'H,Your ad will appear at an approved installation facility.,300.0,825.0,1650.0,3000.0,200.0,1,30000,,,,,,MasterMilitaryOnBaseList 12.2.25 NS.xlsx
OK-TINKERAF-003,Tinker AFB,,OK,Oklahoma City,73145,Air Force,Standard Media,Golf Banner,6'W x 3'H,Your ad will appear at the golf course.,,,1500.0,,200.0,6,30000,,,,,Source formula errors,MasterMilitaryOnBaseList 12.2.25 NS.xlsx
OK-TINKERAF-004,Tinker AFB,,OK,Oklahoma City,73145,Air Force,Standard Media,Golf Course Hole Marker,"14""W x 7""H",Your ad will appear at one golf tee box.,,,900.0,1800.0,,6,30000,,,,,Source formula errors,MasterMilitaryOnBaseList 12.2.25 NS.xlsx
OK-TINKERAF-005,Tinker AFB,,OK,Oklahoma City,73145,Air Force,Standard Media,Poster,"22""W x 28""H",Your ad will appear at an approved installation facility.,200.0,600.0,1200.0,2000.0,100.0,1,30000,,,,,,MasterMilitaryOnBaseList 12.2.25 NS.xlsx
OK-TINKERAF-006,Tinker AFB,,OK,Oklahoma City,73145,Air Force,Standard Media,Road Banner,6'W x 3'H,Your ad will appear at the perimeter road.,,,500.0,1000.0,200.0,6,30000,,,,,Source formula errors,MasterMilitaryOnBaseList 12.2.25 NS.xlsx
OK-TINKERAF-007,Tinker AFB,,OK,Oklahoma City,73145,Air Force,Print & Publications,Flyers,TBD,Your ad will appear at 6 approved installation facilities.,700.0,2000.0,4000.0,6500.0,,1,30000,,,,,,MasterMilitaryOnBaseList 12.2.25 NS.xlsx
OK-TINKERAF-008,Tinker AFB,,OK,Oklahoma City,73145,Air Force,Print & Publications,Golf Score Cards,TBD,Your ad will appear on the golf course score card.,,,,1500.0,0.0,12,30000,,,,,Source formula errors,MasterMilitaryOnBaseList 12.2.25 NS.xlsx
OK-TINKERAF-009,Tinker AFB,,OK,Oklahoma City,73145,Air Force,Print & Publications,Magazine,TBD,Your full page ad will appear in the monthly magazine.,350.0,450.0,900.0,1600.0,0.0,1,30000,,,,,,MasterMilitaryOnBaseList 12.2.25 NS.xlsx
OK-TINKERAF-010,Tinker AFB,,OK,Oklahoma City,73145,Air Force,Sponsorship & Other,Golf Cart Magnet,TBD,Your ad will appear on approved golf carts.,,,500.0,,,6,30000,,,,,Source formula errors,MasterMilitaryOnBaseList 12.2.25 NS.xlsx
OK-TINKERAF-011,Tinker AFB,,OK,Oklahoma City,73145,Air Force,Sponsorship & Other,Golf Course Range Ball,TBD,"Your ad will appear on 24,000 range balls.",,,,13000.0,0.0,12,30000,,,,,Source formula errors,MasterMilitaryOnBaseList 12.2.25 NS.xlsx
SC-FORTJACK-001,Fort Jackson,,SC,"Columbia, Sc",29207,Army,Digital,Bowling Scoring Monitors - Century Lanes,1366pxW x 768pxH,Your ad will appear on digital scoring monitors,,,,7200.0,0.0,12,3500,12000,,,,Source formula errors,MasterMilitaryOnBaseList 12.2.25 NS.xlsx
SC-FORTJACK-002,Fort Jackson,,SC,"Columbia, Sc",29207,Army,Digital,Bowling Scoring Monitors - Ivy Lanes,1366pxW x 768pxH,Your ad will appear on digital scoring monitors,,,,4200.0,0.0,12,3500,12000,,,,Source formula errors,MasterMilitaryOnBaseList 12.2.25 NS.xlsx
SC-FORTJACK-003,Fort Jackson,,SC,"Columbia, Sc",29207,Army,Standard Media,Banner,6'W x 3'H,Your ad will appear at an approved installation facility.,250.0,750.0,1500.0,3000.0,200.0,1,3500,12000,,,,,MasterMilitaryOnBaseList 12.2.25 NS.xlsx
SC-FORTJACK-004,Fort Jackson,,SC,"Columbia, Sc",29207,Army,Standard Media,Golf Course Tee Markers,"11""w x 11.5""H",Your ad will appear at one golf course tee box.,650.0,1950.0,3900.0,7800.0,,1,3500,12000,,,,,MasterMilitaryOnBaseList 12.2.25 NS.xlsx
SC-FORTJACK-005,Fort Jackson,,SC,"Columbia, Sc",29207,Army,Standard Media,Mouse Pads,"8""W x 9""H",Your ad will appear at an approved installation facility.,,,600.0,1200.0,,6,3500,12000,,,,Source formula errors,MasterMilitaryOnBaseList 12.2.25 NS.xlsx
SC-FORTJACK-006,Fort Jackson,,SC,"Columbia, Sc",29207,Army,Standard Media,Poster,"22""W x 28""H",Your ad will appear at an approved installation facility.,184.0,552.0,1104.0,2208.0,100.0,1,3500,12000,,,,,MasterMilitaryOnBaseList 12.2.25 NS.xlsx
SC-FORTJACK-007,Fort Jackson,,SC,"Columbia, Sc",29207,Army,Standard Media,Table Tents,Varies,Your ad will appear at the NCO Club Dining Room.,200.0,600.0,1200.0,2400.0,,1,3500,12000,,,,,MasterMilitaryOnBaseList 12.2.25 NS.xlsx
SC-FORTJACK-008,Fort Jackson,,SC,"Columbia, Sc",29207,Army,Large Format,Bathroom Cling,"6""W x 4""H",Your ad will appear on all bathroom mirrors.,,,,5000.0,,12,3500,12000,,,,Source formula errors,MasterMilitaryOnBaseList 12.2.25 NS.xlsx
SC-FORTJACK-009,Fort Jackson,,SC,"Columbia, Sc",29207,Army,Large Format,Wallscape,200 SQFT,Your ad will appear at an approved installation facility.,,,6000.0,1200.0,,6,3500,12000,,,,Source formula errors,MasterMilitaryOnBaseList 12.2.25 NS.xlsx
SC-FORTJACK-010,Fort Jackson,,SC,"Columbia, Sc",29207,Army,Large Format,Windor Cling,"26""W x 30""H",Your ad will appear at an approved installation facility.,,,3600.0,7200.0,,6,3500,12000,,,,Source formula errors,MasterMilitaryOnBaseList 12.2.25 NS.xlsx
SC-FORTJACK-011,Fort Jackson,,SC,"Columbia, Sc",29207,Army,Print & Publications,Flyers and Brochures,Varies,Your ad will appear at an approved installation facility.,100.0,300.0,600.0,1200.0,,1,3500,12000,,,,,MasterMilitaryOnBaseList 12.2.25 NS.xlsx
SC-JOINTBAS-001,Joint Base Charleston,,SC,"Charleston, Sc","29445, 29404, 29408",Air Force/Navy,Digital,Digital Monitor Network,1920pxw x 1080pxh; 336pxw x 816pxh,Your ad will appear on 32 digital monitors/score pads in the Air Base Starlifter Lanes and Weapons Station Marrington Lanes bowling facilities.,200.0,600.0,1200.0,2400.0,0.0,1,,,2024,,,Rate card older than 2025 - reconfirm,MasterMilitaryOnBaseList 12.2.25 NS.xlsx
SC-JOINTBAS-002,Joint Base Charleston,,SC,"Charleston, Sc","29445, 29404, 29408",Air Force/Navy,Standard Media,Banners,6'w x 3'h,Your ad will appear at an approved installation facility.,180.0,540.0,1080.0,2160.0,0.0,1,,,2024,,,Rate card older than 2025 - reconfirm,MasterMilitaryOnBaseList 12.2.25 NS.xlsx
SC-JOINTBAS-003,Joint Base Charleston,,SC,"Charleston, Sc","29445, 29404, 29408",Air Force/Navy,Standard Media,Posters,"22""w x 28""h",Your ad will appear at an approved installation facility.,125.0,375.0,750.0,1500.0,0.0,1,,,2024,,,Rate card older than 2025 - reconfirm,MasterMilitaryOnBaseList 12.2.25 NS.xlsx
SC-JOINTBAS-004,Joint Base Charleston,,SC,"Charleston, Sc","29445, 29404, 29408",Air Force/Navy,Web & Email,Web Ad,720px x 300px,Your ad will appear on installation website,,,,1400.0,0.0,12,,,2024,,,Rate card older than 2025 - reconfirm,MasterMilitaryOnBaseList 12.2.25 NS.xlsx
TN-ARNOLDAF-001,Arnold AFB,,TN,Nashville,37389,Air Force,Digital,Digital Monitor Network,1920pxw x 1080pxh,Your ad will appear on 10 digital monitors in approved installation facilities.,50.0,150.0,300.0,600.0,0.0,1,,,2025,,,,MasterMilitaryOnBaseList 12.2.25 NS.xlsx
TN-ARNOLDAF-002,Arnold AFB,,TN,Nashville,37389,Air Force,Standard Media,Banner,6'W x 3'H,Your ad will appear at an approved installation facility.,75.0,225.0,450.0,900.0,200.0,1,,,,,,,MasterMilitaryOnBaseList 12.2.25 NS.xlsx
TN-ARNOLDAF-003,Arnold AFB,,TN,Nashville,37389,Air Force,Standard Media,Table Tents,TBD,Your ad will appear on tables at 2 approved locations.,50.0,150.0,300.0,600.0,,1,,,,,,,MasterMilitaryOnBaseList 12.2.25 NS.xlsx
TN-ARNOLDAF-004,Arnold AFB,,TN,Nashville,37389,Air Force,Print & Publications,Flyers,"8.5""W x 11""H",Your ad will appear in 8 locations in approved installation facilities.,25.0,75.0,150.0,300.0,,1,,,,,,,MasterMilitaryOnBaseList 12.2.25 NS.xlsx
TN-ARNOLDAF-005,Arnold AFB,,TN,Nashville,37389,Air Force,Print & Publications,Magazine - 1/2 Page Ad,"3.625""w x 4.25""h",Your ad will appear in the monthly magazine.,125.0,600.0,1200.0,2400.0,0.0,1,,,2025,,,,MasterMilitaryOnBaseList 12.2.25 NS.xlsx
TN-ARNOLDAF-006,Arnold AFB,,TN,Nashville,37389,Air Force,Print & Publications,Magazine - 1/4 Page Ad,"2.125""w x 3.625""h",Your ad will appear in the monthly magazine.,50.0,150.0,300.0,600.0,0.0,1,,,2025,,,,MasterMilitaryOnBaseList 12.2.25 NS.xlsx
TN-ARNOLDAF-007,Arnold AFB,,TN,Nashville,37389,Air Force,Print & Publications,Magazine - Full Page Ad,"3.625""w x 7.25""h",Your ad will appear in the monthly magazine.,200.0,600.0,1200.0,2400.0,0.0,1,,,2025,,,,MasterMilitaryOnBaseList 12.2.25 NS.xlsx
TN-ARNOLDAF-008,Arnold AFB,,TN,Nashville,37389,Air Force,Print & Publications,Magazine - Full Page Ad,"3.625""w x 7.25""h",Your ad will appear in the monthly magazine.,200.0,600.0,1200.0,2400.0,0.0,1,,,2025,,,,MasterMilitaryOnBaseList 12.2.25 NS.xlsx
TN-NSAMIDSO-001,NSA Mid South,NAS Mid-South (Millington),TN,Nashville,,Navy,Digital,Digital Monitor Network,1920pxW x 1080pxH,Your ad will appear on15 digital monitors in approved installation facilities.,970.0,2910.0,5820.0,11640.0,0.0,1,6500,,,,,,MasterMilitaryOnBaseList 12.2.25 NS.xlsx
TN-NSAMIDSO-002,NSA Mid South,NAS Mid-South (Millington),TN,Nashville,,Navy,Standard Media,Banner,Varies,Your ad will appear at an approved installation facility.,650.0,1950.0,3900.0,7800.0,,1,6500,,,,,,MasterMilitaryOnBaseList 12.2.25 NS.xlsx
TN-NSAMIDSO-003,NSA Mid South,NAS Mid-South (Millington),TN,Nashville,,Navy,Standard Media,Golf Cart Signage,"5""W x 8""H",Your ad will appear on approved golf carts.,250.0,750.0,1500.0,3000.0,,1,6500,,,,,,MasterMilitaryOnBaseList 12.2.25 NS.xlsx
TN-NSAMIDSO-004,NSA Mid South,NAS Mid-South (Millington),TN,Nashville,,Navy,Standard Media,Poster,"24""W x 36""H",Your ad will appear at an approved installation facility.,250.0,750.0,1500.0,3000.0,150.0,1,6500,,,,,,MasterMilitaryOnBaseList 12.2.25 NS.xlsx
TN-NSAMIDSO-005,NSA Mid South,NAS Mid-South (Millington),TN,Nashville,,Navy,Standard Media,Table Tents,"4.5""W x 5.5""H",Your ad will appear on 35 tables at the grille.,150.0,450.0,900.0,1800.0,,1,6500,,,,,,MasterMilitaryOnBaseList 12.2.25 NS.xlsx
TN-NSAMIDSO-006,NSA Mid South,NAS Mid-South (Millington),TN,Nashville,,Navy,Large Format,Counter Wrap,Varies,Your ad will appear at an approved installation facility.,450.0,1350.0,2700.0,5400.0,,1,6500,,,,,,MasterMilitaryOnBaseList 12.2.25 NS.xlsx
TN-NSAMIDSO-007,NSA Mid South,NAS Mid-South (Millington),TN,Nashville,,Navy,Large Format,Large Banner,12'W x 5'H,Your ad will appear at an approved installation facility.,700.0,2100.0,4200.0,8400.0,700.0,1,6500,,,,,,MasterMilitaryOnBaseList 12.2.25 NS.xlsx
TN-NSAMIDSO-008,NSA Mid South,NAS Mid-South (Millington),TN,Nashville,,Navy,Large Format,Large Poster,"22""W x 56""H",Your ad will appear at an approved installation facility.,350.0,1050.0,2100.0,4200.0,200.0,1,6500,,,,,,MasterMilitaryOnBaseList 12.2.25 NS.xlsx
TN-NSAMIDSO-009,NSA Mid South,NAS Mid-South (Millington),TN,Nashville,,Navy,Large Format,Wall / Window Cling,Varies,Your ad will appear at an approved installation facility.,350.0,1050.0,2100.0,4200.0,,1,6500,,,,,,MasterMilitaryOnBaseList 12.2.25 NS.xlsx
TN-NSAMIDSO-010,NSA Mid South,NAS Mid-South (Millington),TN,Nashville,,Navy,Print & Publications,Brochures / Flyers,"8.5""W x 11""H",Your ad will appear at an approved installation facility.,113.0,339.0,678.0,1356.0,,1,6500,,,,,,MasterMilitaryOnBaseList 12.2.25 NS.xlsx
TN-NSAMIDSO-011,NSA Mid South,NAS Mid-South (Millington),TN,Nashville,,Navy,Print & Publications,Newsletter,"5.5""W x 4.25""H",Your quarter page ad will be seen in the monthly newsletter.,250.0,750.0,1500.0,3000.0,0.0,1,6500,,,,,,MasterMilitaryOnBaseList 12.2.25 NS.xlsx
TX-CORPUSCH-001,Corpus Christi NAS,,TX,Corpus Christi,78419,Navy,Digital,Bowling Lane Displays,"66""W x 36""H",Your ad will appear on 6 bowling lanes.,350.0,1050.0,2100.0,4200.0,,1,2836,7090,,,,,MasterMilitaryOnBaseList 12.2.25 NS.xlsx
TX-CORPUSCH-002,Corpus Christi NAS,,TX,Corpus Christi,78419,Navy,Digital,Bowling Scoring Monitors,1920pxW x 1080pxH,Your ad will appear on 12 bowling scoring monitors.,200.0,600.0,1200.0,2400.0,0.0,1,2836,7090,,,,,MasterMilitaryOnBaseList 12.2.25 NS.xlsx
TX-CORPUSCH-003,Corpus Christi NAS,,TX,Corpus Christi,78419,Navy,Digital,Bowling Sweep Arm,"4'W x 4.25""H",Your ad will appear on 12 bowling sweep arms.,150.0,450.0,900.0,1800.0,,1,2836,7090,,,,,MasterMilitaryOnBaseList 12.2.25 NS.xlsx
TX-CORPUSCH-004,Corpus Christi NAS,,TX,Corpus Christi,78419,Navy,Digital,Digital Monitor Network,1920pxW x 1080pxH,Your ad will appear on2 digital monitors in approved installation facilities.,100.0,300.0,600.0,1200.0,0.0,1,2836,7090,,,,,MasterMilitaryOnBaseList 12.2.25 NS.xlsx
TX-CORPUSCH-005,Corpus Christi NAS,,TX,Corpus Christi,78419,Navy,Standard Media,Banner,8'W x 4'H,Your ad will appear in an approved installation facility.,650.0,1950.0,3900.0,7800.0,250.0,1,2836,7090,,,,,MasterMilitaryOnBaseList 12.2.25 NS.xlsx
TX-CORPUSCH-006,Corpus Christi NAS,,TX,Corpus Christi,78419,Navy,Standard Media,Golf Cart Signage,"8.5""W x 5.5""H",Your ad will appear on at the golf course.,200.0,600.0,1200.0,2400.0,,1,2836,7090,,,,,MasterMilitaryOnBaseList 12.2.25 NS.xlsx
TX-CORPUSCH-007,Corpus Christi NAS,,TX,Corpus Christi,78419,Navy,Standard Media,Mouse Pads,TBD,Your ad will appear on an approved facility mouse pad.,50.0,150.0,300.0,600.0,,1,2836,7090,,,,,MasterMilitaryOnBaseList 12.2.25 NS.xlsx
TX-CORPUSCH-008,Corpus Christi NAS,,TX,Corpus Christi,78419,Navy,Standard Media,Poster,"22""W x 28""H",Your ad will appear at an approved installation facility.,200.0,600.0,1200.0,2400.0,100.0,1,2836,7090,,,,,MasterMilitaryOnBaseList 12.2.25 NS.xlsx
TX-CORPUSCH-009,Corpus Christi NAS,,TX,Corpus Christi,78419,Navy,Standard Media,Table Tents,"4""W x 6""H",Your ad will appear at an approved installation facility.,125.0,375.0,750.0,1500.0,,1,2836,7090,,,,,MasterMilitaryOnBaseList 12.2.25 NS.xlsx
TX-CORPUSCH-010,Corpus Christi NAS,,TX,Corpus Christi,78419,Navy,Large Format,Counter Wrap,Varies,Your ad will appear at an approved installation facility.,450.0,1350.0,2700.0,5400.0,,1,2836,7090,,,,,MasterMilitaryOnBaseList 12.2.25 NS.xlsx
TX-CORPUSCH-011,Corpus Christi NAS,,TX,Corpus Christi,78419,Navy,Large Format,Large Banner,"112""W x 84""",Your ad will appear in an approved installation facility.,700.0,2100.0,4200.0,8400.0,,1,2836,7090,,,,,MasterMilitaryOnBaseList 12.2.25 NS.xlsx
TX-CORPUSCH-012,Corpus Christi NAS,,TX,Corpus Christi,78419,Navy,Large Format,Large Poster,"22""W x 56""H",Your ad will appear at an approved installation facility.,350.0,1050.0,2100.0,4200.0,200.0,1,2836,7090,,,,,MasterMilitaryOnBaseList 12.2.25 NS.xlsx
TX-CORPUSCH-013,Corpus Christi NAS,,TX,Corpus Christi,78419,Navy,Large Format,Wall / Window Cling,Varies,Your ad will appear at an approved installation facility.,450.0,1350.0,2700.0,5400.0,,1,2836,7090,,,,,MasterMilitaryOnBaseList 12.2.25 NS.xlsx
TX-CORPUSCH-014,Corpus Christi NAS,,TX,Corpus Christi,78419,Navy,Print & Publications,Flyers and Brochures,"8.5""W x 11""H",Your ad will appear in 12 installation facilities.,675.0,2025.0,4050.0,8100.0,,1,2836,7090,,,,,MasterMilitaryOnBaseList 12.2.25 NS.xlsx
TX-CORPUSCH-015,Corpus Christi NAS,,TX,Corpus Christi,78419,Navy,Sponsorship & Other,Golf Course Driving Range,TBD,Your ad will appear between driving range stations.,250.0,750.0,1500.0,3000.0,,1,2836,7090,,,,,MasterMilitaryOnBaseList 12.2.25 NS.xlsx
TX-FORTSAMH-001,Fort Sam Houston,JB San Antonio,TX,San Antonio,78234,Army,Digital,Bowling Masking Unit,TBD,Your ad will appear at the bowling center at one lane.,50.0,150.0,300.0,600.0,,1,10721,14934,,,,,MasterMilitaryOnBaseList 12.2.25 NS.xlsx
TX-FORTSAMH-002,Fort Sam Houston,JB San Antonio,TX,San Antonio,78234,Army,Digital,Bowling Scoring Monitors,1920pxW x 1080pxH,Your ad will appear on 24 digital bowling scoring monitors.,150.0,450.0,900.0,1800.0,0.0,1,10721,14934,,,,,MasterMilitaryOnBaseList 12.2.25 NS.xlsx
TX-FORTSAMH-003,Fort Sam Houston,JB San Antonio,TX,San Antonio,78234,Army,Digital,Digital Kiosk Network,1080pxW x 1920pxH,Your ad will appear on 20 digital monitors in approved installation facilities.,800.0,2400.0,4800.0,9600.0,0.0,1,10721,14934,,,,,MasterMilitaryOnBaseList 12.2.25 NS.xlsx
TX-FORTSAMH-004,Fort Sam Houston,JB San Antonio,TX,San Antonio,78234,Army,Digital,Theatre Program Ad,TBD,Your ad will appear in the Harlequin Theatre Program.,,,,1800.0,0.0,12,10721,14934,,,,Source formula errors,MasterMilitaryOnBaseList 12.2.25 NS.xlsx
TX-FORTSAMH-005,Fort Sam Houston,JB San Antonio,TX,San Antonio,78234,Army,Standard Media,Banner,4'W x 10'H,Your ad will appear at an approved installation facility.,400.0,1200.0,2400.0,4800.0,400.0,1,10721,14934,,,,,MasterMilitaryOnBaseList 12.2.25 NS.xlsx
TX-FORTSAMH-006,Fort Sam Houston,JB San Antonio,TX,San Antonio,78234,Army,Standard Media,Golf Driving Range Signs,TBD,Your ad will appear at the driving range.,150.0,450.0,900.0,1800.0,,1,10721,14934,,,,,MasterMilitaryOnBaseList 12.2.25 NS.xlsx
TX-FORTSAMH-007,Fort Sam Houston,JB San Antonio,TX,San Antonio,78234,Army,Standard Media,Golf Tee Market Signs,TBD,Your ad will appear at an approved tee box.,50.0,150.0,300.0,600.0,,1,10721,14934,,,,,MasterMilitaryOnBaseList 12.2.25 NS.xlsx
TX-FORTSAMH-008,Fort Sam Houston,JB San Antonio,TX,San Antonio,78234,Army,Standard Media,Poster,"22""W x 28""H",Your ad will appear at an approved installation facility.,125.0,375.0,750.0,1500.0,100.0,1,10721,14934,,,,,MasterMilitaryOnBaseList 12.2.25 NS.xlsx
TX-FORTSAMH-009,Fort Sam Houston,JB San Antonio,TX,San Antonio,78234,Army,Standard Media,Vertical Banner,TBD,Your ad will appear at an approved installation facility.,175.0,525.0,1050.0,2100.0,200.0,1,10721,14934,,,,,MasterMilitaryOnBaseList 12.2.25 NS.xlsx
TX-FORTSAMH-010,Fort Sam Houston,JB San Antonio,TX,San Antonio,78234,Army,Large Format,Floor Clings,"45"" Diameter",Your ad will appear at an approved installation facility.,300.0,900.0,1800.0,3600.0,,1,10721,14934,,,,,MasterMilitaryOnBaseList 12.2.25 NS.xlsx
TX-FORTSAMH-011,Fort Sam Houston,JB San Antonio,TX,San Antonio,78234,Army,Large Format,Table Top Clings,"30"" Diameter",Your ad will appear up to 5 times at an approved installation table.,300.0,900.0,1800.0,3600.0,,1,10721,14934,,,,,MasterMilitaryOnBaseList 12.2.25 NS.xlsx
TX-FORTSAMH-012,Fort Sam Houston,JB San Antonio,TX,San Antonio,78234,Army,Large Format,Window Cling,4'W x 10'H,Your ad will appear in an approved installation facility.,400.0,1200.0,2400.0,4800.0,,1,10721,14934,,,,,MasterMilitaryOnBaseList 12.2.25 NS.xlsx
TX-FORTSAMH-013,Fort Sam Houston,JB San Antonio,TX,San Antonio,78234,Army,Print & Publications,Magazine,TBD,Your full page ad will be featured in the bi-monthly JBSAtoday Magazine.,,,3000.0,6000.0,0.0,6,10721,14934,,,,Source formula errors,MasterMilitaryOnBaseList 12.2.25 NS.xlsx
TX-KINGSVIL-001,Kingsville NAS,,TX,Corpus Christi,78363,Navy,Digital,Bowling Scoring Monitors,1920pxW x 1080pxH,Your ad will appear on 12 bowling scoring monitors.,250.0,750.0,1500.0,3000.0,0.0,1,4500,,,,,,MasterMilitaryOnBaseList 12.2.25 NS.xlsx
TX-KINGSVIL-002,Kingsville NAS,,TX,Corpus Christi,78363,Navy,Digital,Bowling Sweepers,"58""W x 4.5""H",Your ad will appear on 12 bowling pin sweepers.,150.0,450.0,900.0,1800.0,,1,4500,,,,,,MasterMilitaryOnBaseList 12.2.25 NS.xlsx
TX-KINGSVIL-003,Kingsville NAS,,TX,Corpus Christi,78363,Navy,Digital,Digital Monitor Network,1920pxW x 1080pxH,Your ad will appear on 12 digital monitors in approved installation facilities.,310.0,930.0,1860.0,3720.0,0.0,1,4500,,,,,,MasterMilitaryOnBaseList 12.2.25 NS.xlsx
TX-KINGSVIL-004,Kingsville NAS,,TX,Corpus Christi,78363,Navy,Standard Media,Banner,Varies,Your ad will appear at an approved installation facility.,350.0,1050.0,2100.0,4200.0,,1,4500,,,,,,MasterMilitaryOnBaseList 12.2.25 NS.xlsx
TX-KINGSVIL-005,Kingsville NAS,,TX,Corpus Christi,78363,Navy,Standard Media,Poster,"22""W x 28""H",Your ad will appear at an approved installation facility.,150.0,450.0,900.0,1800.0,100.0,1,4500,,,,,,MasterMilitaryOnBaseList 12.2.25 NS.xlsx
TX-KINGSVIL-006,Kingsville NAS,,TX,Corpus Christi,78363,Navy,Standard Media,Table Tents,"4""W x 6""H",Your ad will appear at approved installation tables.,125.0,375.0,750.0,1500.0,,1,4500,,,,,,MasterMilitaryOnBaseList 12.2.25 NS.xlsx
TX-KINGSVIL-007,Kingsville NAS,,TX,Corpus Christi,78363,Navy,Large Format,Poster Large,"22""W x 56""H",Your ad will appear at an approved installation facility.,350.0,1050.0,2100.0,4200.0,,1,4500,,,,,,MasterMilitaryOnBaseList 12.2.25 NS.xlsx
TX-KINGSVIL-008,Kingsville NAS,,TX,Corpus Christi,78363,Navy,Large Format,Window Cling,"33.25""W x 49""H",Your ad will appear at the fitness center.,350.0,1050.0,2100.0,4200.0,,1,4500,,,,,,MasterMilitaryOnBaseList 12.2.25 NS.xlsx
TX-KINGSVIL-009,Kingsville NAS,,TX,Corpus Christi,78363,Navy,Print & Publications,Brochures / Flyers,"8.5""W x 11""H",Your ad will appear at 6 approved installation facilities.,338.0,1014.0,2028.0,4056.0,,1,4500,,,,,,MasterMilitaryOnBaseList 12.2.25 NS.xlsx
TX-LACKLAND-001,Lackland AFB,JB San Antonio,TX,San Antonio,78236,Air Force,Digital,Bowling Masking Unit,TBD,Your ad will appear at the bowling center at one lane.,50.0,150.0,300.0,600.0,,1,22220,20301,,,,,MasterMilitaryOnBaseList 12.2.25 NS.xlsx
TX-LACKLAND-002,Lackland AFB,JB San Antonio,TX,San Antonio,78236,Air Force,Digital,Bowling Scoring Monitors,1920pxW x 1080pxH,Your ad will appear on 32 digital bowling scoring monitors.,150.0,450.0,900.0,1800.0,0.0,1,22220,20301,,,,,MasterMilitaryOnBaseList 12.2.25 NS.xlsx
TX-LACKLAND-003,Lackland AFB,JB San Antonio,TX,San Antonio,78236,Air Force,Digital,Bowling Swing Arm,TBD,Your ad will appear at the bowling center at one lane.,50.0,150.0,300.0,600.0,,1,22220,20301,,,,,MasterMilitaryOnBaseList 12.2.25 NS.xlsx
TX-LACKLAND-004,Lackland AFB,JB San Antonio,TX,San Antonio,78236,Air Force,Digital,Digital Kiosk Network,1080pxW x 1920pxH,Your ad will appear on12 digital kiosks in approved installation facilities.,480.0,1440.0,2880.0,5760.0,0.0,1,22220,20301,,,,,MasterMilitaryOnBaseList 12.2.25 NS.xlsx
TX-LACKLAND-005,Lackland AFB,JB San Antonio,TX,San Antonio,78236,Air Force,Digital,Digital Monitor Network,1920pxW x 1080pxH,Your ad will appear on 23 digital monitors in approved installation facilities.,690.0,2070.0,4140.0,8280.0,0.0,1,22220,20301,,,,,MasterMilitaryOnBaseList 12.2.25 NS.xlsx
TX-LACKLAND-006,Lackland AFB,JB San Antonio,TX,San Antonio,78236,Air Force,Digital,Theatre Program Ad,TBD,Your ad will appear in the Harlequin Program.,,,,1800.0,0.0,12,22220,20301,,,,Source formula errors,MasterMilitaryOnBaseList 12.2.25 NS.xlsx
TX-LACKLAND-007,Lackland AFB,JB San Antonio,TX,San Antonio,78236,Air Force,Standard Media,Banner,4'W x 10'H,Your ad will appear at an approved installation facility.,400.0,1200.0,2400.0,4800.0,400.0,1,22220,20301,,,,,MasterMilitaryOnBaseList 12.2.25 NS.xlsx
TX-LACKLAND-008,Lackland AFB,JB San Antonio,TX,San Antonio,78236,Air Force,Standard Media,Driving Range Sign,TBD,Your ad will appear at the golf course driving range.,150.0,450.0,900.0,1800.0,,1,22220,20301,,,,,MasterMilitaryOnBaseList 12.2.25 NS.xlsx
TX-LACKLAND-009,Lackland AFB,JB San Antonio,TX,San Antonio,78236,Air Force,Standard Media,Golf Cart Sign,"6""W x 8""H",Your ad will appear on a golf cart.,100.0,300.0,600.0,1200.0,,1,22220,20301,,,,,MasterMilitaryOnBaseList 12.2.25 NS.xlsx
TX-LACKLAND-010,Lackland AFB,JB San Antonio,TX,San Antonio,78236,Air Force,Standard Media,Poster,"22""W x 28""H",Your ad will appear at an approved installation facility.,125.0,375.0,750.0,1500.0,100.0,1,22220,20301,,,,,MasterMilitaryOnBaseList 12.2.25 NS.xlsx
TX-LACKLAND-011,Lackland AFB,JB San Antonio,TX,San Antonio,78236,Air Force,Standard Media,Tee Market Sign,TBD,Your ad will appear at one golf course tee box.,50.0,150.0,300.0,600.0,,1,22220,20301,,,,,MasterMilitaryOnBaseList 12.2.25 NS.xlsx
TX-LACKLAND-012,Lackland AFB,JB San Antonio,TX,San Antonio,78236,Air Force,Standard Media,Vertical Banner,TBD,Your ad will appear at an approved installation facility.,175.0,525.0,1050.0,2100.0,250.0,1,22220,20301,,,,,MasterMilitaryOnBaseList 12.2.25 NS.xlsx
TX-LACKLAND-013,Lackland AFB,JB San Antonio,TX,San Antonio,78236,Air Force,Large Format,Floor Clings,"45"" Diameter",Your ad will appear at an approved installation facility.,300.0,900.0,1800.0,3600.0,,1,22220,20301,,,,,MasterMilitaryOnBaseList 12.2.25 NS.xlsx
TX-LACKLAND-014,Lackland AFB,JB San Antonio,TX,San Antonio,78236,Air Force,Large Format,Table Top Clings,"30"" Diameter",Your ad will appear on up to 5 approved tables.,300.0,900.0,1800.0,3600.0,,1,22220,20301,,,,,MasterMilitaryOnBaseList 12.2.25 NS.xlsx
TX-LACKLAND-015,Lackland AFB,JB San Antonio,TX,San Antonio,78236,Air Force,Large Format,Window Clings,"4'W x 10""H",Your ad will appear at an approved installation facility.,400.0,1200.0,2400.0,4800.0,500.0,1,22220,20301,,,,,MasterMilitaryOnBaseList 12.2.25 NS.xlsx
TX-LACKLAND-016,Lackland AFB,JB San Antonio,TX,San Antonio,78236,Air Force,Print & Publications,Golf Scorecard Sign,TBD,Your ad will appear on the golf course scorecard.,200.0,600.0,1200.0,2400.0,,1,22220,20301,,,,,MasterMilitaryOnBaseList 12.2.25 NS.xlsx
TX-LACKLAND-017,Lackland AFB,JB San Antonio,TX,San Antonio,78236,Air Force,Print & Publications,Magazine,TBD,Your full page ad will be featured in the bi-monthly JBSAtoday Magazine.,,,3000.0,6000.0,0.0,6,22220,20301,,,,Source formula errors,MasterMilitaryOnBaseList 12.2.25 NS.xlsx
TX-LAUGHLIN-001,Laughlin AFB,,TX,San Antonio,78843,Air Force,Digital,Digital Monitor Network,TBD,Your ad will appear on 21 digital monitors in approved installation facilities.,250.0,750.0,1500.0,3000.0,0.0,1,,,,,,,MasterMilitaryOnBaseList 12.2.25 NS.xlsx
TX-LAUGHLIN-002,Laughlin AFB,,TX,San Antonio,78843,Air Force,Digital,Marquee,TBD,Your ad will appear at the installation gate marquee.,75.0,225.0,450.0,900.0,0.0,1,,,,,,,MasterMilitaryOnBaseList 12.2.25 NS.xlsx
TX-LAUGHLIN-003,Laughlin AFB,,TX,San Antonio,78843,Air Force,Standard Media,Banner,3'W x 6'H,Your ad will appear at an approved installation facility.,175.0,525.0,1050.0,2100.0,200.0,1,,,,,,,MasterMilitaryOnBaseList 12.2.25 NS.xlsx
TX-LAUGHLIN-004,Laughlin AFB,,TX,San Antonio,78843,Air Force,Standard Media,Poster,TBD,Your ad will appear in an approved installation facility.,20.0,60.0,120.0,240.0,,1,,,,,,,MasterMilitaryOnBaseList 12.2.25 NS.xlsx
TX-LAUGHLIN-005,Laughlin AFB,,TX,San Antonio,78843,Air Force,Print & Publications,Bathroom Flyer,"3.5""W x 2.5""H",Your ad will appear in 42 bathrooms.,50.0,150.0,300.0,600.0,,1,,,,,,,MasterMilitaryOnBaseList 12.2.25 NS.xlsx
TX-LAUGHLIN-006,Laughlin AFB,,TX,San Antonio,78843,Air Force,Print & Publications,Newcomers Guide,"4.25""W x 5.5""H",Your ad will appear in the newcomers packet.,25.0,75.0,150.0,300.0,,1,,,,,,,MasterMilitaryOnBaseList 12.2.25 NS.xlsx
TX-LAUGHLIN-007,Laughlin AFB,,TX,San Antonio,78843,Air Force,Print & Publications,Newsletter,"5.5""W x 3""H",Your ad will appear in the monthly newsletter.,100.0,300.0,600.0,1200.0,0.0,1,,,,,,,MasterMilitaryOnBaseList 12.2.25 NS.xlsx
TX-NASJRBFO-001,NAS JRB Fort Worth,,TX,Dallas-Ft. Worth,76127,Navy,Digital,Bowling Lane Display,"120""W x 42.5""H",Your ad will appear on 5 bowling lanes.,500.0,1500.0,3000.0,6000.0,,1,4725,10500,,,,,MasterMilitaryOnBaseList 12.2.25 NS.xlsx
TX-NASJRBFO-002,NAS JRB Fort Worth,,TX,Dallas-Ft. Worth,76127,Navy,Digital,Bowling Scoring Monitors,1920pxW x 1080pxH,Your ad will appear on 10 bowling scoring monitors.,350.0,1050.0,2100.0,4200.0,0.0,1,4725,10500,,,,,MasterMilitaryOnBaseList 12.2.25 NS.xlsx
TX-NASJRBFO-003,NAS JRB Fort Worth,,TX,Dallas-Ft. Worth,76127,Navy,Digital,Bowling Sweep Arm,"48""W x 2.5""H",Your ad will appear on 10 bowling sweep arms.,200.0,600.0,1200.0,2400.0,,1,4725,10500,,,,,MasterMilitaryOnBaseList 12.2.25 NS.xlsx
TX-NASJRBFO-004,NAS JRB Fort Worth,,TX,Dallas-Ft. Worth,76127,Navy,Digital,Digital Monitor Network,1920pxW x 1080pxH,Your ad will appear on 11 digital monitors in approved installation facilities.,430.0,1290.0,2580.0,5160.0,0.0,1,4725,10500,,,,,MasterMilitaryOnBaseList 12.2.25 NS.xlsx
TX-NASJRBFO-005,NAS JRB Fort Worth,,TX,Dallas-Ft. Worth,76127,Navy,Digital,Theatre Commercial,TBD,Your ad will appear before movies.,400.0,1200.0,2400.0,4800.0,0.0,1,4725,10500,,,,,MasterMilitaryOnBaseList 12.2.25 NS.xlsx
TX-NASJRBFO-006,NAS JRB Fort Worth,,TX,Dallas-Ft. Worth,76127,Navy,Digital,Theatre Static,TBD,Your ad will appear before movies.,300.0,900.0,1800.0,3600.0,0.0,1,4725,10500,,,,,MasterMilitaryOnBaseList 12.2.25 NS.xlsx
TX-NASJRBFO-007,NAS JRB Fort Worth,,TX,Dallas-Ft. Worth,76127,Navy,Standard Media,Banner,8'W x 4'H,Your ad will appear in an approved installation facility.,250.0,750.0,1500.0,3000.0,250.0,1,4725,10500,,,,,MasterMilitaryOnBaseList 12.2.25 NS.xlsx
TX-NASJRBFO-008,NAS JRB Fort Worth,,TX,Dallas-Ft. Worth,76127,Navy,Standard Media,Poster,"24""W x 36""H",Your ad will appear at an approved installation facility.,200.0,600.0,1200.0,2400.0,150.0,1,4725,10500,,,,,MasterMilitaryOnBaseList 12.2.25 NS.xlsx
TX-NASJRBFO-009,NAS JRB Fort Worth,,TX,Dallas-Ft. Worth,76127,Navy,Standard Media,Table Tents,"4""W x 6""H",Your ad will appear on 54 approved tables.,150.0,450.0,900.0,1800.0,,1,4725,10500,,,,,MasterMilitaryOnBaseList 12.2.25 NS.xlsx
TX-NASJRBFO-010,NAS JRB Fort Worth,,TX,Dallas-Ft. Worth,76127,Navy,Large Format,Counter Wrap,Varies,Your ad will appear at an approved installation facility.,450.0,1350.0,2700.0,5400.0,,1,4725,10500,,,,,MasterMilitaryOnBaseList 12.2.25 NS.xlsx
TX-NASJRBFO-011,NAS JRB Fort Worth,,TX,Dallas-Ft. Worth,76127,Navy,Large Format,Large Banner,12'W x 6'H,Your ad will appear in an approved installation facility.,300.0,900.0,1800.0,3600.0,800.0,1,4725,10500,,,,,MasterMilitaryOnBaseList 12.2.25 NS.xlsx
TX-NASJRBFO-012,NAS JRB Fort Worth,,TX,Dallas-Ft. Worth,76127,Navy,Large Format,Large Poster,"22""W x 56""H",Your ad will appear at an approved installation facility.,350.0,1050.0,2100.0,4200.0,200.0,1,4725,10500,,,,,MasterMilitaryOnBaseList 12.2.25 NS.xlsx
TX-NASJRBFO-013,NAS JRB Fort Worth,,TX,Dallas-Ft. Worth,76127,Navy,Large Format,Vehicle Wrap,Varies,Your ad will appear on an installation vehicle.,1000.0,3000.0,6000.0,12000.0,,1,4725,10500,,,,,MasterMilitaryOnBaseList 12.2.25 NS.xlsx
TX-NASJRBFO-014,NAS JRB Fort Worth,,TX,Dallas-Ft. Worth,76127,Navy,Large Format,Wall/Window Cling,Varies,Your ad will appear at an approved installation facility.,350.0,1050.0,2100.0,4200.0,,1,4725,10500,,,,,MasterMilitaryOnBaseList 12.2.25 NS.xlsx
TX-NASJRBFO-015,NAS JRB Fort Worth,,TX,Dallas-Ft. Worth,76127,Navy,Print & Publications,Brochures,"8.5""W x 11""H",Your ad will appear in 11 approved installation facilities.,619.0,1857.0,3714.0,7428.0,,1,4725,10500,,,,,MasterMilitaryOnBaseList 12.2.25 NS.xlsx
TX-NASJRBFO-016,NAS JRB Fort Worth,,TX,Dallas-Ft. Worth,76127,Navy,Print & Publications,Newsletter,"8.5""W x 11""H",Your ad will appear in the bi-monthly news letter.,,,1200.0,2400.0,0.0,6,4725,10500,,,,Source formula errors,MasterMilitaryOnBaseList 12.2.25 NS.xlsx
TX-RANDOLPH-001,Randolph AFB,JB San Antonio,TX,San Antonio,78150,Air Force,Digital,Bowling Masking Unit,TBD,Your ad will appear at the bolwing center at one lane.,50.0,150.0,300.0,600.0,,1,2813,4802,,,,,MasterMilitaryOnBaseList 12.2.25 NS.xlsx
TX-RANDOLPH-002,Randolph AFB,JB San Antonio,TX,San Antonio,78150,Air Force,Digital,Bowling Scoring Monitor,1920pxW x 1080pxH,Your ad will appear on 24 bowling scoring monitors.,150.0,450.0,900.0,1800.0,0.0,1,2813,4802,,,,,MasterMilitaryOnBaseList 12.2.25 NS.xlsx
TX-RANDOLPH-003,Randolph AFB,JB San Antonio,TX,San Antonio,78150,Air Force,Digital,Bowling Swing Arm,TBD,Your ad will appear at the bolwing center at one lane.,50.0,150.0,300.0,600.0,,1,2813,4802,,,,,MasterMilitaryOnBaseList 12.2.25 NS.xlsx
TX-RANDOLPH-004,Randolph AFB,JB San Antonio,TX,San Antonio,78150,Air Force,Digital,Digital Kiosk Network,1080pxW x 1920pxH,Your ad will appear on 22 digital kiosks in approved installation facilities.,880.0,2640.0,5280.0,10560.0,0.0,1,2813,4802,,,,,MasterMilitaryOnBaseList 12.2.25 NS.xlsx
TX-RANDOLPH-005,Randolph AFB,JB San Antonio,TX,San Antonio,78150,Air Force,Digital,Theatre Program Ad,TBD,Your ad will appear in the Harlequin Theatre Program.,,,,1800.0,0.0,12,2813,4802,,,,Source formula errors,MasterMilitaryOnBaseList 12.2.25 NS.xlsx
TX-RANDOLPH-006,Randolph AFB,JB San Antonio,TX,San Antonio,78150,Air Force,Standard Media,Banner,4'W x 10'H,Your ad will appear at an approved installation facility.,400.0,1200.0,2400.0,4800.0,500.0,1,2813,4802,,,,,MasterMilitaryOnBaseList 12.2.25 NS.xlsx
TX-RANDOLPH-007,Randolph AFB,JB San Antonio,TX,San Antonio,78150,Air Force,Standard Media,Driving Range Sign,TBD,Your ad will appear at the golf course driving range.,150.0,450.0,900.0,1800.0,,1,2813,4802,,,,,MasterMilitaryOnBaseList 12.2.25 NS.xlsx
TX-RANDOLPH-008,Randolph AFB,JB San Antonio,TX,San Antonio,78150,Air Force,Standard Media,Poster,"22""W x 28""H",Your ad will appear at an approved installation facility.,125.0,375.0,750.0,1500.0,100.0,1,2813,4802,,,,,MasterMilitaryOnBaseList 12.2.25 NS.xlsx
TX-RANDOLPH-009,Randolph AFB,JB San Antonio,TX,San Antonio,78150,Air Force,Standard Media,Tee Market Sign,TBD,Your ad will appear at a golf course tee box.,50.0,150.0,300.0,600.0,,1,2813,4802,,,,,MasterMilitaryOnBaseList 12.2.25 NS.xlsx
TX-RANDOLPH-010,Randolph AFB,JB San Antonio,TX,San Antonio,78150,Air Force,Standard Media,Vertical Banner,TBD,Your ad will appear at an approved installation facility.,125.0,375.0,750.0,1500.0,,1,2813,4802,,,,,MasterMilitaryOnBaseList 12.2.25 NS.xlsx
TX-RANDOLPH-011,Randolph AFB,JB San Antonio,TX,San Antonio,78150,Air Force,Large Format,Floor Clings,"45"" Diameter",Your ad will appear at an approved installation facility.,300.0,900.0,1800.0,3600.0,,1,2813,4802,,,,,MasterMilitaryOnBaseList 12.2.25 NS.xlsx
TX-RANDOLPH-012,Randolph AFB,JB San Antonio,TX,San Antonio,78150,Air Force,Large Format,Table Top Clings,"30"" Diameter",Your ad will appear on up to 5 approved tables.,300.0,900.0,1800.0,3600.0,,1,2813,4802,,,,,MasterMilitaryOnBaseList 12.2.25 NS.xlsx
TX-RANDOLPH-013,Randolph AFB,JB San Antonio,TX,San Antonio,78150,Air Force,Large Format,Window Clings,4'W x 10'H,Your ad will appear at an approved installation facility.,400.0,1200.0,2400.0,4800.0,,1,2813,4802,,,,,MasterMilitaryOnBaseList 12.2.25 NS.xlsx
TX-RANDOLPH-014,Randolph AFB,JB San Antonio,TX,San Antonio,78150,Air Force,Print & Publications,Magazine,TBD,Your full page ad will appear in the bi-monthly JBSAtoday Magazine.,,,3000.0,6000.0,0.0,6,2813,4802,,,,Source formula errors,MasterMilitaryOnBaseList 12.2.25 NS.xlsx
TX-SHEPPARD-001,Sheppard AFB,,TX,Wichita Falls & Lawton,76311,Air Force,Digital,Bowling Scoring Monitors,1920pxW x 1080pxH,Your ad will appear on 32 digital bowling scoring monitors.,750.0,2250.0,7506.0,9000.0,0.0,1,,,,,,Source formula errors,MasterMilitaryOnBaseList 12.2.25 NS.xlsx
TX-SHEPPARD-002,Sheppard AFB,,TX,Wichita Falls & Lawton,76311,Air Force,Digital,Digital Posters,1920pxW x 1080pxH,Your ad will appear in an approved installation facility.,150.0,450.0,900.0,1000.0,0.0,1,,,,,,,MasterMilitaryOnBaseList 12.2.25 NS.xlsx
TX-SHEPPARD-003,Sheppard AFB,,TX,Wichita Falls & Lawton,76311,Air Force,Standard Media,Banners,6'W x 3'H,Your ad will appear in an approved installation facility.,350.0,1050.0,2100.0,4200.0,200.0,1,,,,,,,MasterMilitaryOnBaseList 12.2.25 NS.xlsx
TX-SHEPPARD-004,Sheppard AFB,,TX,Wichita Falls & Lawton,76311,Air Force,Standard Media,Posters,"22""W x 28""H",Your ad will appear in an approved installation facility.,200.0,600.0,1200.0,2400.0,100.0,1,,,,,,,MasterMilitaryOnBaseList 12.2.25 NS.xlsx
UT-CAMPWILL-001,Camp Williams,Utah National Guard,UT,Salt Lake City,84045,National Guard,Digital,Digital Monitor Network,1920pxW x 1080pxH,Your ad will appear on 3 screens in approved installation facilities.,100.0,300.0,350.0,900.0,0.0,1,,,,,,,MasterMilitaryOnBaseList 12.2.25 NS.xlsx
UT-CAMPWILL-002,Camp Williams,Utah National Guard,UT,Salt Lake City,84045,National Guard,Print & Publications,Newsletter,"8""W x 10""H",Your ad will appear in the monthly installation newsletter.,150.0,450.0,900.0,300.0,0.0,1,,,,,,,MasterMilitaryOnBaseList 12.2.25 NS.xlsx
UT-HILLAFB-001,Hill AFB,,UT,Salt Lake City,84056,Air Force,Digital,Bowling Scoring Monitors,1920pxW x 1080pxH,Your ad will appear on 20 bowling scoring monitors.,,300.0,600.0,1000.0,0.0,3,26000,,,,,Source formula errors,MasterMilitaryOnBaseList 12.2.25 NS.xlsx
UT-HILLAFB-002,Hill AFB,,UT,Salt Lake City,84056,Air Force,Digital,Digital Monitor Network,1920pxW x 1080pxH,Your ad will appear on 14 monitors in approved installation facilities.,,450.0,900.0,1500.0,0.0,3,26000,,,,,Source formula errors,MasterMilitaryOnBaseList 12.2.25 NS.xlsx
UT-HILLAFB-003,Hill AFB,,UT,Salt Lake City,84056,Air Force,Digital,Library Screensaver,1920pxW x 1080pxH,Your ad will appear on 20 monitors as a computer screenscaver in the library.,,300.0,600.0,1000.0,0.0,3,26000,,,,,Source formula errors,MasterMilitaryOnBaseList 12.2.25 NS.xlsx
UT-HILLAFB-004,Hill AFB,,UT,Salt Lake City,84056,Air Force,Standard Media,Banners,4'W x 8'H,Your ad will appear in an approved installation facility.,,,900.0,1500.0,300.0,6,26000,,,,,Source formula errors,MasterMilitaryOnBaseList 12.2.25 NS.xlsx
UT-HILLAFB-005,Hill AFB,,UT,Salt Lake City,84056,Air Force,Standard Media,Golf Tee Box Marker,"12""W x 12""H",Your ad will appear on a golf course tee box.,,,,200.0,,12,26000,,,,,Source formula errors,MasterMilitaryOnBaseList 12.2.25 NS.xlsx
UT-HILLAFB-006,Hill AFB,,UT,Salt Lake City,84056,Air Force,Standard Media,Outdoor Banners,4'W x 8'H,Your ad will appear at an approved installation facility.,,,900.0,1500.0,300.0,6,26000,,,,,Source formula errors,MasterMilitaryOnBaseList 12.2.25 NS.xlsx
UT-HILLAFB-007,Hill AFB,,UT,Salt Lake City,84056,Air Force,Standard Media,Vertical Banner,TBD,Your ad will appear in an approved installation facility.,,,900.0,1500.0,300.0,6,26000,,,,,Source formula errors,MasterMilitaryOnBaseList 12.2.25 NS.xlsx
UT-HILLAFB-008,Hill AFB,,UT,Salt Lake City,84056,Air Force,Large Format,Wall Cling,TBD,Your ad will appear at the fitness center.,,,,2000.0,,12,26000,,,,,Source formula errors,MasterMilitaryOnBaseList 12.2.25 NS.xlsx
UT-HILLAFB-009,Hill AFB,,UT,Salt Lake City,84056,Air Force,Print & Publications,Flyers,"8.5""W x 11""H",Your ad will appear in an approved installation facility.,25.0,75.0,150.0,300.0,,1,26000,,,,,,MasterMilitaryOnBaseList 12.2.25 NS.xlsx
UT-HILLAFB-010,Hill AFB,,UT,Salt Lake City,84056,Air Force,Print & Publications,Golf Score Card,TBD,Your ad will appear on the golf course score card and pencil set.,,,,2000.0,0.0,12,26000,,,,,Source formula errors,MasterMilitaryOnBaseList 12.2.25 NS.xlsx
VA-CAMPELMO-001,Camp Elmore,,VA,Norfolk-Portsmth-Newpt Nws,23515,Marine Corps,Digital,Digital Display Network,1920pxw x 1080pxh; 1080pxw x 1920pxh,Package of 1 digital monitor and 5 vertical digital displays.,250.0,750.0,1500.0,3000.0,0.0,1,,,2025,,,,MasterMilitaryOnBaseList 12.2.25 NS.xlsx
VA-FORTBELV-001,Fort Belvoir,,VA,"Washington, DC (Hagrstwn)",22060,Army,Digital,Bowling Scoring Monitors,1920pxW x 1080pxH,Your ad will appear on 24 digital bowling scoring monitors.,400.0,1200.0,2400.0,4800.0,0.0,1,4614,8875,,,,,MasterMilitaryOnBaseList 12.2.25 NS.xlsx
VA-FORTBELV-002,Fort Belvoir,,VA,"Washington, DC (Hagrstwn)",22060,Army,Digital,Digital Monitor Network,1500pxW x 844pxH,Your ad will appear on 19 digital monitors in approved installation facilities.,600.0,1800.0,3600.0,7200.0,0.0,1,4614,8875,,,,,MasterMilitaryOnBaseList 12.2.25 NS.xlsx
VA-FORTBELV-003,Fort Belvoir,,VA,"Washington, DC (Hagrstwn)",22060,Army,Standard Media,Banners,6'W x 3'H,Your ad will appear at or in an approved installation facility.,250.0,750.0,1500.0,3000.0,200.0,1,4614,8875,,,,,MasterMilitaryOnBaseList 12.2.25 NS.xlsx
VA-FORTBELV-004,Fort Belvoir,,VA,"Washington, DC (Hagrstwn)",22060,Army,Standard Media,Posters,2'W x 3'H,Your ad will appear in an approved installation facility.,150.0,450.0,900.0,1800.0,100.0,1,4614,8875,,,,,MasterMilitaryOnBaseList 12.2.25 NS.xlsx
VA-FORTBELV-005,Fort Belvoir,,VA,"Washington, DC (Hagrstwn)",22060,Army,Standard Media,Vertical Banner,"33""W x 78""H",Your ad will appear in an approved installation facility.,200.0,600.0,1200.0,2400.0,200.0,1,4614,8875,,,,,MasterMilitaryOnBaseList 12.2.25 NS.xlsx
VA-FORTBELV-006,Fort Belvoir,,VA,"Washington, DC (Hagrstwn)",22060,Army,Large Format,Large Banners,20'W x 7'H,Your ad will appear at an approved installation facility.,,1500.0,3000.0,6000.0,1500.0,3,4614,8875,,,,Source formula errors,MasterMilitaryOnBaseList 12.2.25 NS.xlsx
VA-FORTBELV-007,Fort Belvoir,,VA,"Washington, DC (Hagrstwn)",22060,Army,Print & Publications,Golf Scorecard,"4""w x 6""H",Your ad will appear on the golf course scorecard.,100.0,300.0,350.0,900.0,0.0,1,4614,8875,,,,,MasterMilitaryOnBaseList 12.2.25 NS.xlsx
VA-FORTEUST-001,Fort Eustis,,VA,Norfolk-Portsmth-Newpt Nws,23604,Army,Digital,Digital Monitor Network,1920pxW x 1080pxH,Your ad will appear on 13 digital monitors in approved installation facilities and 24 digital bowling scoring monitors.,300.0,810.0,1440.0,2700.0,0.0,1,5645,8490,,,,,MasterMilitaryOnBaseList 12.2.25 NS.xlsx
VA-FORTEUST-002,Fort Eustis,,VA,Norfolk-Portsmth-Newpt Nws,23604,Army,Standard Media,Banners - Outdoor,6'W x 3'H,Your ad will appear at an approved installation facility.,300.0,550.0,1025.0,1900.0,200.0,1,5645,8490,,,,,MasterMilitaryOnBaseList 12.2.25 NS.xlsx
VA-FORTEUST-003,Fort Eustis,,VA,Norfolk-Portsmth-Newpt Nws,23604,Army,Standard Media,Indoor Banner,"6""W x 3""H",Your ad will appear at an approved installation facility.,300.0,810.0,1440.0,2700.0,200.0,1,5645,8490,,,,,MasterMilitaryOnBaseList 12.2.25 NS.xlsx
VA-FORTEUST-004,Fort Eustis,,VA,Norfolk-Portsmth-Newpt Nws,23604,Army,Standard Media,Posters,"22""W x 28""H",Your ad will appear at an approved installation facility.,150.0,400.0,700.0,1300.0,100.0,1,5645,8490,,,,,MasterMilitaryOnBaseList 12.2.25 NS.xlsx
VA-FORTEUST-005,Fort Eustis,,VA,Norfolk-Portsmth-Newpt Nws,23604,Army,Standard Media,Table Tents,TBD,Your ad will appear on 20 tables.,235.0,610.0,1085.0,2025.0,,1,5645,8490,,,,,MasterMilitaryOnBaseList 12.2.25 NS.xlsx
VA-FORTEUST-006,Fort Eustis,,VA,Norfolk-Portsmth-Newpt Nws,23604,Army,Standard Media,Vertical Indoor Banner,2'W x 6'H,Your ad will appear at an approved installation facility.,340.0,920.0,1635.0,3060.0,200.0,1,5645,8490,,,,,MasterMilitaryOnBaseList 12.2.25 NS.xlsx
VA-FORTEUST-007,Fort Eustis,,VA,Norfolk-Portsmth-Newpt Nws,23604,Army,Large Format,Banners - Installation Gate,6'W x 3'H,Your ad will appear at an approved installation facility.,,650.0,1125.0,2000.0,200.0,3,5645,8490,,,,Source formula errors,MasterMilitaryOnBaseList 12.2.25 NS.xlsx
VA-FORTEUST-008,Fort Eustis,,VA,Norfolk-Portsmth-Newpt Nws,23604,Army,Large Format,Counter Wrap,TBD,Your ad will appear at an approved installation facility.,,,3360.0,6300.0,,6,5645,8490,,,,Source formula errors,MasterMilitaryOnBaseList 12.2.25 NS.xlsx
VA-FORTEUST-009,Fort Eustis,,VA,Norfolk-Portsmth-Newpt Nws,23604,Army,Large Format,Indoor Banner - Large,12'W x 4'H,Your ad will appear at an approved installation facility.,,1225.0,2200.0,3600.0,,3,5645,8490,,,,Source formula errors,MasterMilitaryOnBaseList 12.2.25 NS.xlsx
VA-FORTEUST-010,Fort Eustis,,VA,Norfolk-Portsmth-Newpt Nws,23604,Army,Large Format,Large Banners - Installation Gate,8'W x 4'H,Your ad will appear at an approved installation facility.,,1325.0,2300.0,3700.0,350.0,3,5645,8490,,,,Source formula errors,MasterMilitaryOnBaseList 12.2.25 NS.xlsx
VA-FORTEUST-011,Fort Eustis,,VA,Norfolk-Portsmth-Newpt Nws,23604,Army,Large Format,Large Banners - Outdoor,8'W x 4'H,Your ad will appear at an approved installation facility.,600.0,1225.0,2200.0,3600.0,350.0,1,5645,8490,,,,,MasterMilitaryOnBaseList 12.2.25 NS.xlsx
VA-FORTEUST-012,Fort Eustis,,VA,Norfolk-Portsmth-Newpt Nws,23604,Army,Large Format,Window Decal,TBD,Your ad will appear at an approved installation facility.,75.0,175.0,375.0,850.0,,1,5645,8490,,,,,MasterMilitaryOnBaseList 12.2.25 NS.xlsx
VA-FORTEUST-013,Fort Eustis,,VA,Norfolk-Portsmth-Newpt Nws,23604,Army,Large Format,Windowscape,"6""W x 18""H",Your ad will appear at an approved installation facility.,,,1900.0,3700.0,,6,5645,8490,,,,Source formula errors,MasterMilitaryOnBaseList 12.2.25 NS.xlsx
VA-FORTEUST-014,Fort Eustis,,VA,Norfolk-Portsmth-Newpt Nws,23604,Army,Print & Publications,Golf Scorecard Signage,"3""W x 4""H",Your ad will appear in large format inside the top right of all golf scorecards.,,,,1100.0,0.0,12,5645,8490,,,,Source formula errors,MasterMilitaryOnBaseList 12.2.25 NS.xlsx
VA-FORTEUST-015,Fort Eustis,,VA,Norfolk-Portsmth-Newpt Nws,23604,Army,Print & Publications,Newsletter,"5.5""W x 8.5H",Your ad will appear in the bi-monthly newsletter that is published in paper Fort Eustis wide and online.,,,330.0,660.0,0.0,6,5645,8490,,,,Source formula errors,MasterMilitaryOnBaseList 12.2.25 NS.xlsx
VA-FORTGREG-001,Fort Gregg-Adams,Fort Lee,VA,Richmond-Petersburg,23801,Army,Digital,Digital Billboards,TBD,Your ad will appear on 3 digital billboards at installation gates.,1000.0,3000.0,6000.0,12000.0,0.0,1,8469,9316,,,,,MasterMilitaryOnBaseList 12.2.25 NS.xlsx
VA-FORTGREG-002,Fort Gregg-Adams,Fort Lee,VA,Richmond-Petersburg,23801,Army,Digital,Digital Monitor Network,TBD,Your ad will appear on 40 monitors in approved installation facilities.,500.0,1500.0,3000.0,6000.0,0.0,1,8469,9316,,,,,MasterMilitaryOnBaseList 12.2.25 NS.xlsx
VA-FORTGREG-003,Fort Gregg-Adams,Fort Lee,VA,Richmond-Petersburg,23801,Army,Standard Media,Banner,TBD,Your ad will appear at an approved installation facility.,,,,,,,8469,9316,,,,No price on file - inquire; Source formula errors,MasterMilitaryOnBaseList 12.2.25 NS.xlsx
VA-FORTGREG-004,Fort Gregg-Adams,Fort Lee,VA,Richmond-Petersburg,23801,Army,Standard Media,Poster,TBD,Your ad will appear at an approved installation facility.,300.0,900.0,1800.0,3600.0,100.0,1,8469,9316,,,,,MasterMilitaryOnBaseList 12.2.25 NS.xlsx
VA-FORTGREG-005,Fort Gregg-Adams,Fort Lee,VA,Richmond-Petersburg,23801,Army,Print & Publications,Newcomers Guide,TBD,Your ad will appear in the quarterly newcomers guide.,,1500.0,3000.0,6000.0,,3,8469,9316,,,,Source formula errors,MasterMilitaryOnBaseList 12.2.25 NS.xlsx
VA-YORKTOWN-001,Yorktown Navy Weapon Station,WPNSTA Yorktown,VA,Norfolk-Portsmth-Newpt Nws,23691,Navy,Standard Media,Banner,"8' x 4' (vinyl, no hems or grommets)",Your ad will appear at or in an approved installation facility.,,,,,,,1311,1405,,,,No price on file - inquire,MasterMilitaryOnBaseList 12.2.25 NS.xlsx
WA-JBLM-001,JBLM,Joint Base Lewis-McChord / Fort Lewis,WA,Seattle-Tacoma,98438,Air Force / Army,Print & Publications,Magazine,"5.5""W x 8.25""H",Your full page ad will appear in a single edition of EXPLORE JBLM distributed in approved installation facilities.,840.0,,,,0.0,1,29453,39953,,,,Source formula errors,MasterMilitaryOnBaseList 12.2.25 NS.xlsx
WA-JBLMMCCH-001,JBLM - McChord AFB,Joint Base Lewis-McChord,WA,Seattle-Tacoma,98438,Air Force,Digital,Bowling Scoring Monitors,1920pxW x 1080pxH,Your ad will appear on digital bowling scoring monitors.,302.0,813.0,1535.0,2900.0,0.0,1,29453,39953,,,,,MasterMilitaryOnBaseList 12.2.25 NS.xlsx
WA-JBLMMCCH-002,JBLM - McChord AFB,Joint Base Lewis-McChord,WA,Seattle-Tacoma,98438,Air Force,Digital,Digital Monitor Network,1920pxW x 1080pxH,Your ad will appear on 60 digital monitors in approved installation facilities.,810.0,2188.0,4132.0,7779.0,0.0,1,29453,39953,,,,,MasterMilitaryOnBaseList 12.2.25 NS.xlsx
WA-JBLMMCCH-003,JBLM - McChord AFB,Joint Base Lewis-McChord,WA,Seattle-Tacoma,98438,Air Force,Digital,Marquee,160pxW x 64pxH and 288pxW x 115pxH,Your ad will rotate on 6 roadside digital marquees.,827.0,2232.0,4464.0,8928.0,0.0,1,29453,39953,,,,,MasterMilitaryOnBaseList 12.2.25 NS.xlsx
WA-JBLMMCCH-004,JBLM - McChord AFB,Joint Base Lewis-McChord,WA,Seattle-Tacoma,98438,Air Force,Standard Media,Banners,2'W x 6'H,Your ad will appear in an approved installation facility.,868.0,2343.0,4427.0,8334.0,200.0,1,29453,39953,,,,,MasterMilitaryOnBaseList 12.2.25 NS.xlsx
WA-JBLMMCCH-005,JBLM - McChord AFB,Joint Base Lewis-McChord,WA,Seattle-Tacoma,98438,Air Force,Standard Media,Colg Court Cart / Tee Market,Varies,Your ad will appear at both installation golf courses.,,,,6367.0,,12,29453,39953,,,,Source formula errors,MasterMilitaryOnBaseList 12.2.25 NS.xlsx
WA-JBLMMCCH-006,JBLM - McChord AFB,Joint Base Lewis-McChord,WA,Seattle-Tacoma,98438,Air Force,Standard Media,Posters,"22""W x 28""H",Your ad will appear in an approved installation facility.,348.0,938.0,1771.0,3277.0,100.0,1,29453,39953,,,,,MasterMilitaryOnBaseList 12.2.25 NS.xlsx
WA-JBLMMCCH-007,JBLM - McChord AFB,Joint Base Lewis-McChord,WA,Seattle-Tacoma,98438,Air Force,Large Format,Fence Banner,10'W x 4'H,Your ad will appear at an approved installation facility.,1934.0,3479.0,5800.0,8351.0,500.0,1,29453,39953,,,,,MasterMilitaryOnBaseList 12.2.25 NS.xlsx
WA-JBLMMCCH-008,JBLM - McChord AFB,Joint Base Lewis-McChord,WA,Seattle-Tacoma,98438,Air Force,Large Format,Large Fence Banner,20'W x 4'H,Your ad will appear at an approved installation facility.,2280.0,4104.0,6841.0,9881.0,1000.0,1,29453,39953,,,,,MasterMilitaryOnBaseList 12.2.25 NS.xlsx
WA-JBLMMCCH-009,JBLM - McChord AFB,Joint Base Lewis-McChord,WA,Seattle-Tacoma,98438,Air Force,Large Format,Window / Counter Wrap,Varies,Your ad will appear on the counter or window of an approved installation facility.,,,6251.0,10419.0,,6,29453,39953,,,,Source formula errors,MasterMilitaryOnBaseList 12.2.25 NS.xlsx
WA-JBLMMCCH-010,JBLM - McChord AFB,Joint Base Lewis-McChord,WA,Seattle-Tacoma,98438,Air Force,Print & Publications,Newsletter,300pxW x 250pxH,Your ad will appearin the installation newsletter.,300.0,750.0,1200.0,2000.0,0.0,1,29453,39953,,,,,MasterMilitaryOnBaseList 12.2.25 NS.xlsx
WA-JBLMMCCH-011,JBLM - McChord AFB,Joint Base Lewis-McChord,WA,Seattle-Tacoma,98438,Air Force,Sponsorship & Other,Computer Background,1920pxW x 1080pxH,Your ad will appear as the computer background.,,,,3307.0,0.0,12,29453,39953,,,,Source formula errors,MasterMilitaryOnBaseList 12.2.25 NS.xlsx
WA-NAVALSTA-001,Naval Station Everett,,WA,Seattle-Tacoma,98207,Navy,Digital,Digital Monitor Network,TBD,Your ad will appear on the digital monitor network in approved installation facilities.,700.0,1800.0,3600.0,7200.0,0.0,1,2576,2846,,,,,MasterMilitaryOnBaseList 12.2.25 NS.xlsx
WA-NAVALSTA-002,Naval Station Everett,,WA,Seattle-Tacoma,98207,Navy,Standard Media,Banners,TBD,Your ad will appear in an approved installation facility.,400.0,1200.0,2400.0,4800.0,,1,2576,2846,,,,,MasterMilitaryOnBaseList 12.2.25 NS.xlsx
WA-NAVALSTA-003,Naval Station Everett,,WA,Seattle-Tacoma,98207,Navy,Standard Media,Posters,"22""W x 28""H",Your ad will appear in an approved installation facility.,300.0,900.0,1800.0,3600.0,100.0,1,2576,2846,,,,,MasterMilitaryOnBaseList 12.2.25 NS.xlsx
WI-FORTMCCO-001,Fort McCoy,,WI,La Crosse-Eau Claire,54656,Army,Digital,Bowling Scoring Monitors,521pxW x 286pxH,Your ad will appear on 8 bowling center digital scoring monitors.,,250.0,500.0,1000.0,0.0,3,,,,,,Source formula errors,MasterMilitaryOnBaseList 12.2.25 NS.xlsx
WI-FORTMCCO-002,Fort McCoy,,WI,La Crosse-Eau Claire,54656,Army,Digital,Digital Monitor Network,1500pxW x 844pxH,Your ad will appear on digital monitors in approved installation facilities.,,500.0,900.0,1500.0,0.0,3,,,,,,Source formula errors,MasterMilitaryOnBaseList 12.2.25 NS.xlsx
WI-FORTMCCO-003,Fort McCoy,,WI,La Crosse-Eau Claire,54656,Army,Digital,Outdoor Marquee,Varies,Your ad will appear on 3 outdoor digital marquees.,,1250.0,2500.0,5000.0,0.0,3,,,,,,Source formula errors,MasterMilitaryOnBaseList 12.2.25 NS.xlsx
WI-FORTMCCO-004,Fort McCoy,,WI,La Crosse-Eau Claire,54656,Army,Standard Media,Banners,TBD,Your ad will appear at approved installation facilities.,,,500.0,1000.0,,6,,,,,,Source formula errors,MasterMilitaryOnBaseList 12.2.25 NS.xlsx
WI-FORTMCCO-005,Fort McCoy,,WI,La Crosse-Eau Claire,54656,Army,Print & Publications,Flyer/Brochure,TBD,Your ad will appear in approved installation facilities.,,,400.0,600.0,,6,,,,,,Source formula errors,MasterMilitaryOnBaseList 12.2.25 NS.xlsx
WI-FORTMCCO-006,Fort McCoy,,WI,La Crosse-Eau Claire,54656,Army,Print & Publications,Newsletter,400pxW x 1250pxH,Your ad will appear in the bi-weekly e-newsletter.,400.0,1200.0,2400.0,4800.0,0.0,1,,,,,,,MasterMilitaryOnBaseList 12.2.25 NS.xlsx
